,acc_overall,training_probe time,inference time,training_probe flops,inference flops
0,0.5227999687194824,0.0018696784973144531,0.0003705024719238281,51210240,122980000
