,acc_overall,training_probe time,inference time,training_probe flops,inference flops
0,0.494299978017807,0.0012738704681396484,0.0003192424774169922,12502500,30100000
