,acc_overall,training_probe time,inference time,training_probe flops,inference flops
0,0.523099958896637,0.0012743473052978516,0.0003108978271484375,12502500,30100000
