,acc_overall,training_probe time,inference time,training_probe flops,inference flops
0,0.012,290.4068720340729,38.8612494468689,5420.159249066666,33554.432
