,acc_overall,training_probe time,inference time,training_probe flops,inference flops
0,0.0124,254.90540075302124,33.04951047897339,5420.159249066666,33554.432
