,acc_overall,training_probe time,inference time,training_probe flops,inference flops
0,0.9066,1.1504075527191162,0.04414558410644531,0.9921181013333333,3.2768
