,acc_overall,training_probe time,inference time,training_probe flops,inference flops
0,0.9372,6.4896605014801025,0.01722240447998047,15.848838485333333,52.4288
