,acc_overall,training_probe time,inference time,training_probe flops,inference flops
0,0.9546,54.6214017868042,0.08451485633850098,257.5077430613334,838.8608
