,acc_overall,training_probe time,inference time,training_probe flops,inference flops
0,0.9422,52.75583028793335,0.0818185806274414,257.5077430613334,838.8608
