,acc_overall,training_probe time,inference time,training_probe flops,inference flops
0,0.7421999573707581,0.0012717247009277344,0.0003266334533691406,12502500,30100000
