,acc_overall,training_probe time,inference time,training_probe flops,inference flops
0,0.7304999828338623,0.0013022422790527344,0.00036907196044921875,12502500,30100000
