,acc_overall,training_probe time,inference time,training_probe flops,inference flops
0,0.70660001039505,0.0012578964233398438,0.00034117698669433594,12502500,30100000
