,acc_overall,training_probe time,inference time,training_probe flops,inference flops
0,0.6559999585151672,0.001873016357421875,0.00035762786865234375,51210240,122980000
