,acc_overall,training_probe time,inference time,training_probe flops,inference flops
0,0.4007,53.74518132209778,14.629861116409302,0.20275200000000004,154.2078
