,acc_overall,training_probe time,inference time,training_probe flops,inference flops
0,0.0136,4.203356504440308,0.02365565299987793,6.590384810666667,262.144
