,acc_overall,training_probe time,inference time,training_probe flops,inference flops
0,0.0097,229.9324448108673,0.2308177947998047,1723.9441844906667,67108.864
