,acc_overall,training_probe time,inference time,training_probe flops,inference flops
0,0.0099,242.23248934745789,0.2956562042236328,1723.9441844906667,67108.864
