,acc_overall,training_probe time,inference time,training_probe flops,inference flops
0,0.378,313.92519640922546,0.3920013904571533,884.8785844906666,33554.432
