,acc_overall,training_probe time,inference time,training_probe flops,inference flops
0,0.361,252.89889669418335,0.4163944721221924,884.8785844906666,33554.432
