,acc_overall,training_probe time,inference time,training_probe flops,inference flops
0,0.3393,7.874253273010254,0.04420924186706543,3.3007848106666664,131.072
