,acc_overall,training_probe time,inference time,training_probe flops,inference flops
0,0.9657,128.81572580337524,1.6644763946533203,308.9244706133333,838.8608
