,acc_overall,training_probe time,inference time,training_probe flops,inference flops
0,0.9559,1.5245048999786377,0.11230134963989258,0.9970210133333333,3.2768
