,acc_overall,training_probe time,inference time,training_probe flops,inference flops
0,0.7134,9.642972469329834,0.3385782241821289,16.623424853333333,52.4288
