,acc_overall,training_probe time,inference time,training_probe flops,inference flops
0,0.9619,131.26468801498413,1.725484848022461,308.9244706133333,838.8608
