,acc_overall,training_probe time,inference time,training_probe flops,inference flops
0,0.0462,7.156250238418579,0.026758193969726562,6.590384810666667,262.144
