,acc_overall,training_probe time,inference time,training_probe flops,inference flops
0,0.0313,491.46545124053955,0.4231078624725342,1723.9441844906667,67108.864
