,acc_overall,training_probe time,inference time,training_probe flops,inference flops
0,0.0316,546.2785604000092,0.5363588333129883,1723.9441844906667,67108.864
