,acc_overall,training_probe time,inference time,training_probe flops,inference flops
0,0.1675,45.54574942588806,8.665053129196167,0.025344000000000005,3.0992
