,acc_overall,training_probe time,inference time,training_probe flops,inference flops
0,0.2615,33.97461938858032,6.161314964294434,0.10137600000000002,47.55528
