,acc_overall,training_probe time,inference time,training_probe flops,inference flops
0,0.3806,114.43128991127014,10.752877712249756,0.4055040000000001,676.049
