,acc_overall,training_probe time,inference time,training_probe flops,inference flops
0,0.9908,2.0263659954071045,0.012281179428100586,3.7754166666666666,12.5
