,acc_overall,training_probe time,inference time,training_probe flops,inference flops
0,0.9924,2.1493186950683594,0.012815713882446289,3.7754166666666666,12.5
