,acc_overall,training_probe time,inference time,training_probe flops,inference flops
0,0.9407,1.9871981143951416,0.02492976188659668,3.7754166666666666,12.5
