,acc_overall,training_probe time,inference time,training_probe flops,inference flops
0,0.7423,2.4937665462493896,0.009790420532226562,3.7754166666666666,12.5
