,acc_overall,training_probe time,inference time,training_probe flops,inference flops
0,0.9113,2.7056615352630615,0.020053863525390625,3.7754166666666666,12.5
