,acc_overall,training_probe time,inference time,training_probe flops,inference flops
0,0.9688999652862549,0.005880832672119141,0.0006840229034423828,122900480,245860000
