,acc_overall,training_probe time,inference time,training_probe flops,inference flops
0,0.9176999926567078,0.0017414093017578125,0.0003821849822998047,30725120,61540000
