,acc_overall,training_probe time,inference time,training_probe flops,inference flops
0,0.9528999924659729,0.0029435157775878906,0.0005691051483154297,122900480,245860000
