,acc_overall,training_probe time,inference time,training_probe flops,inference flops
0,0.1178,5823.398316144943,26.096576690673828,1.6220160000000003,2739.67692
