,acc_overall,training_probe time,inference time,training_probe flops,inference flops
0,0.0628,65.94320392608643,12.132872343063354,0.10137600000000002,11.01144
