,acc_overall,training_probe time,inference time,training_probe flops,inference flops
0,0.1209,6137.593002796173,19.544971466064453,1.6220160000000003,770.91576
