,acc_overall,training_probe time,inference time,training_probe flops,inference flops
0,0.3733,9.45807933807373,0.048686981201171875,3.3007848106666664,131.072
