,acc_overall,training_probe time,inference time,training_probe flops,inference flops
0,0.4059,328.2950475215912,0.30251264572143555,884.8785844906666,33554.432
