,acc_overall,training_probe time,inference time,training_probe flops,inference flops
0,0.4157,341.31926798820496,0.32942771911621094,884.8785844906666,33554.432
