,acc_overall,training_probe time,inference time,training_probe flops,inference flops
0,0.7541999816894531,0.00125885009765625,0.0003285408020019531,12502500,30100000
