,acc_overall,training_probe time,inference time,training_probe flops,inference flops
0,0.6624000072479248,0.0052263736724853516,0.0004849433898925781,51210240,122980000
