,acc_overall,training_probe time,inference time,training_probe flops,inference flops
0,0.7191999554634094,0.0012516975402832031,0.0003254413604736328,12502500,30100000
