,acc_overall,training_probe time,inference time,training_probe flops,inference flops
0,0.736299991607666,0.001264333724975586,0.00032401084899902344,12502500,30100000
