,acc_overall,training_probe time,inference time,training_probe flops,inference flops
0,0.29269999265670776,0.012026548385620117,0.0012993812561035156,205209600,4178920000
