,acc_overall,training_probe time,inference time,training_probe flops,inference flops
0,0.2922999858856201,0.012255430221557617,0.0013153553009033203,205209600,4178920000
