,acc_overall,training_probe time,inference time,training_probe flops,inference flops
0,0.2703000009059906,0.008803844451904297,0.0003268718719482422,12825600,262120000
