,acc_overall,training_probe time,inference time,training_probe flops,inference flops
0,0.0488,278.33199071884155,0.30120301246643066,884.8785844906666,33554.432
