,acc_overall,training_probe time,inference time,training_probe flops,inference flops
0,0.0651,9.059030532836914,0.04045224189758301,3.3007848106666664,131.072
