,acc_overall,training_probe time,inference time,training_probe flops,inference flops
0,0.047,307.8922233581543,0.53981614112854,884.8785844906666,33554.432
