,acc_overall,training_probe time,inference time,training_probe flops,inference flops
0,0.4106,38.445268392562866,0.8895933628082275,59.58707882666667,209.7152
