,acc_overall,training_probe time,inference time,training_probe flops,inference flops
0,0.2055,1.8836579322814941,0.13468694686889648,3.229166666666667,12.5
