,acc_overall,training_probe time,inference time,training_probe flops,inference flops
0,0.3529,24.466132879257202,0.7220625877380371,59.58707882666667,209.7152
