,acc_overall,training_probe time,inference time,training_probe flops,inference flops
0,0.3804,27.446519374847412,0.731400728225708,59.58707882666667,209.7152
