,acc_overall,training_probe time,inference time,training_probe flops,inference flops
0,0.3318,3.7948379516601562,0.21441864967346191,3.229166666666667,12.5
