,acc_overall,training_probe time,inference time,training_probe flops,inference flops
0,0.2935999929904938,0.011285543441772461,0.0015060901641845703,205209600,4178920000
