,acc_overall,training_probe time,inference time,training_probe flops,inference flops
0,0.2928999960422516,0.011287212371826172,0.0012843608856201172,205209600,4178920000
