,acc_overall,training_probe time,inference time,training_probe flops,inference flops
0,0.27160000801086426,0.014447689056396484,0.0005068778991699219,12825600,262120000
