,acc_overall,training_probe time,inference time,training_probe flops,inference flops
0,0.2835,184.9847366809845,7.657527446746826,0.6082560000000001,351.11228
