,acc_overall,training_probe time,inference time,training_probe flops,inference flops
0,0.4012,40.99996042251587,10.306655168533325,0.10137599999999998,45.53012
