,acc_overall,training_probe time,inference time,training_probe flops,inference flops
0,0.5015,94.46214509010315,10.208468675613403,0.4055039999999999,613.319
