,acc_overall,training_probe time,inference time,training_probe flops,inference flops
0,0.5039,105.63226294517517,15.782798051834106,0.4055039999999999,380.849
