,acc_overall,training_probe time,inference time,training_probe flops,inference flops
0,0.2423,28.591665029525757,5.235738277435303,0.025343999999999995,3.0576
