,acc_overall,training_probe time,inference time,training_probe flops,inference flops
0,0.8321,60.947813987731934,15.37309193611145,0.18627839999999998,25.35636
