,acc_overall,training_probe time,inference time,training_probe flops,inference flops
0,0.962,69.82970762252808,10.902395725250244,0.13685760000000002,43.09568
