,acc_overall,training_probe time,inference time,training_probe flops,inference flops
0,0.7326,51.58036732673645,12.00449013710022,0.030412800000000004,2.4544
