,acc_overall,training_probe time,inference time,training_probe flops,inference flops
0,0.9398,126.43560409545898,14.96075987815857,0.48660480000000006,673.548
