,acc_overall,training_probe time,inference time,training_probe flops,inference flops
0,0.9232,120.7961893081665,21.834936141967773,0.48660480000000006,675.188
