,acc_overall,training_probe time,inference time,training_probe flops,inference flops
0,0.9038,53.42395305633545,12.442199945449829,0.12165120000000001,43.10404
