,acc_overall,training_probe time,inference time,training_probe flops,inference flops
0,0.1135,5769.186600446701,28.090893745422363,1.6220160000000003,2658.45456
