,acc_overall,training_probe time,inference time,training_probe flops,inference flops
0,0.0684,60.715765953063965,9.579047679901123,0.10137600000000002,11.14044
