,acc_overall,training_probe time,inference time,training_probe flops,inference flops
0,0.1155,5550.716032028198,19.33552885055542,1.6220160000000003,744.03288
