,acc_overall,training_probe time,inference time,training_probe flops,inference flops
0,0.8902,8.584683895111084,0.3091447353363037,16.623424853333333,52.4288
