,acc_overall,training_probe time,inference time,training_probe flops,inference flops
0,0.8407,0.6634726524353027,0.10614371299743652,0.9970210133333333,3.2768
