,acc_overall,training_probe time,inference time,training_probe flops,inference flops
0,0.9663,130.0572497844696,1.677785873413086,308.9244706133333,838.8608
