,acc_overall,training_probe time,inference time,training_probe flops,inference flops
0,0.9636,117.6216812133789,1.8403472900390625,308.9244706133333,838.8608
