,acc_overall,training_probe time,inference time,training_probe flops,inference flops
0,0.12600000202655792,0.02152395248413086,0.0017807483673095703,410419200,8275920000
