,acc_overall,training_probe time,inference time,training_probe flops,inference flops
0,0.12359999865293503,0.025938987731933594,0.0017743110656738281,410419200,8275920000
