,acc_overall,training_probe time,inference time,training_probe flops,inference flops
0,0.11899999529123306,0.01686573028564453,0.0003590583801269531,25651200,519120000
