,acc_overall,training_probe time,inference time,training_probe flops,inference flops
0,0.0787,5704.838428020477,26.3054301738739,1.622015999999999,2798.68812
