,acc_overall,training_probe time,inference time,training_probe flops,inference flops
0,0.0806,5539.404995918274,19.090954542160034,1.622015999999999,714.93708
