,acc_overall,training_probe time,inference time,training_probe flops,inference flops
0,0.4007,69.84862565994263,7.67340874671936,0.20275200000000004,154.2078
