,acc_overall,training_probe time,inference time,training_probe flops,inference flops
0,0.9656,56.918302059173584,12.931994438171387,0.12165119999999999,6.58948
