,acc_overall,training_probe time,inference time,training_probe flops,inference flops
0,0.9451,50.028188943862915,12.084510803222656,0.030412799999999997,1.3572
