,acc_overall,training_probe time,inference time,training_probe flops,inference flops
0,0.9702,129.3291199207306,14.563342809677124,0.48660479999999995,17.548
