,acc_overall,training_probe time,inference time,training_probe flops,inference flops
0,0.9672,117.62104821205139,13.150557518005371,0.48660479999999995,3.854
