,acc_overall,training_probe time,inference time,training_probe flops,inference flops
0,0.9089999794960022,0.0017018318176269531,0.0003352165222167969,34565760,69220000
