,acc_overall,training_probe time,inference time,training_probe flops,inference flops
0,0.9156000018119812,0.0013928413391113281,0.0003485679626464844,15002500,30100000
