,acc_overall,training_probe time,inference time,training_probe flops,inference flops
0,0.878600001335144,0.0012707710266113281,0.00032806396484375,15002500,30100000
