,acc_overall,training_probe time,inference time,training_probe flops,inference flops
0,0.6504999995231628,0.0012505054473876953,0.0003044605255126953,15002500,30100000
