,acc_overall,training_probe time,inference time,training_probe flops,inference flops
0,0.3385,13.159706115722656,0.030968904495239258,53.19582788266666,209.7152
