,acc_overall,training_probe time,inference time,training_probe flops,inference flops
0,0.1839,1.8559162616729736,0.006762981414794922,3.1479166666666667,12.5
