,acc_overall,training_probe time,inference time,training_probe flops,inference flops
0,0.2184,1.8708539009094238,0.012582063674926758,3.1479166666666667,12.5
