,acc_overall,training_probe time,inference time,training_probe flops,inference flops
0,0.2315,1.790778398513794,0.017449378967285156,3.1479166666666667,12.5
