,acc_overall,training_probe time,inference time,training_probe flops,inference flops
0,0.894,2.1165943145751953,0.012484312057495117,3.7754166666666666,12.5
