,acc_overall,training_probe time,inference time,training_probe flops,inference flops
0,0.9103,5.1437554359436035,0.02216315269470215,3.7754166666666666,12.5
