,acc_overall,training_probe time,inference time,training_probe flops,inference flops
0,0.33409997820854187,0.0012192726135253906,0.0003383159637451172,6401280,15460000
