,acc_overall,training_probe time,inference time,training_probe flops,inference flops
0,0.30859997868537903,0.0026166439056396484,0.0005724430084228516,102420480,245860000
