,acc_overall,training_probe time,inference time,training_probe flops,inference flops
0,0.20549999177455902,0.0026803016662597656,0.0005908012390136719,102420480,245860000
