,acc_overall,training_probe time,inference time,training_probe flops,inference flops
0,0.3358999788761139,0.0014605522155761719,0.00033283233642578125,25605120,61540000
