,acc_overall,training_probe time,inference time,training_probe flops,inference flops
0,0.6752,2.5779919624328613,0.013247013092041016,3.1479166666666667,12.5
