,acc_overall,training_probe time,inference time,training_probe flops,inference flops
0,0.6638,2.3778021335601807,0.008702278137207031,3.1479166666666667,12.5
