,acc_overall,training_probe time,inference time,training_probe flops,inference flops
0,0.6624,2.8289499282836914,0.016579627990722656,3.1479166666666667,12.5
