,acc_overall,training_probe time,inference time,training_probe flops,inference flops
0,0.6884,16.852407217025757,0.04935097694396973,53.19582788266666,209.7152
