,acc_overall,training_probe time,inference time,training_probe flops,inference flops
0,0.8011,46.37388300895691,10.64910888671875,0.13685759999999997,44.42508
