,acc_overall,training_probe time,inference time,training_probe flops,inference flops
0,0.34389999508857727,0.0011856555938720703,0.0003314018249511719,6401280,15460000
