,acc_overall,training_probe time,inference time,training_probe flops,inference flops
0,0.36809998750686646,0.0014445781707763672,0.0003380775451660156,25605120,61540000
