,acc_overall,training_probe time,inference time,training_probe flops,inference flops
0,0.31029999256134033,0.002635478973388672,0.0005714893341064453,102420480,245860000
