,acc_overall,training_probe time,inference time,training_probe flops,inference flops
0,0.3732999861240387,0.002637624740600586,0.0005757808685302734,102420480,245860000
