,acc_overall,training_probe time,inference time,training_probe flops,inference flops
0,0.7377,2.7182071208953857,0.018648147583007812,3.1479166666666667,12.5
