,acc_overall,training_probe time,inference time,training_probe flops,inference flops
0,0.7291,2.498309373855591,0.00793313980102539,3.1479166666666667,12.5
