,acc_overall,training_probe time,inference time,training_probe flops,inference flops
0,0.7272,22.290144443511963,0.03177452087402344,53.19582788266666,209.7152
