,acc_overall,training_probe time,inference time,training_probe flops,inference flops
0,0.3917,2.4612371921539307,0.12315726280212402,3.854166666666667,12.5
