,acc_overall,training_probe time,inference time,training_probe flops,inference flops
0,0.8584,2.743852376937866,0.009157896041870117,3.7754166666666666,12.5
