,acc_overall,training_probe time,inference time,training_probe flops,inference flops
0,0.8246,3.1018245220184326,0.012696504592895508,3.7754166666666666,12.5
