,acc_overall,training_probe time,inference time,training_probe flops,inference flops
0,0.8553,3.084439992904663,0.006479978561401367,3.7754166666666666,12.5
