,acc_overall,training_probe time,inference time,training_probe flops,inference flops
0,15.07,19.47981595993042,0.06883835792541504,209715200,16384000000
