,acc_overall,training_probe time,inference time,training_probe flops,inference flops
0,14.39,19.353668451309204,0.06793928146362305,209715200,16384000000
