,acc_overall,training_probe time,inference time,training_probe flops,inference flops
0,0.08309999853372574,0.011233806610107422,0.0012936592102050781,205209600,4178920000
