,acc_overall,training_probe time,inference time,training_probe flops,inference flops
0,0.13050000369548798,0.008550405502319336,0.0003230571746826172,12825600,262120000
