,acc_overall,training_probe time,inference time,training_probe flops,inference flops
0,0.07039999961853027,0.010840654373168945,0.0012755393981933594,205209600,4178920000
