,acc_overall,training_probe time,inference time,training_probe flops,inference flops
0,0.0234,60.397217988967896,13.325749158859253,0.10137599999999994,10.43868
