,acc_overall,training_probe time,inference time,training_probe flops,inference flops
0,0.0287,3451.386134624481,15.921067714691162,1.622015999999999,317.10324
