,acc_overall,training_probe time,inference time,training_probe flops,inference flops
0,0.0264,2688.884352684021,26.25506091117859,1.622015999999999,1214.72916
