,acc_overall,training_probe time,inference time,training_probe flops,inference flops
0,0.2835,162.63553595542908,6.925399303436279,0.6082560000000001,351.11228
