,acc_overall,training_probe time,inference time,training_probe flops,inference flops
0,0.5263,53.48890781402588,8.233460187911987,0.20275199999999996,168.81804
