,acc_overall,training_probe time,inference time,training_probe flops,inference flops
0,0.9015,49.806105852127075,12.250966310501099,0.12165120000000001,43.15544
