,acc_overall,training_probe time,inference time,training_probe flops,inference flops
0,0.9384,113.79248547554016,12.490412950515747,0.48660480000000006,670.309
