,acc_overall,training_probe time,inference time,training_probe flops,inference flops
0,0.9226,115.28275728225708,20.65561008453369,0.48660480000000006,669.653
