,acc_overall,training_probe time,inference time,training_probe flops,inference flops
0,0.7189,53.567195415496826,12.258370161056519,0.030412800000000004,2.4284
