,acc_overall,training_probe time,inference time,training_probe flops,inference flops
0,0.3601,306.86987948417664,0.4036250114440918,884.8785844906666,33554.432
