,acc_overall,training_probe time,inference time,training_probe flops,inference flops
0,0.3425,7.49235725402832,0.03662419319152832,3.3007848106666664,131.072
