,acc_overall,training_probe time,inference time,training_probe flops,inference flops
0,0.3542,322.33238101005554,0.5904457569122314,884.8785844906666,33554.432
