,acc_overall,training_probe time,inference time,training_probe flops,inference flops
0,0.9413,1.078096628189087,0.13725876808166504,0.9970210133333333,3.2768
