,acc_overall,training_probe time,inference time,training_probe flops,inference flops
0,0.9652,124.77465271949768,1.494863510131836,308.9244706133333,838.8608
