,acc_overall,training_probe time,inference time,training_probe flops,inference flops
0,0.8661,9.213903665542603,0.33651018142700195,16.623424853333333,52.4288
