,acc_overall,training_probe time,inference time,training_probe flops,inference flops
0,0.9442,127.97576022148132,1.6046092510223389,308.9244706133333,838.8608
