,acc_overall,training_probe time,inference time,training_probe flops,inference flops
0,0.5085,122.884033203125,1.6511738300323486,266.9814306133333,838.8608
