,acc_overall,training_probe time,inference time,training_probe flops,inference flops
0,0.5096,120.96686816215515,1.6834664344787598,266.9814306133333,838.8608
