,acc_overall,training_probe time,inference time,training_probe flops,inference flops
0,0.4804,1.76991605758667,0.12019109725952148,0.8331810133333333,3.2768
