,acc_overall,training_probe time,inference time,training_probe flops,inference flops
0,0.5,7.032058238983154,0.35839271545410156,14.001984853333331,52.4288
