,acc_overall,training_probe time,inference time,training_probe flops,inference flops
0,0.4141,38.557575702667236,0.08741426467895508,215.54422306133335,838.8608
