,acc_overall,training_probe time,inference time,training_probe flops,inference flops
0,0.4216,5.076238632202148,0.018779277801513672,13.222278485333334,52.4288
