,acc_overall,training_probe time,inference time,training_probe flops,inference flops
0,0.4068,37.66144275665283,0.0839381217956543,215.54422306133335,838.8608
