,acc_overall,training_probe time,inference time,training_probe flops,inference flops
0,0.4059,0.9059627056121826,0.014942407608032227,0.8269981013333334,3.2768
