,acc_overall,training_probe time,inference time,training_probe flops,inference flops
0,0.0189,236.10548973083496,0.2886936664581299,1723.9441844906667,67108.864
