,acc_overall,training_probe time,inference time,training_probe flops,inference flops
0,0.0252,258.6864275932312,0.2752845287322998,1723.9441844906667,67108.864
