,acc_overall,training_probe time,inference time,training_probe flops,inference flops
0,0.05,11.546267747879028,0.023123502731323242,6.590384810666667,262.144
