,acc_overall,training_probe time,inference time,training_probe flops,inference flops
0,0.377,33.35216188430786,1.7580840587615967,4.395281066666666,131.072
