,acc_overall,training_probe time,inference time,training_probe flops,inference flops
0,0.0194,181.6334729194641,32.91845369338989,5420.159249066666,33554.432
