,acc_overall,training_probe time,inference time,training_probe flops,inference flops
0,0.0198,276.4900050163269,29.43387198448181,5420.159249066666,33554.432
