,acc_overall,training_probe time,inference time,training_probe flops,inference flops
0,0.8007,4.7222840785980225,0.009589195251464844,3.7754166666666666,12.5
