,acc_overall,training_probe time,inference time,training_probe flops,inference flops
0,0.4747,4.305060148239136,0.020275592803955078,3.7754166666666666,12.5
