,acc_overall,training_probe time,inference time,training_probe flops,inference flops
0,0.7515,5.251943349838257,0.020219802856445312,3.7754166666666666,12.5
