,acc_overall,training_probe time,inference time,training_probe flops,inference flops
0,0.372,105.52907109260559,12.018858194351196,0.4055040000000001,674.983
