,acc_overall,training_probe time,inference time,training_probe flops,inference flops
0,0.3611,93.7798810005188,14.256834030151367,0.4055040000000001,482.078
