,acc_overall,training_probe time,inference time,training_probe flops,inference flops
0,0.269,56.028719902038574,9.139155864715576,0.10137600000000002,47.58612
