,acc_overall,training_probe time,inference time,training_probe flops,inference flops
0,0.1693,42.271862268447876,6.740954637527466,0.025344000000000005,3.0914
