,acc_overall,training_probe time,inference time,training_probe flops,inference flops
0,0.9626,10.34046483039856,0.3046581745147705,16.623424853333333,52.4288
