,acc_overall,training_probe time,inference time,training_probe flops,inference flops
0,0.9482,118.86151623725891,1.543276309967041,308.9244706133333,838.8608
