,acc_overall,training_probe time,inference time,training_probe flops,inference flops
0,0.9602,125.40075397491455,1.7583181858062744,308.9244706133333,838.8608
