,acc_overall,training_probe time,inference time,training_probe flops,inference flops
0,0.9186,1.7995142936706543,0.1409146785736084,0.9970210133333333,3.2768
