,acc_overall,training_probe time,inference time,training_probe flops,inference flops
0,0.4108,370.47541785240173,0.4466238021850586,884.8785844906666,33554.432
