,acc_overall,training_probe time,inference time,training_probe flops,inference flops
0,0.4167,310.1024432182312,0.6520295143127441,884.8785844906666,33554.432
