,acc_overall,training_probe time,inference time,training_probe flops,inference flops
0,0.3814,7.257805347442627,0.03687906265258789,3.3007848106666664,131.072
