,acc_overall,training_probe time,inference time,training_probe flops,inference flops
0,0.9618,117.9617645740509,11.102609157562256,0.48660479999999995,636.648
