,acc_overall,training_probe time,inference time,training_probe flops,inference flops
0,0.8042,47.01448917388916,11.319639921188354,0.030412799999999997,2.4258
