,acc_overall,training_probe time,inference time,training_probe flops,inference flops
0,0.9344,57.9020094871521,4.729247093200684,0.12165119999999999,42.919
