,acc_overall,training_probe time,inference time,training_probe flops,inference flops
0,0.9618,118.73030042648315,11.036678552627563,0.48660479999999995,598.231
