,acc_overall,training_probe time,inference time,training_probe flops,inference flops
0,0.3333999812602997,0.011183977127075195,0.0012900829315185547,205209600,4178920000
