,acc_overall,training_probe time,inference time,training_probe flops,inference flops
0,0.31849998235702515,0.008445262908935547,0.0003139972686767578,12825600,262120000
