,acc_overall,training_probe time,inference time,training_probe flops,inference flops
0,0.3292999863624573,0.01123356819152832,0.00130462646484375,205209600,4178920000
