,acc_overall,training_probe time,inference time,training_probe flops,inference flops
0,0.4047999978065491,0.0014660358428955078,0.00034356117248535156,25605120,61540000
