,acc_overall,training_probe time,inference time,training_probe flops,inference flops
0,0.39089998602867126,0.00785064697265625,0.0008268356323242188,102420480,245860000
