,acc_overall,training_probe time,inference time,training_probe flops,inference flops
0,0.3698999881744385,0.0011985301971435547,0.00032591819763183594,6401280,15460000
