,acc_overall,training_probe time,inference time,training_probe flops,inference flops
0,4.77,20.043128967285156,0.057306528091430664,209715200,16384000000
