,acc_overall,training_probe time,inference time,training_probe flops,inference flops
0,0.08989999443292618,0.02169632911682129,0.0018000602722167969,410419200,8275920000
