,acc_overall,training_probe time,inference time,training_probe flops,inference flops
0,0.09359999746084213,0.022382259368896484,0.0020911693572998047,410419200,8275920000
