,acc_overall,training_probe time,inference time,training_probe flops,inference flops
0,0.0916999951004982,0.02056884765625,0.0005097389221191406,25651200,519120000
