,acc_overall,training_probe time,inference time,training_probe flops,inference flops
0,0.0792,5307.551950454712,31.80064296722412,1.622015999999999,3044.73204
