,acc_overall,training_probe time,inference time,training_probe flops,inference flops
0,0.0858,5537.167064666748,19.99457049369812,1.622015999999999,884.43036
