,acc_overall,training_probe time,inference time,training_probe flops,inference flops
0,0.0638,75.60766053199768,14.750690460205078,0.10137599999999994,11.9712
