,acc_overall,training_probe time,inference time,training_probe flops,inference flops
0,0.9053,4.483257293701172,0.016070842742919922,3.7754166666666666,12.5
