,acc_overall,training_probe time,inference time,training_probe flops,inference flops
0,0.9103,2.4378206729888916,0.020476818084716797,3.7754166666666666,12.5
