,acc_overall,training_probe time,inference time,training_probe flops,inference flops
0,5.27,19.248868465423584,0.06726551055908203,209715200,16384000000
