,acc_overall,training_probe time,inference time,training_probe flops,inference flops
0,0.9240999817848206,0.0029022693634033203,0.0005691051483154297,122900480,245860000
