,acc_overall,training_probe time,inference time,training_probe flops,inference flops
0,0.9286999702453613,0.002882719039916992,0.0005698204040527344,122900480,245860000
