,acc_overall,training_probe time,inference time,training_probe flops,inference flops
0,0.8321,41.10507130622864,4.071538209915161,0.18627839999999998,25.35636
