,acc_overall,training_probe time,inference time,training_probe flops,inference flops
0,0.5325999855995178,0.0025932788848876953,0.0005629062652587891,102420480,245860000
