,acc_overall,training_probe time,inference time,training_probe flops,inference flops
0,0.4220999777317047,0.0012221336364746094,0.00032901763916015625,6401280,15460000
