,acc_overall,training_probe time,inference time,training_probe flops,inference flops
0,0.5292999744415283,0.002629995346069336,0.0005617141723632812,102420480,245860000
