,acc_overall,training_probe time,inference time,training_probe flops,inference flops
0,0.48559999465942383,0.0014777183532714844,0.0003218650817871094,25605120,61540000
