,acc_overall,training_probe time,inference time,training_probe flops,inference flops
0,0.4707,2.5702097415924072,0.012115001678466797,3.1479166666666667,12.5
