,acc_overall,training_probe time,inference time,training_probe flops,inference flops
0,0.5173,1.8852965831756592,0.009624958038330078,3.1479166666666667,12.5
