,acc_overall,training_probe time,inference time,training_probe flops,inference flops
0,0.6095,15.50340986251831,0.04753232002258301,53.19582788266666,209.7152
