,acc_overall,training_probe time,inference time,training_probe flops,inference flops
0,0.5354,2.3512837886810303,0.010097503662109375,3.1479166666666667,12.5
