,acc_overall,training_probe time,inference time,training_probe flops,inference flops
0,0.9226,108.98168540000916,9.143161535263062,0.48660480000000006,669.653
