,acc_overall,training_probe time,inference time,training_probe flops,inference flops
0,0.7189,54.22639012336731,11.651195049285889,0.030412800000000004,2.4284
