,acc_overall,training_probe time,inference time,training_probe flops,inference flops
0,0.9015,44.98595857620239,11.473106384277344,0.12165120000000001,43.15544
