,acc_overall,training_probe time,inference time,training_probe flops,inference flops
0,0.9384,136.01626992225647,11.035067558288574,0.48660480000000006,670.309
