,acc_overall,training_probe time,inference time,training_probe flops,inference flops
0,0.1542000025510788,0.013135671615600586,0.001287698745727539,205209600,4178920000
