,acc_overall,training_probe time,inference time,training_probe flops,inference flops
0,0.17549999058246613,0.008642435073852539,0.0003237724304199219,12825600,262120000
