,acc_overall,training_probe time,inference time,training_probe flops,inference flops
0,0.1574999988079071,0.014870643615722656,0.001294851303100586,205209600,4178920000
