,acc_overall,training_probe time,inference time,training_probe flops,inference flops
0,0.0099,564.2399859428406,46.771310329437256,10840.318498133332,67108.864
