,acc_overall,training_probe time,inference time,training_probe flops,inference flops
0,0.0107,579.7362096309662,43.856385946273804,10840.318498133332,67108.864
