,acc_overall,training_probe time,inference time,training_probe flops,inference flops
0,0.1229,61.74986815452576,5.257919073104858,8.790562133333331,262.144
