,acc_overall,training_probe time,inference time,training_probe flops,inference flops
0,0.9549,134.868469953537,11.282111883163452,0.48660479999999995,634.229
