,acc_overall,training_probe time,inference time,training_probe flops,inference flops
0,0.8007,53.83427882194519,10.873809814453125,0.030412799999999997,2.3868
