,acc_overall,training_probe time,inference time,training_probe flops,inference flops
0,0.9327,58.649054527282715,6.023556709289551,0.12165119999999999,42.20968
