,acc_overall,training_probe time,inference time,training_probe flops,inference flops
0,0.9592,121.19511866569519,15.618439197540283,0.48660479999999995,604.955
