,acc_overall,training_probe time,inference time,training_probe flops,inference flops
0,0.8365,2.311746597290039,0.015403270721435547,3.7754166666666666,12.5
