,acc_overall,training_probe time,inference time,training_probe flops,inference flops
0,0.8102,2.4767277240753174,0.01074838638305664,3.7754166666666666,12.5
