,acc_overall,training_probe time,inference time,training_probe flops,inference flops
0,0.48069998621940613,0.0019330978393554688,0.00031375885009765625,25605120,61540000
