,acc_overall,training_probe time,inference time,training_probe flops,inference flops
0,0.5360000133514404,0.0026302337646484375,0.0005652904510498047,102420480,245860000
