,acc_overall,training_probe time,inference time,training_probe flops,inference flops
0,0.4221999943256378,0.004082202911376953,0.0004913806915283203,6401280,15460000
