,acc_overall,training_probe time,inference time,training_probe flops,inference flops
0,0.5218999981880188,0.003132343292236328,0.0006966590881347656,102420480,245860000
