,acc_overall,training_probe time,inference time,training_probe flops,inference flops
0,0.9699,113.6965811252594,20.52819299697876,0.48660479999999995,3.895
