,acc_overall,training_probe time,inference time,training_probe flops,inference flops
0,0.9466,53.00698709487915,13.121984720230103,0.030412799999999997,1.3416
