,acc_overall,training_probe time,inference time,training_probe flops,inference flops
0,0.9735,122.45784521102905,14.398510932922363,0.48660479999999995,18.204
