,acc_overall,training_probe time,inference time,training_probe flops,inference flops
0,0.9676,46.008461475372314,8.915902137756348,0.12165119999999999,6.56892
