,acc_overall,training_probe time,inference time,training_probe flops,inference flops
0,0.882099986076355,0.0013141632080078125,0.0003218650817871094,7681280,15460000
