,acc_overall,training_probe time,inference time,training_probe flops,inference flops
0,0.9244999885559082,0.0029494762420654297,0.0005748271942138672,122900480,245860000
