,acc_overall,training_probe time,inference time,training_probe flops,inference flops
0,0.9097999930381775,0.0015494823455810547,0.0003027915954589844,30725120,61540000
