,acc_overall,training_probe time,inference time,training_probe flops,inference flops
0,0.9330999851226807,0.006073474884033203,0.0006606578826904297,122900480,245860000
