,acc_overall,training_probe time,inference time,training_probe flops,inference flops
0,0.9274,8.003164052963257,0.020946979522705078,15.848838485333333,52.4288
