,acc_overall,training_probe time,inference time,training_probe flops,inference flops
0,0.8107,50.20029926300049,0.08643794059753418,257.5077430613334,838.8608
