,acc_overall,training_probe time,inference time,training_probe flops,inference flops
0,0.704,54.95671343803406,0.08839082717895508,257.5077430613334,838.8608
