,acc_overall,training_probe time,inference time,training_probe flops,inference flops
0,0.9144,1.0663416385650635,0.019619464874267578,0.9921181013333333,3.2768
