,acc_overall,training_probe time,inference time,training_probe flops,inference flops
0,0.1044,430.0909650325775,0.31429219245910645,1723.9441844906667,67108.864
