,acc_overall,training_probe time,inference time,training_probe flops,inference flops
0,0.111,9.353307008743286,0.04384970664978027,6.590384810666667,262.144
