,acc_overall,training_probe time,inference time,training_probe flops,inference flops
0,0.0985,376.67614006996155,0.4878346920013428,1723.9441844906667,67108.864
