,acc_overall,training_probe time,inference time,training_probe flops,inference flops
0,0.6831,57.43161678314209,10.837936401367188,0.18627840000000004,51.68736
