,acc_overall,training_probe time,inference time,training_probe flops,inference flops
0,0.4827,4.937809467315674,0.02575373649597168,13.222278485333334,52.4288
