,acc_overall,training_probe time,inference time,training_probe flops,inference flops
0,0.4744,44.31494998931885,0.07383465766906738,215.54422306133335,838.8608
