,acc_overall,training_probe time,inference time,training_probe flops,inference flops
0,0.4884,0.8568930625915527,0.023860931396484375,0.8269981013333334,3.2768
