,acc_overall,training_probe time,inference time,training_probe flops,inference flops
0,0.4588,42.044981241226196,0.0699923038482666,215.54422306133335,838.8608
