,acc_overall,training_probe time,inference time,training_probe flops,inference flops
0,0.3737,356.82106137275696,0.37513136863708496,884.8785844906666,33554.432
