,acc_overall,training_probe time,inference time,training_probe flops,inference flops
0,0.3625,280.05681681632996,0.27252912521362305,884.8785844906666,33554.432
