,acc_overall,training_probe time,inference time,training_probe flops,inference flops
0,0.3419,9.146179437637329,0.04013466835021973,3.3007848106666664,131.072
