,acc_overall,training_probe time,inference time,training_probe flops,inference flops
0,0.6831,59.757728576660156,14.979861736297607,0.18627840000000004,51.68736
