,acc_overall,training_probe time,inference time,training_probe flops,inference flops
0,0.9388,7.973086595535278,0.300457239151001,16.623424853333333,52.4288
