,acc_overall,training_probe time,inference time,training_probe flops,inference flops
0,0.9234,1.061049222946167,0.10436844825744629,0.9970210133333333,3.2768
