,acc_overall,training_probe time,inference time,training_probe flops,inference flops
0,0.9648,118.80832314491272,1.613678216934204,308.9244706133333,838.8608
