,acc_overall,training_probe time,inference time,training_probe flops,inference flops
0,0.1647000014781952,0.02188420295715332,0.0018134117126464844,410419200,8275920000
