,acc_overall,training_probe time,inference time,training_probe flops,inference flops
0,0.16369999945163727,0.021695852279663086,0.0017850399017333984,410419200,8275920000
