,acc_overall,training_probe time,inference time,training_probe flops,inference flops
0,0.15869998931884766,0.017281293869018555,0.0003662109375,25651200,519120000
