,acc_overall,training_probe time,inference time,training_probe flops,inference flops
0,14.38,19.273743152618408,0.06622600555419922,209715200,16384000000
