,acc_overall,training_probe time,inference time,training_probe flops,inference flops
0,14.68,19.74809455871582,0.06755876541137695,209715200,16384000000
