,acc_overall,training_probe time,inference time,training_probe flops,inference flops
0,0.9900999665260315,0.0012891292572021484,0.0003399848937988281,15002500,30100000
