,acc_overall,training_probe time,inference time,training_probe flops,inference flops
0,0.9670999646186829,0.0016446113586425781,0.0003235340118408203,34565760,69220000
