,acc_overall,training_probe time,inference time,training_probe flops,inference flops
0,0.990399956703186,0.0023877620697021484,0.00036072731018066406,15002500,30100000
