,acc_overall,training_probe time,inference time,training_probe flops,inference flops
0,0.9875999689102173,0.0013208389282226562,0.00033736228942871094,15002500,30100000
