,acc_overall,training_probe time,inference time,training_probe flops,inference flops
0,0.9544,55.99936890602112,10.601126909255981,0.13685759999999997,43.62744
