,acc_overall,training_probe time,inference time,training_probe flops,inference flops
0,1.63,18.313043117523193,0.05496549606323242,209715200,16384000000
