,acc_overall,training_probe time,inference time,training_probe flops,inference flops
0,0.167,37.442588567733765,2.2274348735809326,4.395281066666666,131.072
