,acc_overall,training_probe time,inference time,training_probe flops,inference flops
0,0.0138,231.76558756828308,35.014854431152344,5420.159249066666,33554.432
