,acc_overall,training_probe time,inference time,training_probe flops,inference flops
0,0.0153,312.8284032344818,27.143815994262695,5420.159249066666,33554.432
