,acc_overall,training_probe time,inference time,training_probe flops,inference flops
0,0.3848,44.62858772277832,15.242615222930908,0.20275200000000004,167.05332
