,acc_overall,training_probe time,inference time,training_probe flops,inference flops
0,0.1178,6143.924888372421,29.414909601211548,1.6220160000000003,2739.67692
