,acc_overall,training_probe time,inference time,training_probe flops,inference flops
0,0.0628,65.11672401428223,14.457768440246582,0.10137600000000002,11.01144
