,acc_overall,training_probe time,inference time,training_probe flops,inference flops
0,0.1209,5843.7310910224915,19.601573944091797,1.6220160000000003,770.91576
