,acc_overall,training_probe time,inference time,training_probe flops,inference flops
0,0.9398,124.75906300544739,10.165575742721558,0.48660480000000006,673.548
