,acc_overall,training_probe time,inference time,training_probe flops,inference flops
0,0.7326,51.91881060600281,9.06183934211731,0.030412800000000004,2.4544
