,acc_overall,training_probe time,inference time,training_probe flops,inference flops
0,0.9232,114.35668063163757,11.057901859283447,0.48660480000000006,675.188
