,acc_overall,training_probe time,inference time,training_probe flops,inference flops
0,0.9038,53.19846153259277,7.476543664932251,0.12165120000000001,43.10404
