,acc_overall,training_probe time,inference time,training_probe flops,inference flops
0,0.1366,28.814416646957397,2.3983333110809326,4.395281066666666,131.072
