,acc_overall,training_probe time,inference time,training_probe flops,inference flops
0,0.0099,327.69823479652405,35.45928072929382,5420.159249066666,33554.432
