,acc_overall,training_probe time,inference time,training_probe flops,inference flops
0,0.0126,246.81667184829712,41.28032684326172,5420.159249066666,33554.432
