,acc_overall,training_probe time,inference time,training_probe flops,inference flops
0,0.5263,53.819257736206055,11.84238886833191,0.20275199999999996,168.81804
