,acc_overall,training_probe time,inference time,training_probe flops,inference flops
0,0.2835,198.98065280914307,8.436762809753418,0.6082560000000001,351.11228
