,acc_overall,training_probe time,inference time,training_probe flops,inference flops
0,0.7597999572753906,0.0012772083282470703,0.0003216266632080078,15002500,30100000
