,acc_overall,training_probe time,inference time,training_probe flops,inference flops
0,0.8209999799728394,0.0012927055358886719,0.0003325939178466797,15002500,30100000
