,acc_overall,training_probe time,inference time,training_probe flops,inference flops
0,0.8025999665260315,0.0016634464263916016,0.00032329559326171875,34565760,69220000
