,acc_overall,training_probe time,inference time,training_probe flops,inference flops
0,0.8215999603271484,0.0012636184692382812,0.0003216266632080078,15002500,30100000
