,acc_overall,training_probe time,inference time,training_probe flops,inference flops
0,0.6434000134468079,0.0012278556823730469,0.00031685829162597656,12502500,30100000
