,acc_overall,training_probe time,inference time,training_probe flops,inference flops
0,0.6686999797821045,0.0012466907501220703,0.00031304359436035156,12502500,30100000
