,acc_overall,training_probe time,inference time,training_probe flops,inference flops
0,0.609499990940094,0.0018513202667236328,0.00038170814514160156,51210240,122980000
