,acc_overall,training_probe time,inference time,training_probe flops,inference flops
0,0.8752999901771545,0.00504755973815918,0.000568389892578125,7681280,15460000
