,acc_overall,training_probe time,inference time,training_probe flops,inference flops
0,0.9251999855041504,0.001837015151977539,0.0003085136413574219,30725120,61540000
