,acc_overall,training_probe time,inference time,training_probe flops,inference flops
0,0.9927,2.0406911373138428,0.031909942626953125,3.7754166666666666,12.5
