,acc_overall,training_probe time,inference time,training_probe flops,inference flops
0,0.9928,2.5074198246002197,0.008666276931762695,3.7754166666666666,12.5
