,acc_overall,training_probe time,inference time,training_probe flops,inference flops
0,0.992,2.3762874603271484,0.008662223815917969,3.7754166666666666,12.5
