,acc_overall,training_probe time,inference time,training_probe flops,inference flops
0,0.9459999799728394,0.0012791156768798828,0.0003159046173095703,15002500,30100000
