,acc_overall,training_probe time,inference time,training_probe flops,inference flops
0,0.9417999982833862,0.0016689300537109375,0.00032806396484375,34565760,69220000
