,acc_overall,training_probe time,inference time,training_probe flops,inference flops
0,0.8514999747276306,0.01441335678100586,0.0010519027709960938,15002500,30100000
