,acc_overall,training_probe time,inference time,training_probe flops,inference flops
0,0.9269999861717224,0.0012781620025634766,0.0003056526184082031,15002500,30100000
