,acc_overall,training_probe time,inference time,training_probe flops,inference flops
0,0.8937000036239624,0.0015590190887451172,0.00031948089599609375,30725120,61540000
