,acc_overall,training_probe time,inference time,training_probe flops,inference flops
0,0.8715999722480774,0.0012750625610351562,0.0003376007080078125,7681280,15460000
