,acc_overall,training_probe time,inference time,training_probe flops,inference flops
0,0.9059999585151672,0.002914905548095703,0.0005860328674316406,122900480,245860000
