,acc_overall,training_probe time,inference time,training_probe flops,inference flops
0,0.9019999504089355,0.0029189586639404297,0.0005745887756347656,122900480,245860000
