,acc_overall,training_probe time,inference time,training_probe flops,inference flops
0,0.8280999660491943,0.0029172897338867188,0.000583648681640625,122900480,245860000
