,acc_overall,training_probe time,inference time,training_probe flops,inference flops
0,0.8471999764442444,0.0034127235412597656,0.000701904296875,122900480,245860000
