,acc_overall,training_probe time,inference time,training_probe flops,inference flops
0,0.8450999855995178,0.0018947124481201172,0.0003173351287841797,30725120,61540000
