,acc_overall,training_probe time,inference time,training_probe flops,inference flops
0,0.8445000052452087,0.014209985733032227,0.0005898475646972656,7681280,15460000
