,acc_overall,training_probe time,inference time,training_probe flops,inference flops
0,0.4031,55.60885167121887,7.4931862354278564,0.10137599999999998,45.06752
