,acc_overall,training_probe time,inference time,training_probe flops,inference flops
0,0.4982,110.02266478538513,16.697903633117676,0.4055039999999999,377.282
