,acc_overall,training_probe time,inference time,training_probe flops,inference flops
0,0.4987,114.6105740070343,9.737492084503174,0.4055039999999999,610.982
