,acc_overall,training_probe time,inference time,training_probe flops,inference flops
0,0.241,50.269521951675415,11.671549797058105,0.025343999999999995,3.0654
