,acc_overall,training_probe time,inference time,training_probe flops,inference flops
0,0.2835,212.94485473632812,7.137375116348267,0.6082560000000001,351.11228
