,acc_overall,training_probe time,inference time,training_probe flops,inference flops
0,0.16269999742507935,0.011451482772827148,0.0004887580871582031,12825600,262120000
