,acc_overall,training_probe time,inference time,training_probe flops,inference flops
0,0.148499995470047,0.010969877243041992,0.0012843608856201172,205209600,4178920000
