,acc_overall,training_probe time,inference time,training_probe flops,inference flops
0,0.14669999480247498,0.011534929275512695,0.0015308856964111328,205209600,4178920000
