,acc_overall,training_probe time,inference time,training_probe flops,inference flops
0,0.3945,58.200135469436646,15.249257326126099,0.20275200000000004,167.01228
