,acc_overall,training_probe time,inference time,training_probe flops,inference flops
0,0.6388,2.5701653957366943,0.013685464859008789,3.7754166666666666,12.5
