,acc_overall,training_probe time,inference time,training_probe flops,inference flops
0,0.8238,2.500985860824585,0.009040594100952148,3.7754166666666666,12.5
