,acc_overall,training_probe time,inference time,training_probe flops,inference flops
0,0.1856,42.12256193161011,0.0837259292602539,215.54422306133335,838.8608
