,acc_overall,training_probe time,inference time,training_probe flops,inference flops
0,0.2216,5.35990834236145,0.025426626205444336,13.222278485333334,52.4288
