,acc_overall,training_probe time,inference time,training_probe flops,inference flops
0,0.1802,40.22389030456543,0.058298587799072266,215.54422306133335,838.8608
