,acc_overall,training_probe time,inference time,training_probe flops,inference flops
0,0.2612,0.7922372817993164,0.011337757110595703,0.8269981013333334,3.2768
