,acc_overall,training_probe time,inference time,training_probe flops,inference flops
0,0.6283,20.50711727142334,0.05128002166748047,53.19582788266666,209.7152
