,acc_overall,training_probe time,inference time,training_probe flops,inference flops
0,0.5549,1.7215361595153809,0.016341447830200195,3.1479166666666667,12.5
