,acc_overall,training_probe time,inference time,training_probe flops,inference flops
0,0.4874,2.0473504066467285,0.013376951217651367,3.1479166666666667,12.5
