,acc_overall,training_probe time,inference time,training_probe flops,inference flops
0,0.5228,2.4817252159118652,0.012018680572509766,3.1479166666666667,12.5
