,acc_overall,training_probe time,inference time,training_probe flops,inference flops
0,0.0902,423.7677686214447,0.37947654724121094,1723.9441844906667,67108.864
