,acc_overall,training_probe time,inference time,training_probe flops,inference flops
0,0.0905,388.8486201763153,0.4771082401275635,1723.9441844906667,67108.864
