,acc_overall,training_probe time,inference time,training_probe flops,inference flops
0,0.0939,7.379384994506836,0.03058767318725586,6.590384810666667,262.144
