,acc_overall,training_probe time,inference time,training_probe flops,inference flops
0,0.9625,50.94672179222107,0.07670211791992188,257.5077430613334,838.8608
