,acc_overall,training_probe time,inference time,training_probe flops,inference flops
0,0.9331,0.9579222202301025,0.01497793197631836,0.9921181013333333,3.2768
