,acc_overall,training_probe time,inference time,training_probe flops,inference flops
0,0.954,6.268586158752441,0.029176712036132812,15.848838485333333,52.4288
