,acc_overall,training_probe time,inference time,training_probe flops,inference flops
0,0.9646,58.29360246658325,0.09734106063842773,257.5077430613334,838.8608
