,acc_overall,training_probe time,inference time,training_probe flops,inference flops
0,2.51,19.264652252197266,0.055644989013671875,209715200,16384000000
