,acc_overall,training_probe time,inference time,training_probe flops,inference flops
0,0.5081,101.13100504875183,12.707668542861938,0.4055039999999999,390.566
