,acc_overall,training_probe time,inference time,training_probe flops,inference flops
0,0.2835,163.4317524433136,6.482700824737549,0.6082560000000001,351.11228
