,acc_overall,training_probe time,inference time,training_probe flops,inference flops
0,0.4984,109.3927869796753,12.774157047271729,0.4055039999999999,616.681
