,acc_overall,training_probe time,inference time,training_probe flops,inference flops
0,0.4065,47.59705662727356,6.730646133422852,0.10137599999999998,45.4376
