,acc_overall,training_probe time,inference time,training_probe flops,inference flops
0,0.2404,25.20223879814148,11.477880239486694,0.025343999999999995,3.055
