,acc_overall,training_probe time,inference time,training_probe flops,inference flops
0,9.37,19.614283561706543,0.05720353126525879,209715200,16384000000
