,acc_overall,training_probe time,inference time,training_probe flops,inference flops
0,0.8011,50.46924352645874,7.315609455108643,0.13685759999999997,44.42508
