,acc_overall,training_probe time,inference time,training_probe flops,inference flops
0,0.8321,43.91259407997131,3.2803328037261963,0.18627839999999998,25.35636
