,acc_overall,training_probe time,inference time,training_probe flops,inference flops
0,0.3643,105.00181102752686,13.827346086502075,0.4055040000000001,480.028
