,acc_overall,training_probe time,inference time,training_probe flops,inference flops
0,0.3797,110.67190432548523,8.774546146392822,0.4055040000000001,678.878
