,acc_overall,training_probe time,inference time,training_probe flops,inference flops
0,0.1682,33.53444051742554,11.898009061813354,0.025344000000000005,3.0966
