,acc_overall,training_probe time,inference time,training_probe flops,inference flops
0,0.2634,54.508917570114136,7.777918338775635,0.10137600000000002,47.63752
