,acc_overall,training_probe time,inference time,training_probe flops,inference flops
0,0.6506999731063843,0.0012674331665039062,0.0003254413604736328,12502500,30100000
