,acc_overall,training_probe time,inference time,training_probe flops,inference flops
0,0.661899983882904,0.001241922378540039,0.0003082752227783203,12502500,30100000
