,acc_overall,training_probe time,inference time,training_probe flops,inference flops
0,0.6717999577522278,0.0012705326080322266,0.0003209114074707031,12502500,30100000
