,acc_overall,training_probe time,inference time,training_probe flops,inference flops
0,0.621999979019165,0.005333900451660156,0.0004830360412597656,51210240,122980000
