,acc_overall,training_probe time,inference time,training_probe flops,inference flops
0,0.7851999998092651,0.001302957534790039,0.0003228187561035156,15002500,30100000
