,acc_overall,training_probe time,inference time,training_probe flops,inference flops
0,0.7945999503135681,0.001283407211303711,0.00034427642822265625,15002500,30100000
