,acc_overall,training_probe time,inference time,training_probe flops,inference flops
0,0.618399977684021,0.014023065567016602,0.0007855892181396484,15002500,30100000
