,acc_overall,training_probe time,inference time,training_probe flops,inference flops
0,0.7752000093460083,0.0016741752624511719,0.0003445148468017578,34565760,69220000
