,acc_overall,training_probe time,inference time,training_probe flops,inference flops
0,0.9345,1.0081467628479004,0.12019205093383789,0.9970210133333333,3.2768
