,acc_overall,training_probe time,inference time,training_probe flops,inference flops
0,0.943,9.430377960205078,0.3403637409210205,16.623424853333333,52.4288
