,acc_overall,training_probe time,inference time,training_probe flops,inference flops
0,0.8331,120.84092879295349,1.5230534076690674,308.9244706133333,838.8608
