,acc_overall,training_probe time,inference time,training_probe flops,inference flops
0,0.9019,122.12403559684753,1.7686927318572998,308.9244706133333,838.8608
