,acc_overall,training_probe time,inference time,training_probe flops,inference flops
0,0.6616,5.0372161865234375,0.17044806480407715,3.229166666666667,12.5
