,acc_overall,training_probe time,inference time,training_probe flops,inference flops
0,0.5949,35.367228507995605,0.646822452545166,59.58707882666667,209.7152
