,acc_overall,training_probe time,inference time,training_probe flops,inference flops
0,0.5345,2.4723596572875977,0.18483829498291016,3.229166666666667,12.5
