,acc_overall,training_probe time,inference time,training_probe flops,inference flops
0,0.0111,327.10993671417236,53.35924983024597,10840.318498133332,67108.864
