,acc_overall,training_probe time,inference time,training_probe flops,inference flops
0,0.1606,45.69821882247925,3.609628915786743,8.790562133333331,262.144
