,acc_overall,training_probe time,inference time,training_probe flops,inference flops
0,0.0117,375.55085372924805,54.178359031677246,10840.318498133332,67108.864
