,acc_overall,training_probe time,inference time,training_probe flops,inference flops
0,0.3357,361.32000041007996,0.4119710922241211,884.8785844906666,33554.432
