,acc_overall,training_probe time,inference time,training_probe flops,inference flops
0,0.3226,320.59814405441284,0.3018310070037842,884.8785844906666,33554.432
