,acc_overall,training_probe time,inference time,training_probe flops,inference flops
0,0.3077,10.953996419906616,0.0431971549987793,3.3007848106666664,131.072
