,acc_overall,training_probe time,inference time,training_probe flops,inference flops
0,0.5385,2.09782338142395,0.017121076583862305,3.1479166666666667,12.5
