,acc_overall,training_probe time,inference time,training_probe flops,inference flops
0,0.4845,2.2639379501342773,0.006592988967895508,3.1479166666666667,12.5
