,acc_overall,training_probe time,inference time,training_probe flops,inference flops
0,0.5202,2.2134737968444824,0.011565208435058594,3.1479166666666667,12.5
