,acc_overall,training_probe time,inference time,training_probe flops,inference flops
0,0.5995,14.995793104171753,0.03692054748535156,53.19582788266666,209.7152
