,acc_overall,training_probe time,inference time,training_probe flops,inference flops
0,0.1268,5410.598238945007,28.46857261657715,1.6220160000000003,2990.7204
