,acc_overall,training_probe time,inference time,training_probe flops,inference flops
0,0.0789,71.86856961250305,12.535862684249878,0.10137600000000002,11.61516
