,acc_overall,training_probe time,inference time,training_probe flops,inference flops
0,0.1323,5612.88636136055,20.518556594848633,1.6220160000000003,907.87092
