,acc_overall,training_probe time,inference time,training_probe flops,inference flops
0,0.5286,129.32270431518555,1.8671791553497314,266.9814306133333,838.8608
