,acc_overall,training_probe time,inference time,training_probe flops,inference flops
0,0.5428,116.2221839427948,1.6082603931427002,266.9814306133333,838.8608
