,acc_overall,training_probe time,inference time,training_probe flops,inference flops
0,0.5037,1.1507823467254639,0.170546293258667,0.8331810133333333,3.2768
