,acc_overall,training_probe time,inference time,training_probe flops,inference flops
0,0.5264,9.503175258636475,0.34532880783081055,14.001984853333331,52.4288
