,acc_overall,training_probe time,inference time,training_probe flops,inference flops
0,0.9558,6.253911018371582,0.030112504959106445,15.848838485333333,52.4288
