,acc_overall,training_probe time,inference time,training_probe flops,inference flops
0,0.9584,52.76933002471924,0.08803939819335938,257.5077430613334,838.8608
