,acc_overall,training_probe time,inference time,training_probe flops,inference flops
0,0.9644,55.50642681121826,0.09419465065002441,257.5077430613334,838.8608
