,acc_overall,training_probe time,inference time,training_probe flops,inference flops
0,0.9275,1.0982840061187744,0.0308229923248291,0.9921181013333333,3.2768
