,acc_overall,training_probe time,inference time,training_probe flops,inference flops
0,0.8321,31.624537229537964,9.14765214920044,0.18627839999999998,25.35636
