,acc_overall,training_probe time,inference time,training_probe flops,inference flops
0,0.5044,1.3047122955322266,0.10831880569458008,0.8331810133333333,3.2768
