,acc_overall,training_probe time,inference time,training_probe flops,inference flops
0,0.5514,121.3245747089386,1.6419000625610352,266.9814306133333,838.8608
