,acc_overall,training_probe time,inference time,training_probe flops,inference flops
0,0.5331,118.74562096595764,1.6047015190124512,266.9814306133333,838.8608
