,acc_overall,training_probe time,inference time,training_probe flops,inference flops
0,0.5315,10.292271614074707,0.3206779956817627,14.001984853333331,52.4288
