,acc_overall,training_probe time,inference time,training_probe flops,inference flops
0,1.92,18.506972312927246,0.05563211441040039,209715200,16384000000
