,acc_overall,training_probe time,inference time,training_probe flops,inference flops
0,0.7983,47.11536765098572,8.56382131576538,0.13685759999999997,45.44236
