,acc_overall,training_probe time,inference time,training_probe flops,inference flops
0,0.7945,2.4345943927764893,0.008751869201660156,3.7754166666666666,12.5
