,acc_overall,training_probe time,inference time,training_probe flops,inference flops
0,0.7524,3.158730983734131,0.006897449493408203,3.7754166666666666,12.5
