,acc_overall,training_probe time,inference time,training_probe flops,inference flops
0,0.5012,2.924443244934082,0.011270284652709961,3.7754166666666666,12.5
