,acc_overall,training_probe time,inference time,training_probe flops,inference flops
0,0.04339999705553055,0.011540412902832031,0.0004885196685791016,12825600,262120000
