,acc_overall,training_probe time,inference time,training_probe flops,inference flops
0,0.032099999487400055,0.011072635650634766,0.0015254020690917969,205209600,4178920000
