,acc_overall,training_probe time,inference time,training_probe flops,inference flops
0,0.030899999663233757,0.010960102081298828,0.0012767314910888672,205209600,4178920000
