,acc_overall,training_probe time,inference time,training_probe flops,inference flops
0,0.9884,2.4203317165374756,0.16283559799194336,3.854166666666667,12.5
