,acc_overall,training_probe time,inference time,training_probe flops,inference flops
0,0.4143,6.95140528678894,0.018215417861938477,13.222278485333334,52.4288
