,acc_overall,training_probe time,inference time,training_probe flops,inference flops
0,0.4338,0.7961041927337646,0.04073190689086914,0.8269981013333334,3.2768
