,acc_overall,training_probe time,inference time,training_probe flops,inference flops
0,0.381,46.34825563430786,0.08676719665527344,215.54422306133335,838.8608
