,acc_overall,training_probe time,inference time,training_probe flops,inference flops
0,0.3937,47.18257665634155,0.09403228759765625,215.54422306133335,838.8608
