,acc_overall,training_probe time,inference time,training_probe flops,inference flops
0,0.65829998254776,0.001264810562133789,0.00031948089599609375,12502500,30100000
