,acc_overall,training_probe time,inference time,training_probe flops,inference flops
0,0.6545999646186829,0.010997533798217773,0.0005555152893066406,12502500,30100000
