,acc_overall,training_probe time,inference time,training_probe flops,inference flops
0,0.6735000014305115,0.0012600421905517578,0.0003204345703125,12502500,30100000
