,acc_overall,training_probe time,inference time,training_probe flops,inference flops
0,0.6202999949455261,0.0018520355224609375,0.00037479400634765625,51210240,122980000
