,acc_overall,training_probe time,inference time,training_probe flops,inference flops
0,0.8552999496459961,0.0012972354888916016,0.00032591819763183594,15002500,30100000
