,acc_overall,training_probe time,inference time,training_probe flops,inference flops
0,0.8694999814033508,0.011007308959960938,0.0007033348083496094,15002500,30100000
