,acc_overall,training_probe time,inference time,training_probe flops,inference flops
0,0.8709999918937683,0.0013077259063720703,0.0003256797790527344,15002500,30100000
