,acc_overall,training_probe time,inference time,training_probe flops,inference flops
0,0.0088,208.51310396194458,31.637826919555664,10840.318498133332,67108.864
