,acc_overall,training_probe time,inference time,training_probe flops,inference flops
0,0.0075,212.04241490364075,28.890727996826172,10840.318498133332,67108.864
