,acc_overall,training_probe time,inference time,training_probe flops,inference flops
0,0.811,129.57370686531067,11.146368265151978,0.48660479999999995,688.759
