,acc_overall,training_probe time,inference time,training_probe flops,inference flops
0,0.7498,67.25105404853821,9.267027854919434,0.12165119999999999,42.5078
