,acc_overall,training_probe time,inference time,training_probe flops,inference flops
0,0.7038,123.57010507583618,15.487898349761963,0.48660479999999995,704.585
