,acc_overall,training_probe time,inference time,training_probe flops,inference flops
0,0.6432,53.08615589141846,9.308188438415527,0.030412799999999997,2.2412
