,acc_overall,training_probe time,inference time,training_probe flops,inference flops
0,0.1853,2.6270346641540527,0.16990876197814941,3.229166666666667,12.5
