,acc_overall,training_probe time,inference time,training_probe flops,inference flops
0,0.4243,27.814601182937622,0.695688009262085,59.58707882666667,209.7152
