,acc_overall,training_probe time,inference time,training_probe flops,inference flops
0,0.9438,7.082474708557129,0.02810049057006836,15.848838485333333,52.4288
