,acc_overall,training_probe time,inference time,training_probe flops,inference flops
0,0.9293,59.85229849815369,0.08595538139343262,257.5077430613334,838.8608
