,acc_overall,training_probe time,inference time,training_probe flops,inference flops
0,0.9247,1.0420222282409668,0.02572488784790039,0.9921181013333333,3.2768
