,acc_overall,training_probe time,inference time,training_probe flops,inference flops
0,0.9002,42.89702892303467,0.0649418830871582,257.5077430613334,838.8608
