,acc_overall,training_probe time,inference time,training_probe flops,inference flops
0,0.1682,46.36626625061035,11.631349086761475,0.025344000000000005,3.0966
