,acc_overall,training_probe time,inference time,training_probe flops,inference flops
0,0.3643,108.83523511886597,10.121771097183228,0.4055040000000001,480.028
