,acc_overall,training_probe time,inference time,training_probe flops,inference flops
0,0.3797,99.56871199607849,10.85816740989685,0.4055040000000001,678.878
