,acc_overall,training_probe time,inference time,training_probe flops,inference flops
0,0.2634,48.860801458358765,8.062200546264648,0.10137600000000002,47.63752
