,acc_overall,training_probe time,inference time,training_probe flops,inference flops
0,0.9226,132.11334657669067,21.96783137321472,0.48660480000000006,669.653
