,acc_overall,training_probe time,inference time,training_probe flops,inference flops
0,0.7189,58.21771192550659,12.162364482879639,0.030412800000000004,2.4284
