,acc_overall,training_probe time,inference time,training_probe flops,inference flops
0,0.9015,55.81446433067322,6.765715599060059,0.12165120000000001,43.15544
