,acc_overall,training_probe time,inference time,training_probe flops,inference flops
0,0.9384,134.8602590560913,20.25071954727173,0.48660480000000006,670.309
