,acc_overall,training_probe time,inference time,training_probe flops,inference flops
0,0.9689,120.20369911193848,2.022444486618042,308.9244706133333,838.8608
