,acc_overall,training_probe time,inference time,training_probe flops,inference flops
0,0.9634,1.102616548538208,0.15162229537963867,0.9970210133333333,3.2768
