,acc_overall,training_probe time,inference time,training_probe flops,inference flops
0,0.9683,113.23781704902649,1.5631499290466309,308.9244706133333,838.8608
