,acc_overall,training_probe time,inference time,training_probe flops,inference flops
0,0.9663,8.321964263916016,0.28025126457214355,16.623424853333333,52.4288
