,acc_overall,training_probe time,inference time,training_probe flops,inference flops
0,0.3578,29.181634664535522,2.2463302612304688,4.395281066666666,131.072
