,acc_overall,training_probe time,inference time,training_probe flops,inference flops
0,0.0149,260.05868196487427,34.25404191017151,5420.159249066666,33554.432
