,acc_overall,training_probe time,inference time,training_probe flops,inference flops
0,0.013,142.15172839164734,15.571845769882202,5420.159249066666,33554.432
