,acc_overall,training_probe time,inference time,training_probe flops,inference flops
0,0.9544,65.90063047409058,10.097121000289917,0.13685759999999997,43.62744
