,acc_overall,training_probe time,inference time,training_probe flops,inference flops
0,0.6554,2.9841513633728027,0.017093896865844727,3.1479166666666667,12.5
