,acc_overall,training_probe time,inference time,training_probe flops,inference flops
0,0.6519,2.6555569171905518,0.032726287841796875,3.1479166666666667,12.5
