,acc_overall,training_probe time,inference time,training_probe flops,inference flops
0,0.6555,1.981086015701294,0.013141632080078125,3.1479166666666667,12.5
