,acc_overall,training_probe time,inference time,training_probe flops,inference flops
0,0.6875,16.869405508041382,0.03492379188537598,53.19582788266666,209.7152
