,acc_overall,training_probe time,inference time,training_probe flops,inference flops
0,0.604,35.83335781097412,1.0219197273254395,59.58707882666667,209.7152
