,acc_overall,training_probe time,inference time,training_probe flops,inference flops
0,0.7376,2.7156291007995605,0.16234683990478516,3.229166666666667,12.5
