,acc_overall,training_probe time,inference time,training_probe flops,inference flops
0,0.3666,3.2163445949554443,0.20557689666748047,3.229166666666667,12.5
