,acc_overall,training_probe time,inference time,training_probe flops,inference flops
0,0.8321,58.17755365371704,9.823789358139038,0.18627839999999998,25.35636
