,acc_overall,training_probe time,inference time,training_probe flops,inference flops
0,0.0126,314.72580766677856,32.156975984573364,5420.159249066666,33554.432
