,acc_overall,training_probe time,inference time,training_probe flops,inference flops
0,0.2445,22.50802779197693,2.565946102142334,4.395281066666666,131.072
