,acc_overall,training_probe time,inference time,training_probe flops,inference flops
0,0.0129,276.2137064933777,31.194802045822144,5420.159249066666,33554.432
