,acc_overall,training_probe time,inference time,training_probe flops,inference flops
0,14.37,19.223023653030396,0.06885981559753418,209715200,16384000000
