,acc_overall,training_probe time,inference time,training_probe flops,inference flops
0,0.9735,97.10001635551453,7.302131414413452,0.48660479999999995,18.204
