,acc_overall,training_probe time,inference time,training_probe flops,inference flops
0,0.9676,52.7718722820282,11.741763353347778,0.12165119999999999,6.56892
