,acc_overall,training_probe time,inference time,training_probe flops,inference flops
0,0.9466,52.420265913009644,10.671942472457886,0.030412799999999997,1.3416
