,acc_overall,training_probe time,inference time,training_probe flops,inference flops
0,0.9699,132.87463235855103,13.237252235412598,0.48660479999999995,3.895
