,acc_overall,training_probe time,inference time,training_probe flops,inference flops
0,0.9688,120.89587688446045,1.648545265197754,308.9244706133333,838.8608
