,acc_overall,training_probe time,inference time,training_probe flops,inference flops
0,0.6822,13.33804440498352,0.29788804054260254,16.623424853333333,52.4288
