,acc_overall,training_probe time,inference time,training_probe flops,inference flops
0,0.9676,125.58528089523315,1.5321710109710693,308.9244706133333,838.8608
