,acc_overall,training_probe time,inference time,training_probe flops,inference flops
0,0.9111,1.4417119026184082,0.09482026100158691,0.9970210133333333,3.2768
