,acc_overall,training_probe time,inference time,training_probe flops,inference flops
0,0.9177999496459961,0.0015757083892822266,0.0003180503845214844,30725120,61540000
