,acc_overall,training_probe time,inference time,training_probe flops,inference flops
0,0.9537999629974365,0.0029039382934570312,0.0005712509155273438,122900480,245860000
