,acc_overall,training_probe time,inference time,training_probe flops,inference flops
0,0.9697999954223633,0.002924680709838867,0.0005688667297363281,122900480,245860000
