,acc_overall,training_probe time,inference time,training_probe flops,inference flops
0,0.8711999654769897,0.00128936767578125,0.00035500526428222656,7681280,15460000
