,acc_overall,training_probe time,inference time,training_probe flops,inference flops
0,0.5291000008583069,0.001239776611328125,0.00030517578125,12502500,30100000
