,acc_overall,training_probe time,inference time,training_probe flops,inference flops
0,0.5940999984741211,0.0013082027435302734,0.00033593177795410156,12502500,30100000
