,acc_overall,training_probe time,inference time,training_probe flops,inference flops
0,0.5704999566078186,0.0018677711486816406,0.0003688335418701172,51210240,122980000
