,acc_overall,training_probe time,inference time,training_probe flops,inference flops
0,0.6018999814987183,0.001238107681274414,0.00030994415283203125,12502500,30100000
