,acc_overall,training_probe time,inference time,training_probe flops,inference flops
0,0.2185,180.68337726593018,30.186198711395264,0.4055040000000001,649.891
