,acc_overall,training_probe time,inference time,training_probe flops,inference flops
0,0.5659,8066.2823786735535,58.63118624687195,3.2440320000000007,11327.6418
