,acc_overall,training_probe time,inference time,training_probe flops,inference flops
0,0.5768,8253.042635917664,52.823758363723755,3.2440320000000007,9178.78176
