,acc_overall,training_probe time,inference time,training_probe flops,inference flops
0,0.5067,2460.291526079178,38.19018840789795,1.6220160000000003,5799.22156
