,acc_overall,training_probe time,inference time,training_probe flops,inference flops
0,0.1396,47.61859941482544,7.783584117889404,0.10137600000000002,37.80984
