,acc_overall,training_probe time,inference time,training_probe flops,inference flops
0,0.5778,8149.33017206192,55.30357575416565,3.2440320000000007,10575.19668
