,acc_overall,training_probe time,inference time,training_probe flops,inference flops
0,0.5367,8078.48809838295,44.15776991844177,3.2440320000000007,7879.69968
