,acc_overall,training_probe time,inference time,training_probe flops,inference flops
0,0.3249,657.6521759033203,40.297508239746094,0.8110080000000002,2223.49284
