,acc_overall,training_probe time,inference time,training_probe flops,inference flops
0,0.5734,4161.1382784843445,45.95944666862488,3.2440320000000007,10048.87836
