,acc_overall,training_probe time,inference time,training_probe flops,inference flops
0,0.8625999689102173,0.0012798309326171875,0.00031304359436035156,15002500,30100000
