,acc_overall,training_probe time,inference time,training_probe flops,inference flops
0,0.8235999941825867,0.001657724380493164,0.0003261566162109375,34565760,69220000
