,acc_overall,training_probe time,inference time,training_probe flops,inference flops
0,0.8722999691963196,0.0012867450714111328,0.00034737586975097656,15002500,30100000
