,acc_overall,training_probe time,inference time,training_probe flops,inference flops
0,0.8648999929428101,0.011182069778442383,0.0006320476531982422,15002500,30100000
