,acc_overall,training_probe time,inference time,training_probe flops,inference flops
0,0.8052,8.860357284545898,0.29419875144958496,16.623424853333333,52.4288
