,acc_overall,training_probe time,inference time,training_probe flops,inference flops
0,0.8527,1.1411118507385254,0.12438130378723145,0.9970210133333333,3.2768
