,acc_overall,training_probe time,inference time,training_probe flops,inference flops
0,0.9432,122.04881119728088,1.5677692890167236,308.9244706133333,838.8608
