,acc_overall,training_probe time,inference time,training_probe flops,inference flops
0,0.7187,3.8810665607452393,0.19463205337524414,3.229166666666667,12.5
