,acc_overall,training_probe time,inference time,training_probe flops,inference flops
0,0.5871,2.7182815074920654,0.17700481414794922,3.229166666666667,12.5
