,acc_overall,training_probe time,inference time,training_probe flops,inference flops
0,0.5815,32.18708658218384,0.7234103679656982,59.58707882666667,209.7152
