,acc_overall,training_probe time,inference time,training_probe flops,inference flops
0,0.9543,45.924813985824585,0.05837082862854004,257.5077430613334,838.8608
