,acc_overall,training_probe time,inference time,training_probe flops,inference flops
0,0.9441,7.5350306034088135,0.017384052276611328,15.848838485333333,52.4288
