,acc_overall,training_probe time,inference time,training_probe flops,inference flops
0,0.9228,1.1303119659423828,0.00513148307800293,0.9921181013333333,3.2768
