,acc_overall,training_probe time,inference time,training_probe flops,inference flops
0,0.9607,48.83487153053284,0.06786537170410156,257.5077430613334,838.8608
