,acc_overall,training_probe time,inference time,training_probe flops,inference flops
0,0.44529998302459717,0.0025632381439208984,0.0005688667297363281,102420480,245860000
