,acc_overall,training_probe time,inference time,training_probe flops,inference flops
0,0.38670000433921814,0.001224517822265625,0.0003173351287841797,6401280,15460000
