,acc_overall,training_probe time,inference time,training_probe flops,inference flops
0,0.4544000029563904,0.002613067626953125,0.0005791187286376953,102420480,245860000
