,acc_overall,training_probe time,inference time,training_probe flops,inference flops
0,0.9507,2.8370747566223145,0.14143800735473633,3.854166666666667,12.5
