,acc_overall,training_probe time,inference time,training_probe flops,inference flops
0,0.6464,5.132580280303955,0.013254880905151367,3.1479166666666667,12.5
