,acc_overall,training_probe time,inference time,training_probe flops,inference flops
0,0.68,28.887160778045654,0.05432939529418945,53.19582788266666,209.7152
