,acc_overall,training_probe time,inference time,training_probe flops,inference flops
0,0.6239,3.229656219482422,0.019493579864501953,3.1479166666666667,12.5
