,acc_overall,training_probe time,inference time,training_probe flops,inference flops
0,0.5498999953269958,0.004100799560546875,0.0003371238708496094,12502500,30100000
