,acc_overall,training_probe time,inference time,training_probe flops,inference flops
0,0.5970999598503113,0.001280069351196289,0.0003101825714111328,12502500,30100000
