,acc_overall,training_probe time,inference time,training_probe flops,inference flops
0,0.5990999937057495,0.0012426376342773438,0.0003132820129394531,12502500,30100000
