,acc_overall,training_probe time,inference time,training_probe flops,inference flops
0,0.5744999647140503,0.0018341541290283203,0.00036215782165527344,51210240,122980000
