,acc_overall,training_probe time,inference time,training_probe flops,inference flops
0,0.3256,2562.9949684143066,27.812440872192383,0.8110079999999996,3106.284
