,acc_overall,training_probe time,inference time,training_probe flops,inference flops
0,0.312,2400.1454141139984,28.691086530685425,0.8110079999999996,3274.87572
