,acc_overall,training_probe time,inference time,training_probe flops,inference flops
0,0.2763,56.0001323223114,16.387399911880493,0.050687999999999976,53.70012
