,acc_overall,training_probe time,inference time,training_probe flops,inference flops
0,0.9656999707221985,0.0013103485107421875,0.00031280517578125,15002500,30100000
