,acc_overall,training_probe time,inference time,training_probe flops,inference flops
0,0.9702999591827393,0.0012836456298828125,0.00031256675720214844,15002500,30100000
