,acc_overall,training_probe time,inference time,training_probe flops,inference flops
0,0.9526000022888184,0.0016565322875976562,0.000324249267578125,34565760,69220000
