,acc_overall,training_probe time,inference time,training_probe flops,inference flops
0,0.09939999878406525,0.024919986724853516,0.0017902851104736328,410419200,8275920000
