,acc_overall,training_probe time,inference time,training_probe flops,inference flops
0,0.10130000114440918,0.02184295654296875,0.0017817020416259766,410419200,8275920000
