,acc_overall,training_probe time,inference time,training_probe flops,inference flops
0,0.1014999970793724,0.017336368560791016,0.00036907196044921875,25651200,519120000
