,acc_overall,training_probe time,inference time,training_probe flops,inference flops
0,0.3994,2.2701499462127686,0.18950581550598145,3.229166666666667,12.5
