,acc_overall,training_probe time,inference time,training_probe flops,inference flops
0,0.4607,27.909886121749878,0.6653950214385986,59.58707882666667,209.7152
