,acc_overall,training_probe time,inference time,training_probe flops,inference flops
0,0.8017,127.62535262107849,13.083670616149902,0.48660479999999995,696.262
