,acc_overall,training_probe time,inference time,training_probe flops,inference flops
0,0.6288,53.27730393409729,12.479503154754639,0.030412799999999997,2.3582
