,acc_overall,training_probe time,inference time,training_probe flops,inference flops
0,0.7303,53.73989009857178,7.204325437545776,0.12165119999999999,43.47412
