,acc_overall,training_probe time,inference time,training_probe flops,inference flops
0,0.6868,135.3687334060669,15.476178169250488,0.48660479999999995,706.881
