,acc_overall,training_probe time,inference time,training_probe flops,inference flops
0,0.4283,0.7298429012298584,0.07469558715820312,0.8331810133333333,3.2768
