,acc_overall,training_probe time,inference time,training_probe flops,inference flops
0,0.3985,91.59821915626526,1.5571372509002686,266.9814306133333,838.8608
