,acc_overall,training_probe time,inference time,training_probe flops,inference flops
0,0.4296,5.431458234786987,0.2675490379333496,14.001984853333331,52.4288
