,acc_overall,training_probe time,inference time,training_probe flops,inference flops
0,0.4183,87.60574316978455,1.636420488357544,266.9814306133333,838.8608
