,acc_overall,training_probe time,inference time,training_probe flops,inference flops
0,0.8742,1.7945888042449951,0.22231054306030273,3.854166666666667,12.5
