,acc_overall,training_probe time,inference time,training_probe flops,inference flops
0,0.9479,0.7718076705932617,0.07402467727661133,0.9970210133333333,3.2768
