,acc_overall,training_probe time,inference time,training_probe flops,inference flops
0,0.9508,120.52405548095703,1.729412317276001,308.9244706133333,838.8608
