,acc_overall,training_probe time,inference time,training_probe flops,inference flops
0,0.9476,116.6730854511261,1.6156787872314453,308.9244706133333,838.8608
