,acc_overall,training_probe time,inference time,training_probe flops,inference flops
0,0.9566,7.352919578552246,0.2947375774383545,16.623424853333333,52.4288
