,acc_overall,training_probe time,inference time,training_probe flops,inference flops
0,0.9597,119.39418578147888,7.742418527603149,0.48660479999999995,635.746
