,acc_overall,training_probe time,inference time,training_probe flops,inference flops
0,0.9359,57.21683120727539,8.67355990409851,0.12165119999999999,41.87044
