,acc_overall,training_probe time,inference time,training_probe flops,inference flops
0,0.9605,125.29038667678833,15.398461818695068,0.48660479999999995,606.349
