,acc_overall,training_probe time,inference time,training_probe flops,inference flops
0,0.7823,50.83500409126282,12.747841358184814,0.030412799999999997,2.3426
