,acc_overall,training_probe time,inference time,training_probe flops,inference flops
0,0.8321,51.85740423202515,5.284424304962158,0.18627839999999998,25.35636
