,acc_overall,training_probe time,inference time,training_probe flops,inference flops
0,0.3848,61.92209506034851,13.546783208847046,0.20275200000000004,167.05332
