,acc_overall,training_probe time,inference time,training_probe flops,inference flops
0,0.0156,320.8075587749481,28.803603172302246,5420.159249066666,33554.432
