,acc_overall,training_probe time,inference time,training_probe flops,inference flops
0,0.0167,227.46312618255615,40.10346746444702,5420.159249066666,33554.432
