,acc_overall,training_probe time,inference time,training_probe flops,inference flops
0,0.3696,24.51725935935974,2.253016233444214,4.395281066666666,131.072
