,acc_overall,training_probe time,inference time,training_probe flops,inference flops
0,14.39,19.522838592529297,0.0686788558959961,209715200,16384000000
