,acc_overall,training_probe time,inference time,training_probe flops,inference flops
0,14.2,19.402240753173828,0.06583094596862793,209715200,16384000000
