,acc_overall,training_probe time,inference time,training_probe flops,inference flops
0,0.044599998742341995,0.022069692611694336,0.0017881393432617188,410419200,8275920000
