,acc_overall,training_probe time,inference time,training_probe flops,inference flops
0,0.04729999974370003,0.017473459243774414,0.00037479400634765625,25651200,519120000
