,acc_overall,training_probe time,inference time,training_probe flops,inference flops
0,0.04559999704360962,0.0221712589263916,0.0017931461334228516,410419200,8275920000
