,acc_overall,training_probe time,inference time,training_probe flops,inference flops
0,0.8321,62.553362131118774,11.11531925201416,0.18627839999999998,25.35636
