,acc_overall,training_probe time,inference time,training_probe flops,inference flops
0,0.3046,6.944881439208984,0.04447150230407715,3.3007848106666664,131.072
