,acc_overall,training_probe time,inference time,training_probe flops,inference flops
0,0.3033,261.4849829673767,0.43485045433044434,884.8785844906666,33554.432
