,acc_overall,training_probe time,inference time,training_probe flops,inference flops
0,0.3153,251.66163444519043,0.6238512992858887,884.8785844906666,33554.432
