,acc_overall,training_probe time,inference time,training_probe flops,inference flops
0,0.6434,2.8558952808380127,0.21582674980163574,3.229166666666667,12.5
