,acc_overall,training_probe time,inference time,training_probe flops,inference flops
0,0.4456,3.2730438709259033,0.20236825942993164,3.229166666666667,12.5
