,acc_overall,training_probe time,inference time,training_probe flops,inference flops
0,0.7425,5.9251484870910645,0.24523544311523438,3.229166666666667,12.5
