,acc_overall,training_probe time,inference time,training_probe flops,inference flops
0,0.5688,25.411155462265015,0.6514463424682617,59.58707882666667,209.7152
