,acc_overall,training_probe time,inference time,training_probe flops,inference flops
0,0.8321,42.18210291862488,12.817055463790894,0.18627839999999998,25.35636
