,acc_overall,training_probe time,inference time,training_probe flops,inference flops
0,0.1972,472.04301404953003,0.34032273292541504,1723.9441844906667,67108.864
