,acc_overall,training_probe time,inference time,training_probe flops,inference flops
0,0.1893,526.154060125351,0.48163461685180664,1723.9441844906667,67108.864
