,acc_overall,training_probe time,inference time,training_probe flops,inference flops
0,0.174,10.992005825042725,0.055942535400390625,6.590384810666667,262.144
