,acc_overall,training_probe time,inference time,training_probe flops,inference flops
0,0.9928,2.301642656326294,0.012372255325317383,3.7754166666666666,12.5
