,acc_overall,training_probe time,inference time,training_probe flops,inference flops
0,0.9927,2.3191192150115967,0.010900497436523438,3.7754166666666666,12.5
