,acc_overall,training_probe time,inference time,training_probe flops,inference flops
0,0.962,11.476410388946533,0.3374443054199219,16.623424853333333,52.4288
