,acc_overall,training_probe time,inference time,training_probe flops,inference flops
0,0.9467,125.0256769657135,1.6481409072875977,308.9244706133333,838.8608
