,acc_overall,training_probe time,inference time,training_probe flops,inference flops
0,0.9588,114.68305611610413,1.6098551750183105,308.9244706133333,838.8608
