,acc_overall,training_probe time,inference time,training_probe flops,inference flops
0,0.6032,0.9497361183166504,0.11174654960632324,0.9970210133333333,3.2768
