,acc_overall,training_probe time,inference time,training_probe flops,inference flops
0,0.5361,45.22601795196533,0.07493758201599121,215.54422306133335,838.8608
