,acc_overall,training_probe time,inference time,training_probe flops,inference flops
0,0.5248,5.854391574859619,0.018165111541748047,13.222278485333334,52.4288
