,acc_overall,training_probe time,inference time,training_probe flops,inference flops
0,0.5074,0.7171933650970459,0.024183273315429688,0.8269981013333334,3.2768
