,acc_overall,training_probe time,inference time,training_probe flops,inference flops
0,0.5349,49.91508412361145,0.0749504566192627,215.54422306133335,838.8608
