,acc_overall,training_probe time,inference time,training_probe flops,inference flops
0,0.9544,61.51009392738342,13.227176904678345,0.13685759999999997,43.62744
