,acc_overall,training_probe time,inference time,training_probe flops,inference flops
0,0.3848,67.80864191055298,16.895103454589844,0.20275200000000004,167.05332
