,acc_overall,training_probe time,inference time,training_probe flops,inference flops
0,0.7189,52.84796071052551,13.53784441947937,0.030412800000000004,2.4284
