,acc_overall,training_probe time,inference time,training_probe flops,inference flops
0,0.9384,108.8104989528656,18.325053215026855,0.48660480000000006,670.309
