,acc_overall,training_probe time,inference time,training_probe flops,inference flops
0,0.9226,122.078861951828,21.155885696411133,0.48660480000000006,669.653
