,acc_overall,training_probe time,inference time,training_probe flops,inference flops
0,0.9015,46.810524702072144,10.285560846328735,0.12165120000000001,43.15544
