,acc_overall,training_probe time,inference time,training_probe flops,inference flops
0,0.8711999654769897,0.0012929439544677734,0.0003237724304199219,7681280,15460000
