,acc_overall,training_probe time,inference time,training_probe flops,inference flops
0,0.9537999629974365,0.002897500991821289,0.0005609989166259766,122900480,245860000
