,acc_overall,training_probe time,inference time,training_probe flops,inference flops
0,0.9177999496459961,0.048445940017700195,0.0024557113647460938,30725120,61540000
