,acc_overall,training_probe time,inference time,training_probe flops,inference flops
0,0.9697999954223633,0.002945423126220703,0.0005655288696289062,122900480,245860000
