,acc_overall,training_probe time,inference time,training_probe flops,inference flops
0,0.8685999512672424,0.0048754215240478516,0.0003619194030761719,30725120,61540000
