,acc_overall,training_probe time,inference time,training_probe flops,inference flops
0,0.8619999885559082,0.0014197826385498047,0.0003879070281982422,7681280,15460000
