,acc_overall,training_probe time,inference time,training_probe flops,inference flops
0,0.8607999682426453,0.010814428329467773,0.0007212162017822266,122900480,245860000
