,acc_overall,training_probe time,inference time,training_probe flops,inference flops
0,0.873199999332428,0.002926349639892578,0.0005724430084228516,122900480,245860000
