,acc_overall,training_probe time,inference time,training_probe flops,inference flops
0,0.0234,81.37201833724976,12.020412921905518,0.10137599999999994,10.43868
