,acc_overall,training_probe time,inference time,training_probe flops,inference flops
0,0.0264,5315.828159093857,29.072953462600708,1.622015999999999,1214.72916
