,acc_overall,training_probe time,inference time,training_probe flops,inference flops
0,0.0287,5396.009961366653,34.150803089141846,1.622015999999999,317.10324
