,acc_overall,training_probe time,inference time,training_probe flops,inference flops
0,0.6288,49.3800151348114,11.855541229248047,0.030412799999999997,2.3582
