,acc_overall,training_probe time,inference time,training_probe flops,inference flops
0,0.6868,108.03332304954529,20.63310170173645,0.48660479999999995,706.881
