,acc_overall,training_probe time,inference time,training_probe flops,inference flops
0,0.7303,49.106478452682495,7.938500881195068,0.12165119999999999,43.47412
