,acc_overall,training_probe time,inference time,training_probe flops,inference flops
0,0.0111,224.7726194858551,33.200865745544434,5420.159249066666,33554.432
