,acc_overall,training_probe time,inference time,training_probe flops,inference flops
0,0.2525,58.24351906776428,2.149976968765259,4.395281066666666,131.072
