,acc_overall,training_probe time,inference time,training_probe flops,inference flops
0,0.0124,297.3016674518585,32.42289686203003,5420.159249066666,33554.432
