,acc_overall,training_probe time,inference time,training_probe flops,inference flops
0,0.4031,25.901314973831177,4.991338491439819,0.10137599999999998,45.06752
