,acc_overall,training_probe time,inference time,training_probe flops,inference flops
0,0.2835,193.78446221351624,8.44156289100647,0.6082560000000001,351.11228
