,acc_overall,training_probe time,inference time,training_probe flops,inference flops
0,0.4987,126.8562421798706,9.789766550064087,0.4055039999999999,610.982
