,acc_overall,training_probe time,inference time,training_probe flops,inference flops
0,0.4982,106.81167006492615,9.79152536392212,0.4055039999999999,377.282
