,acc_overall,training_probe time,inference time,training_probe flops,inference flops
0,0.241,27.954317569732666,5.434528112411499,0.025343999999999995,3.0654
