,acc_overall,training_probe time,inference time,training_probe flops,inference flops
0,0.2898,2935.3186469078064,29.43283772468567,0.8110079999999996,2793.1968
