,acc_overall,training_probe time,inference time,training_probe flops,inference flops
0,0.2996,2887.4776668548584,29.025254011154175,0.8110079999999996,2404.7064
