,acc_overall,training_probe time,inference time,training_probe flops,inference flops
0,0.2649,72.59634470939636,18.105172634124756,0.050687999999999976,46.94052
