,acc_overall,training_probe time,inference time,training_probe flops,inference flops
0,0.8222999572753906,0.0013153553009033203,0.0003123283386230469,15002500,30100000
