,acc_overall,training_probe time,inference time,training_probe flops,inference flops
0,0.8467999696731567,0.0012753009796142578,0.00032901763916015625,15002500,30100000
