,acc_overall,training_probe time,inference time,training_probe flops,inference flops
0,0.8364999890327454,0.0012869834899902344,0.0003223419189453125,15002500,30100000
