,acc_overall,training_probe time,inference time,training_probe flops,inference flops
0,0.8057000041007996,0.005201816558837891,0.0004851818084716797,34565760,69220000
