,acc_overall,training_probe time,inference time,training_probe flops,inference flops
0,0.0836,5255.689504146576,25.070254802703857,1.622015999999999,779.76744
