,acc_overall,training_probe time,inference time,training_probe flops,inference flops
0,0.0782,5645.205275774002,28.515845775604248,1.622015999999999,2804.6712
