,acc_overall,training_probe time,inference time,training_probe flops,inference flops
0,0.0556,63.04184317588806,11.470079183578491,0.10137599999999994,10.61412
