,acc_overall,training_probe time,inference time,training_probe flops,inference flops
0,0.981,50.4004909992218,0.0848085880279541,257.5077430613334,838.8608
