,acc_overall,training_probe time,inference time,training_probe flops,inference flops
0,0.9525,1.2500758171081543,0.010306119918823242,0.9921181013333333,3.2768
