,acc_overall,training_probe time,inference time,training_probe flops,inference flops
0,0.9725,8.332948923110962,0.027373790740966797,15.848838485333333,52.4288
