,acc_overall,training_probe time,inference time,training_probe flops,inference flops
0,0.9805,51.696086168289185,0.08069849014282227,257.5077430613334,838.8608
