,acc_overall,training_probe time,inference time,training_probe flops,inference flops
0,0.8859999775886536,0.001302957534790039,0.0003254413604736328,15002500,30100000
