,acc_overall,training_probe time,inference time,training_probe flops,inference flops
0,0.9109999537467957,0.001277923583984375,0.0003211498260498047,15002500,30100000
