,acc_overall,training_probe time,inference time,training_probe flops,inference flops
0,0.9162999987602234,0.001650094985961914,0.0003247261047363281,34565760,69220000
