,acc_overall,training_probe time,inference time,training_probe flops,inference flops
0,0.6359999775886536,0.0012736320495605469,0.00031566619873046875,15002500,30100000
