,acc_overall,training_probe time,inference time,training_probe flops,inference flops
0,0.3343999981880188,0.0026578903198242188,0.0005843639373779297,102420480,245860000
