,acc_overall,training_probe time,inference time,training_probe flops,inference flops
0,0.37119999527931213,0.0011870861053466797,0.0003197193145751953,6401280,15460000
