,acc_overall,training_probe time,inference time,training_probe flops,inference flops
0,0.409199982881546,0.001461029052734375,0.00035500526428222656,25605120,61540000
