,acc_overall,training_probe time,inference time,training_probe flops,inference flops
0,0.41099998354911804,0.002603292465209961,0.0005600452423095703,102420480,245860000
