,acc_overall,training_probe time,inference time,training_probe flops,inference flops
0,0.8869,3.2556912899017334,0.18375039100646973,3.854166666666667,12.5
