,acc_overall,training_probe time,inference time,training_probe flops,inference flops
0,0.372,107.75096726417542,14.127252340316772,0.4055040000000001,674.983
