,acc_overall,training_probe time,inference time,training_probe flops,inference flops
0,0.3611,105.38821959495544,17.275428295135498,0.4055040000000001,482.078
