,acc_overall,training_probe time,inference time,training_probe flops,inference flops
0,0.1693,43.88904023170471,5.681962490081787,0.025344000000000005,3.0914
