,acc_overall,training_probe time,inference time,training_probe flops,inference flops
0,0.269,55.098838090896606,9.09315013885498,0.10137600000000002,47.58612
