,acc_overall,training_probe time,inference time,training_probe flops,inference flops
0,0.9695000052452087,0.0012922286987304688,0.0003228187561035156,15002500,30100000
