,acc_overall,training_probe time,inference time,training_probe flops,inference flops
0,0.9625999927520752,0.0012695789337158203,0.0003173351287841797,15002500,30100000
