,acc_overall,training_probe time,inference time,training_probe flops,inference flops
0,0.9630999565124512,0.0012814998626708984,0.00032973289489746094,15002500,30100000
