,acc_overall,training_probe time,inference time,training_probe flops,inference flops
0,0.9626,2.556276321411133,0.01599574089050293,3.7754166666666666,12.5
