,acc_overall,training_probe time,inference time,training_probe flops,inference flops
0,0.9525,2.4972727298736572,0.021874666213989258,3.7754166666666666,12.5
