,acc_overall,training_probe time,inference time,training_probe flops,inference flops
0,0.1641,8.501603364944458,0.03871035575866699,3.3007848106666664,131.072
