,acc_overall,training_probe time,inference time,training_probe flops,inference flops
0,0.0964,344.3821198940277,0.4701809883117676,884.8785844906666,33554.432
