,acc_overall,training_probe time,inference time,training_probe flops,inference flops
0,0.1454,355.100599527359,0.3482820987701416,884.8785844906666,33554.432
