,acc_overall,training_probe time,inference time,training_probe flops,inference flops
0,0.3816,77.9518084526062,1.556413173675537,266.9814306133333,838.8608
