,acc_overall,training_probe time,inference time,training_probe flops,inference flops
0,0.4336,7.115458011627197,0.2664194107055664,14.001984853333331,52.4288
