,acc_overall,training_probe time,inference time,training_probe flops,inference flops
0,0.4158,94.44854593276978,1.530536413192749,266.9814306133333,838.8608
