,acc_overall,training_probe time,inference time,training_probe flops,inference flops
0,0.4202,0.7189338207244873,0.12245774269104004,0.8331810133333333,3.2768
