,acc_overall,training_probe time,inference time,training_probe flops,inference flops
0,0.6187999844551086,0.0018634796142578125,0.00036835670471191406,51210240,122980000
