,acc_overall,training_probe time,inference time,training_probe flops,inference flops
0,0.6609999537467957,0.001260519027709961,0.00031185150146484375,12502500,30100000
