,acc_overall,training_probe time,inference time,training_probe flops,inference flops
0,0.3391000032424927,0.0026235580444335938,0.0005650520324707031,102420480,245860000
