,acc_overall,training_probe time,inference time,training_probe flops,inference flops
0,0.4108999967575073,0.0027701854705810547,0.0005767345428466797,102420480,245860000
