,acc_overall,training_probe time,inference time,training_probe flops,inference flops
0,0.962,56.919066429138184,10.58001708984375,0.13685760000000002,43.09568
