,acc_overall,training_probe time,inference time,training_probe flops,inference flops
0,0.8321,66.53893494606018,11.6701078414917,0.18627839999999998,25.35636
