,acc_overall,training_probe time,inference time,training_probe flops,inference flops
0,0.70660001039505,0.0012590885162353516,0.00033926963806152344,12502500,30100000
