,acc_overall,training_probe time,inference time,training_probe flops,inference flops
0,0.7421999573707581,0.001321554183959961,0.0003173351287841797,12502500,30100000
