,acc_overall,training_probe time,inference time,training_probe flops,inference flops
0,0.7304999828338623,0.001247406005859375,0.0003230571746826172,12502500,30100000
