,acc_overall,training_probe time,inference time,training_probe flops,inference flops
0,0.6559999585151672,0.0018951892852783203,0.00038743019104003906,51210240,122980000
