,acc_overall,training_probe time,inference time,training_probe flops,inference flops
0,0.9276999831199646,0.001558065414428711,0.0003185272216796875,30725120,61540000
