,acc_overall,training_probe time,inference time,training_probe flops,inference flops
0,0.9430999755859375,0.0028815269470214844,0.0005652904510498047,122900480,245860000
