,acc_overall,training_probe time,inference time,training_probe flops,inference flops
0,0.8761999607086182,0.010013580322265625,0.0005772113800048828,7681280,15460000
