,acc_overall,training_probe time,inference time,training_probe flops,inference flops
0,7.82,19.510576248168945,0.06886672973632812,209715200,16384000000
