,acc_overall,training_probe time,inference time,training_probe flops,inference flops
0,7.35,19.827619791030884,0.07072234153747559,209715200,16384000000
