,acc_overall,training_probe time,inference time,training_probe flops,inference flops
0,0.8648,11.774775505065918,0.22991061210632324,3.854166666666667,12.5
