,acc_overall,training_probe time,inference time,training_probe flops,inference flops
0,0.8733999729156494,0.0012814998626708984,0.00032806396484375,7681280,15460000
