,acc_overall,training_probe time,inference time,training_probe flops,inference flops
0,0.9176999926567078,0.0015461444854736328,0.0003185272216796875,30725120,61540000
