,acc_overall,training_probe time,inference time,training_probe flops,inference flops
0,0.9528999924659729,0.002941131591796875,0.0005640983581542969,122900480,245860000
