,acc_overall,training_probe time,inference time,training_probe flops,inference flops
0,0.6509,2.4159047603607178,0.03211832046508789,3.7754166666666666,12.5
