,acc_overall,training_probe time,inference time,training_probe flops,inference flops
0,0.8048,2.372255802154541,0.0077610015869140625,3.7754166666666666,12.5
