,acc_overall,training_probe time,inference time,training_probe flops,inference flops
0,0.8202,2.873030662536621,0.01586747169494629,3.7754166666666666,12.5
