,acc_overall,training_probe time,inference time,training_probe flops,inference flops
0,0.8103,3.2043068408966064,0.18737053871154785,3.854166666666667,12.5
