,acc_overall,training_probe time,inference time,training_probe flops,inference flops
0,0.8321,66.14936566352844,12.71987247467041,0.18627839999999998,25.35636
