,acc_overall,training_probe time,inference time,training_probe flops,inference flops
0,0.962,53.04692220687866,9.534849166870117,0.13685760000000002,43.09568
