,acc_overall,training_probe time,inference time,training_probe flops,inference flops
0,0.9146,1.2215054035186768,0.17344069480895996,0.9970210133333333,3.2768
