,acc_overall,training_probe time,inference time,training_probe flops,inference flops
0,0.9529,6.830344200134277,0.31427550315856934,16.623424853333333,52.4288
