,acc_overall,training_probe time,inference time,training_probe flops,inference flops
0,0.653,116.093017578125,1.7357001304626465,308.9244706133333,838.8608
