,acc_overall,training_probe time,inference time,training_probe flops,inference flops
0,0.6405,112.55872249603271,1.6389503479003906,308.9244706133333,838.8608
