,acc_overall,training_probe time,inference time,training_probe flops,inference flops
0,0.0482,300.50879192352295,0.25600123405456543,1723.9441844906667,67108.864
