,acc_overall,training_probe time,inference time,training_probe flops,inference flops
0,0.0441,505.7145516872406,0.25228357315063477,1723.9441844906667,67108.864
