,acc_overall,training_probe time,inference time,training_probe flops,inference flops
0,0.0775,6.245055913925171,0.0315699577331543,6.590384810666667,262.144
