,acc_overall,training_probe time,inference time,training_probe flops,inference flops
0,0.03460000082850456,0.01123189926147461,0.0012784004211425781,205209600,4178920000
