,acc_overall,training_probe time,inference time,training_probe flops,inference flops
0,0.041600000113248825,0.01578068733215332,0.0012874603271484375,205209600,4178920000
