,acc_overall,training_probe time,inference time,training_probe flops,inference flops
0,0.06749999523162842,0.008683204650878906,0.00034618377685546875,12825600,262120000
