,acc_overall,training_probe time,inference time,training_probe flops,inference flops
0,0.7397,2.101456642150879,0.01186227798461914,3.1479166666666667,12.5
