,acc_overall,training_probe time,inference time,training_probe flops,inference flops
0,0.7338,2.1518449783325195,0.011106014251708984,3.1479166666666667,12.5
