,acc_overall,training_probe time,inference time,training_probe flops,inference flops
0,0.75,1.9329991340637207,0.021126508712768555,3.1479166666666667,12.5
