,acc_overall,training_probe time,inference time,training_probe flops,inference flops
0,0.7339,17.85167145729065,0.05745100975036621,53.19582788266666,209.7152
