,acc_overall,training_probe time,inference time,training_probe flops,inference flops
0,0.48069998621940613,0.0014777183532714844,0.00033974647521972656,25605120,61540000
