,acc_overall,training_probe time,inference time,training_probe flops,inference flops
0,0.4221999943256378,0.0011851787567138672,0.0003173351287841797,6401280,15460000
