,acc_overall,training_probe time,inference time,training_probe flops,inference flops
0,0.5218999981880188,0.0026311874389648438,0.0005688667297363281,102420480,245860000
