,acc_overall,training_probe time,inference time,training_probe flops,inference flops
0,0.5360000133514404,0.0026221275329589844,0.0005788803100585938,102420480,245860000
