,acc_overall,training_probe time,inference time,training_probe flops,inference flops
0,0.04389999806880951,0.02236771583557129,0.00200653076171875,410419200,8275920000
