,acc_overall,training_probe time,inference time,training_probe flops,inference flops
0,0.04129999876022339,0.023792505264282227,0.0017809867858886719,410419200,8275920000
