,acc_overall,training_probe time,inference time,training_probe flops,inference flops
0,0.044499997049570084,0.023657798767089844,0.0004975795745849609,25651200,519120000
