,acc_overall,training_probe time,inference time,training_probe flops,inference flops
0,0.9521,32.84053325653076,13.598667860031128,0.030412799999999997,1.3676
