,acc_overall,training_probe time,inference time,training_probe flops,inference flops
0,0.9707,112.61861991882324,8.274889469146729,0.48660479999999995,15.949
