,acc_overall,training_probe time,inference time,training_probe flops,inference flops
0,0.965,110.27143239974976,8.598475217819214,0.48660479999999995,3.731
