,acc_overall,training_probe time,inference time,training_probe flops,inference flops
0,0.9692,47.47209572792053,12.747233867645264,0.12165119999999999,6.26052
