,acc_overall,training_probe time,inference time,training_probe flops,inference flops
0,0.885,3.4363903999328613,0.012326717376708984,3.7754166666666666,12.5
