,acc_overall,training_probe time,inference time,training_probe flops,inference flops
0,0.8812,3.60968279838562,0.016495943069458008,3.7754166666666666,12.5
