,acc_overall,training_probe time,inference time,training_probe flops,inference flops
0,0.8753,3.915332078933716,0.011453628540039062,3.7754166666666666,12.5
