,acc_overall,training_probe time,inference time,training_probe flops,inference flops
0,0.9603999853134155,0.0012636184692382812,0.00031685829162597656,15002500,30100000
