,acc_overall,training_probe time,inference time,training_probe flops,inference flops
0,0.9368999600410461,0.0012791156768798828,0.00033283233642578125,15002500,30100000
