,acc_overall,training_probe time,inference time,training_probe flops,inference flops
0,0.9602999687194824,0.0012781620025634766,0.0003261566162109375,15002500,30100000
