,acc_overall,training_probe time,inference time,training_probe flops,inference flops
0,0.7783,2.3526737689971924,0.19025254249572754,3.854166666666667,12.5
