,acc_overall,training_probe time,inference time,training_probe flops,inference flops
0,0.8199,2.495817184448242,0.006674528121948242,3.7754166666666666,12.5
