,acc_overall,training_probe time,inference time,training_probe flops,inference flops
0,0.7048,2.5477097034454346,0.012800931930541992,3.7754166666666666,12.5
