,acc_overall,training_probe time,inference time,training_probe flops,inference flops
0,0.8376,2.5549542903900146,0.00809931755065918,3.7754166666666666,12.5
