,acc_overall,training_probe time,inference time,training_probe flops,inference flops
0,0.2605,99.43960738182068,17.3564236164093,0.10137599999999998,36.55568
