,acc_overall,training_probe time,inference time,training_probe flops,inference flops
0,0.6256,8168.4314057827,43.12536120414734,3.2440319999999994,8083.54152
