,acc_overall,training_probe time,inference time,training_probe flops,inference flops
0,0.6628,8713.130143642426,64.24629616737366,3.2440319999999994,10942.5708
