,acc_overall,training_probe time,inference time,training_probe flops,inference flops
0,0.6669,4109.812838077545,63.05167818069458,3.2440319999999994,9923.03388
