,acc_overall,training_probe time,inference time,training_probe flops,inference flops
0,0.6504,1844.6741671562195,32.33016896247864,1.6220159999999997,5628.95024
