,acc_overall,training_probe time,inference time,training_probe flops,inference flops
0,0.551,674.8528652191162,44.7098605632782,0.8110079999999998,2155.1382
