,acc_overall,training_probe time,inference time,training_probe flops,inference flops
0,0.6617,8938.958468914032,56.155110120773315,3.2440319999999994,9328.22208
