,acc_overall,training_probe time,inference time,training_probe flops,inference flops
0,0.4544,177.37070560455322,34.24094891548157,0.4055039999999999,630.662
