,acc_overall,training_probe time,inference time,training_probe flops,inference flops
0,0.6646,7700.455898761749,55.949997425079346,3.2440319999999994,11266.03044
