,acc_overall,training_probe time,inference time,training_probe flops,inference flops
0,0.312,2497.2812263965607,24.781984329223633,0.8110079999999996,3274.87572
