,acc_overall,training_probe time,inference time,training_probe flops,inference flops
0,0.3256,2227.0629358291626,28.04384970664978,0.8110079999999996,3106.284
