,acc_overall,training_probe time,inference time,training_probe flops,inference flops
0,0.2763,46.46360969543457,12.841080904006958,0.050687999999999976,53.70012
