,acc_overall,training_probe time,inference time,training_probe flops,inference flops
0,0.7317,2.5225918292999268,0.017110824584960938,3.1479166666666667,12.5
