,acc_overall,training_probe time,inference time,training_probe flops,inference flops
0,0.7402,2.783625841140747,0.008191108703613281,3.1479166666666667,12.5
