,acc_overall,training_probe time,inference time,training_probe flops,inference flops
0,0.7282,22.702088594436646,0.06209158897399902,53.19582788266666,209.7152
