,acc_overall,training_probe time,inference time,training_probe flops,inference flops
0,0.738,2.5947678089141846,0.013174772262573242,3.1479166666666667,12.5
