,acc_overall,training_probe time,inference time,training_probe flops,inference flops
0,0.9662,2.1597654819488525,0.010422706604003906,3.7754166666666666,12.5
