,acc_overall,training_probe time,inference time,training_probe flops,inference flops
0,0.9322,1.9802215099334717,0.008613109588623047,3.7754166666666666,12.5
