,acc_overall,training_probe time,inference time,training_probe flops,inference flops
0,0.9563,2.452558994293213,0.014606952667236328,3.7754166666666666,12.5
