,acc_overall,training_probe time,inference time,training_probe flops,inference flops
0,0.8467,1.6582272052764893,0.12695932388305664,3.854166666666667,12.5
