,acc_overall,training_probe time,inference time,training_probe flops,inference flops
0,0.4341000020503998,0.0018529891967773438,0.00036454200744628906,51210240,122980000
