,acc_overall,training_probe time,inference time,training_probe flops,inference flops
0,0.31759998202323914,0.0012843608856201172,0.0003178119659423828,12502500,30100000
