,acc_overall,training_probe time,inference time,training_probe flops,inference flops
0,0.39489999413490295,0.0012557506561279297,0.0003192424774169922,12502500,30100000
