,acc_overall,training_probe time,inference time,training_probe flops,inference flops
0,0.990399956703186,0.0012738704681396484,0.0003199577331542969,15002500,30100000
