,acc_overall,training_probe time,inference time,training_probe flops,inference flops
0,0.9875999689102173,0.0012662410736083984,0.00033283233642578125,15002500,30100000
