,acc_overall,training_probe time,inference time,training_probe flops,inference flops
0,0.9900999665260315,0.001264810562133789,0.0003209114074707031,15002500,30100000
