,acc_overall,training_probe time,inference time,training_probe flops,inference flops
0,0.9670999646186829,0.00164031982421875,0.0003268718719482422,34565760,69220000
