,acc_overall,training_probe time,inference time,training_probe flops,inference flops
0,0.9623,2.6801645755767822,0.15349745750427246,3.854166666666667,12.5
