,acc_overall,training_probe time,inference time,training_probe flops,inference flops
0,0.1658,63.993144512176514,4.021782636642456,8.790562133333331,262.144
