,acc_overall,training_probe time,inference time,training_probe flops,inference flops
0,0.0147,429.7557578086853,70.19985866546631,10840.318498133332,67108.864
