,acc_overall,training_probe time,inference time,training_probe flops,inference flops
0,0.0089,513.3511793613434,43.84382724761963,10840.318498133332,67108.864
