,acc_overall,training_probe time,inference time,training_probe flops,inference flops
0,0.9627999663352966,0.001325845718383789,0.0003268718719482422,15002500,30100000
