,acc_overall,training_probe time,inference time,training_probe flops,inference flops
0,0.9476999640464783,0.0016498565673828125,0.0003218650817871094,34565760,69220000
