,acc_overall,training_probe time,inference time,training_probe flops,inference flops
0,0.9624999761581421,0.0012562274932861328,0.00032329559326171875,15002500,30100000
