,acc_overall,training_probe time,inference time,training_probe flops,inference flops
0,0.6014,2.1266047954559326,0.013176679611206055,3.1479166666666667,12.5
