,acc_overall,training_probe time,inference time,training_probe flops,inference flops
0,0.5712,2.432873249053955,0.013553619384765625,3.1479166666666667,12.5
