,acc_overall,training_probe time,inference time,training_probe flops,inference flops
0,0.6452,15.188838958740234,0.047241926193237305,53.19582788266666,209.7152
