,acc_overall,training_probe time,inference time,training_probe flops,inference flops
0,0.5865,3.9966301918029785,0.012067317962646484,3.1479166666666667,12.5
