,acc_overall,training_probe time,inference time,training_probe flops,inference flops
0,0.3296999931335449,0.011144161224365234,0.00151824951171875,205209600,4178920000
