,acc_overall,training_probe time,inference time,training_probe flops,inference flops
0,0.33629998564720154,0.012021541595458984,0.0012905597686767578,205209600,4178920000
