,acc_overall,training_probe time,inference time,training_probe flops,inference flops
0,0.3118000030517578,0.01148223876953125,0.00048470497131347656,12825600,262120000
