,acc_overall,training_probe time,inference time,training_probe flops,inference flops
0,0.038,2672.772033214569,22.83650517463684,0.8110079999999998,565.524
