,acc_overall,training_probe time,inference time,training_probe flops,inference flops
0,0.033,77.39133954048157,22.506320238113403,0.05068799999999999,103.47348
