,acc_overall,training_probe time,inference time,training_probe flops,inference flops
0,0.0472,2178.5021715164185,24.02841544151306,0.8110079999999998,1756.15692
