,acc_overall,training_probe time,inference time,training_probe flops,inference flops
0,0.4737,0.7447116374969482,0.17386102676391602,0.8331810133333333,3.2768
