,acc_overall,training_probe time,inference time,training_probe flops,inference flops
0,0.4814,92.05927157402039,1.7393712997436523,266.9814306133333,838.8608
