,acc_overall,training_probe time,inference time,training_probe flops,inference flops
0,0.4796,110.1198410987854,1.660003662109375,266.9814306133333,838.8608
