,acc_overall,training_probe time,inference time,training_probe flops,inference flops
0,0.334,58.42330455780029,15.783199787139893,0.05068799999999999,49.2522
