,acc_overall,training_probe time,inference time,training_probe flops,inference flops
0,0.3863,2513.8803033828735,26.83252453804016,0.8110079999999998,2830.65252
