,acc_overall,training_probe time,inference time,training_probe flops,inference flops
0,0.3744,2421.4976618289948,25.65787363052368,0.8110079999999998,3044.65008
