,acc_overall,training_probe time,inference time,training_probe flops,inference flops
0,0.8321,45.168522119522095,8.351336002349854,0.18627839999999998,25.35636
