,acc_overall,training_probe time,inference time,training_probe flops,inference flops
0,0.9619,60.78210735321045,12.539523601531982,0.13685760000000002,41.00332
