,acc_overall,training_probe time,inference time,training_probe flops,inference flops
0,0.8590999841690063,0.0013012886047363281,0.0003311634063720703,7681280,15460000
