,acc_overall,training_probe time,inference time,training_probe flops,inference flops
0,0.8556999564170837,0.01081228256225586,0.0007810592651367188,122900480,245860000
