,acc_overall,training_probe time,inference time,training_probe flops,inference flops
0,0.865399956703186,0.0015747547149658203,0.0003383159637451172,30725120,61540000
