,acc_overall,training_probe time,inference time,training_probe flops,inference flops
0,0.653,123.07616114616394,1.526679515838623,308.9244706133333,838.8608
