,acc_overall,training_probe time,inference time,training_probe flops,inference flops
0,0.9529,9.85765814781189,0.4723193645477295,16.623424853333333,52.4288
