,acc_overall,training_probe time,inference time,training_probe flops,inference flops
0,0.9146,0.8946628570556641,0.10965180397033691,0.9970210133333333,3.2768
