,acc_overall,training_probe time,inference time,training_probe flops,inference flops
0,0.6405,114.4513885974884,1.7057218551635742,308.9244706133333,838.8608
