,acc_overall,training_probe time,inference time,training_probe flops,inference flops
0,0.3325999975204468,0.010059356689453125,0.0003693103790283203,12502500,30100000
