,acc_overall,training_probe time,inference time,training_probe flops,inference flops
0,0.43949997425079346,0.001260995864868164,0.00033020973205566406,12502500,30100000
