,acc_overall,training_probe time,inference time,training_probe flops,inference flops
0,0.445499986410141,0.0018491744995117188,0.0003590583801269531,51210240,122980000
