,acc_overall,training_probe time,inference time,training_probe flops,inference flops
0,0.16539999842643738,0.021719932556152344,0.0017862319946289062,410419200,8275920000
