,acc_overall,training_probe time,inference time,training_probe flops,inference flops
0,0.1589999943971634,0.01743173599243164,0.00037217140197753906,25651200,519120000
