,acc_overall,training_probe time,inference time,training_probe flops,inference flops
0,0.17059999704360962,0.02184581756591797,0.001787424087524414,410419200,8275920000
