,acc_overall,training_probe time,inference time,training_probe flops,inference flops
0,0.9226,115.48950290679932,15.135100364685059,0.48660480000000006,669.653
