,acc_overall,training_probe time,inference time,training_probe flops,inference flops
0,0.9015,57.31905817985535,6.9628236293792725,0.12165120000000001,43.15544
