,acc_overall,training_probe time,inference time,training_probe flops,inference flops
0,0.7189,46.69686937332153,8.324802160263062,0.030412800000000004,2.4284
