,acc_overall,training_probe time,inference time,training_probe flops,inference flops
0,0.9484,2.5001649856567383,0.12683868408203125,3.854166666666667,12.5
