,acc_overall,training_probe time,inference time,training_probe flops,inference flops
0,0.9522,2.6005234718322754,0.11893939971923828,3.854166666666667,12.5
