,acc_overall,training_probe time,inference time,training_probe flops,inference flops
0,0.6778,26.757487058639526,0.05484151840209961,53.19582788266666,209.7152
