,acc_overall,training_probe time,inference time,training_probe flops,inference flops
0,0.6557,5.029357194900513,0.013091564178466797,3.1479166666666667,12.5
