,acc_overall,training_probe time,inference time,training_probe flops,inference flops
0,0.6438,2.671780824661255,0.016091585159301758,3.1479166666666667,12.5
