,acc_overall,training_probe time,inference time,training_probe flops,inference flops
0,0.6331,2.8810126781463623,0.016905784606933594,3.1479166666666667,12.5
