,acc_overall,training_probe time,inference time,training_probe flops,inference flops
0,0.4065,50.49032640457153,6.959017038345337,0.10137599999999998,45.4376
