,acc_overall,training_probe time,inference time,training_probe flops,inference flops
0,0.2404,30.894322872161865,13.918835878372192,0.025343999999999995,3.055
