,acc_overall,training_probe time,inference time,training_probe flops,inference flops
0,0.2835,218.2042112350464,8.207385063171387,0.6082560000000001,351.11228
