,acc_overall,training_probe time,inference time,training_probe flops,inference flops
0,0.4984,118.12290525436401,12.294631481170654,0.4055039999999999,616.681
