,acc_overall,training_probe time,inference time,training_probe flops,inference flops
0,0.284,33.780982971191406,0.0642099380493164,215.54422306133335,838.8608
