,acc_overall,training_probe time,inference time,training_probe flops,inference flops
0,0.3394,5.309638261795044,0.020922183990478516,13.222278485333334,52.4288
