,acc_overall,training_probe time,inference time,training_probe flops,inference flops
0,0.3757,0.7820982933044434,0.015007972717285156,0.8269981013333334,3.2768
