,acc_overall,training_probe time,inference time,training_probe flops,inference flops
0,0.2891,41.5709707736969,0.05975770950317383,215.54422306133335,838.8608
