,acc_overall,training_probe time,inference time,training_probe flops,inference flops
0,0.7191999554634094,0.0012760162353515625,0.00033020973205566406,12502500,30100000
