,acc_overall,training_probe time,inference time,training_probe flops,inference flops
0,0.6624000072479248,0.001847982406616211,0.00036406517028808594,51210240,122980000
