,acc_overall,training_probe time,inference time,training_probe flops,inference flops
0,0.736299991607666,0.0012650489807128906,0.00032019615173339844,12502500,30100000
