,acc_overall,training_probe time,inference time,training_probe flops,inference flops
0,0.7541999816894531,0.0012590885162353516,0.0003371238708496094,12502500,30100000
