,acc_overall,training_probe time,inference time,training_probe flops,inference flops
0,0.5908,4.485707521438599,0.03289389610290527,3.1479166666666667,12.5
