,acc_overall,training_probe time,inference time,training_probe flops,inference flops
0,0.5712,2.3108484745025635,0.019021987915039062,3.1479166666666667,12.5
