,acc_overall,training_probe time,inference time,training_probe flops,inference flops
0,0.6106,2.476682662963867,0.01144552230834961,3.1479166666666667,12.5
