,acc_overall,training_probe time,inference time,training_probe flops,inference flops
0,0.6557,14.48032283782959,0.05042243003845215,53.19582788266666,209.7152
