,acc_overall,training_probe time,inference time,training_probe flops,inference flops
0,0.1161,299.98165917396545,0.558483362197876,884.8785844906666,33554.432
