,acc_overall,training_probe time,inference time,training_probe flops,inference flops
0,0.1438,7.437818288803101,0.06550931930541992,3.3007848106666664,131.072
