,acc_overall,training_probe time,inference time,training_probe flops,inference flops
0,0.9074,5.85945725440979,0.014734745025634766,3.7754166666666666,12.5
