,acc_overall,training_probe time,inference time,training_probe flops,inference flops
0,0.8961,3.005472421646118,0.02063751220703125,3.7754166666666666,12.5
