,acc_overall,training_probe time,inference time,training_probe flops,inference flops
0,0.9038,6.30072808265686,0.017063140869140625,3.7754166666666666,12.5
