,acc_overall,training_probe time,inference time,training_probe flops,inference flops
0,0.8011,44.155988931655884,10.426801681518555,0.13685759999999997,44.42508
