,acc_overall,training_probe time,inference time,training_probe flops,inference flops
0,0.0111,391.9327862262726,67.99485611915588,10840.318498133332,67108.864
