,acc_overall,training_probe time,inference time,training_probe flops,inference flops
0,0.0091,374.16487669944763,51.457056760787964,10840.318498133332,67108.864
