,acc_overall,training_probe time,inference time,training_probe flops,inference flops
0,0.1764,8.225272417068481,0.043465375900268555,6.590384810666667,262.144
