,acc_overall,training_probe time,inference time,training_probe flops,inference flops
0,0.2052,476.852463722229,0.5078215599060059,1723.9441844906667,67108.864
