,acc_overall,training_probe time,inference time,training_probe flops,inference flops
0,0.1979,523.2455987930298,0.4117581844329834,1723.9441844906667,67108.864
