,acc_overall,training_probe time,inference time,training_probe flops,inference flops
0,0.6831,54.00109839439392,10.447567224502563,0.18627840000000004,51.68736
