,acc_overall,training_probe time,inference time,training_probe flops,inference flops
0,0.6831,71.08816838264465,15.075130939483643,0.18627840000000004,51.68736
