,acc_overall,training_probe time,inference time,training_probe flops,inference flops
0,0.7187,3.8932108879089355,0.16694140434265137,3.229166666666667,12.5
