,acc_overall,training_probe time,inference time,training_probe flops,inference flops
0,0.5815,51.50579881668091,0.6771435737609863,59.58707882666667,209.7152
