,acc_overall,training_probe time,inference time,training_probe flops,inference flops
0,0.8321,57.36511945724487,4.908639192581177,0.18627839999999998,25.35636
