,acc_overall,training_probe time,inference time,training_probe flops,inference flops
0,0.0883,94.5452151298523,2.9856677055358887,8.790562133333331,262.144
