,acc_overall,training_probe time,inference time,training_probe flops,inference flops
0,0.0065,591.5416207313538,45.38131260871887,10840.318498133332,67108.864
