,acc_overall,training_probe time,inference time,training_probe flops,inference flops
0,0.3312,6.516341209411621,0.02105402946472168,13.222278485333334,52.4288
