,acc_overall,training_probe time,inference time,training_probe flops,inference flops
0,0.2793,39.52222299575806,0.06933093070983887,215.54422306133335,838.8608
