,acc_overall,training_probe time,inference time,training_probe flops,inference flops
0,0.3654,0.8415911197662354,0.004393577575683594,0.8269981013333334,3.2768
