,acc_overall,training_probe time,inference time,training_probe flops,inference flops
0,0.2907,41.53905892372131,0.06319046020507812,215.54422306133335,838.8608
