,acc_overall,training_probe time,inference time,training_probe flops,inference flops
0,0.4685,49.196836948394775,0.09212088584899902,215.54422306133335,838.8608
