,acc_overall,training_probe time,inference time,training_probe flops,inference flops
0,0.4774,6.42237114906311,0.026973247528076172,13.222278485333334,52.4288
