,acc_overall,training_probe time,inference time,training_probe flops,inference flops
0,0.4651,0.8745512962341309,0.004352092742919922,0.8269981013333334,3.2768
