,acc_overall,training_probe time,inference time,training_probe flops,inference flops
0,0.4836,42.089150190353394,0.08903646469116211,215.54422306133335,838.8608
