,acc_overall,training_probe time,inference time,training_probe flops,inference flops
0,0.8321,55.11990690231323,15.141454696655273,0.18627839999999998,25.35636
