,acc_overall,training_probe time,inference time,training_probe flops,inference flops
0,0.9619,71.15145492553711,15.547669887542725,0.13685760000000002,41.00332
