,acc_overall,training_probe time,inference time,training_probe flops,inference flops
0,0.803,37.53413391113281,12.891915798187256,0.13685759999999997,44.99152
