,acc_overall,training_probe time,inference time,training_probe flops,inference flops
0,0.9418999552726746,0.0016510486602783203,0.00036263465881347656,34565760,69220000
