,acc_overall,training_probe time,inference time,training_probe flops,inference flops
0,0.9598000049591064,0.0013020038604736328,0.0003609657287597656,15002500,30100000
