,acc_overall,training_probe time,inference time,training_probe flops,inference flops
0,0.9343000054359436,0.0012810230255126953,0.000331878662109375,15002500,30100000
