,acc_overall,training_probe time,inference time,training_probe flops,inference flops
0,0.9580999612808228,0.0012857913970947266,0.0003447532653808594,15002500,30100000
