,acc_overall,training_probe time,inference time,training_probe flops,inference flops
0,0.9666,7.7747437953948975,0.29418063163757324,16.623424853333333,52.4288
