,acc_overall,training_probe time,inference time,training_probe flops,inference flops
0,0.8417,1.2182495594024658,0.15320849418640137,0.9970210133333333,3.2768
