,acc_overall,training_probe time,inference time,training_probe flops,inference flops
0,0.9671,122.86543989181519,1.5527477264404297,308.9244706133333,838.8608
