,acc_overall,training_probe time,inference time,training_probe flops,inference flops
0,0.9655,118.38673830032349,1.5577890872955322,308.9244706133333,838.8608
