,acc_overall,training_probe time,inference time,training_probe flops,inference flops
0,0.1979,384.4844799041748,0.5529677867889404,1723.9441844906667,67108.864
