,acc_overall,training_probe time,inference time,training_probe flops,inference flops
0,0.2052,376.9714529514313,0.39900851249694824,1723.9441844906667,67108.864
