,acc_overall,training_probe time,inference time,training_probe flops,inference flops
0,0.1764,10.943567037582397,0.03303813934326172,6.590384810666667,262.144
