,acc_overall,training_probe time,inference time,training_probe flops,inference flops
0,0.9588,2.281532049179077,0.02901434898376465,3.7754166666666666,12.5
