,acc_overall,training_probe time,inference time,training_probe flops,inference flops
0,0.9265,2.2327146530151367,0.0064105987548828125,3.7754166666666666,12.5
