,acc_overall,training_probe time,inference time,training_probe flops,inference flops
0,0.9554,2.4720444679260254,0.009257793426513672,3.7754166666666666,12.5
