,acc_overall,training_probe time,inference time,training_probe flops,inference flops
0,0.9384999871253967,0.0053212642669677734,0.0005252361297607422,34565760,69220000
