,acc_overall,training_probe time,inference time,training_probe flops,inference flops
0,0.8619999885559082,0.0012874603271484375,0.00035858154296875,15002500,30100000
