,acc_overall,training_probe time,inference time,training_probe flops,inference flops
0,0.9332999587059021,0.0012753009796142578,0.00032138824462890625,15002500,30100000
