,acc_overall,training_probe time,inference time,training_probe flops,inference flops
0,0.9461999535560608,0.0012574195861816406,0.0003161430358886719,15002500,30100000
