,acc_overall,training_probe time,inference time,training_probe flops,inference flops
0,0.3858,2.8849830627441406,0.20514392852783203,3.229166666666667,12.5
