,acc_overall,training_probe time,inference time,training_probe flops,inference flops
0,0.3637,35.61737656593323,0.7174637317657471,59.58707882666667,209.7152
