,acc_overall,training_probe time,inference time,training_probe flops,inference flops
0,0.4707,109.54553866386414,1.6042475700378418,266.9814306133333,838.8608
