,acc_overall,training_probe time,inference time,training_probe flops,inference flops
0,0.468,7.736371755599976,0.25135350227355957,14.001984853333331,52.4288
