,acc_overall,training_probe time,inference time,training_probe flops,inference flops
0,0.4511,1.3716630935668945,0.0586543083190918,0.8331810133333333,3.2768
