,acc_overall,training_probe time,inference time,training_probe flops,inference flops
0,0.4578,114.33351540565491,1.7317888736724854,266.9814306133333,838.8608
