,acc_overall,training_probe time,inference time,training_probe flops,inference flops
0,0.90829998254776,0.0012917518615722656,0.0003268718719482422,15002500,30100000
