,acc_overall,training_probe time,inference time,training_probe flops,inference flops
0,0.9283999800682068,0.0016207695007324219,0.0003142356872558594,34565760,69220000
