,acc_overall,training_probe time,inference time,training_probe flops,inference flops
0,0.725600004196167,0.011371135711669922,0.0007107257843017578,15002500,30100000
