,acc_overall,training_probe time,inference time,training_probe flops,inference flops
0,0.8845999836921692,0.0012695789337158203,0.0003261566162109375,15002500,30100000
