,acc_overall,training_probe time,inference time,training_probe flops,inference flops
0,0.1323,5479.740927457809,20.110772371292114,1.6220160000000003,907.87092
