,acc_overall,training_probe time,inference time,training_probe flops,inference flops
0,0.1268,5328.177099943161,30.599895238876343,1.6220160000000003,2990.7204
