,acc_overall,training_probe time,inference time,training_probe flops,inference flops
0,0.0789,81.21085524559021,8.326966285705566,0.10137600000000002,11.61516
