,acc_overall,training_probe time,inference time,training_probe flops,inference flops
0,0.4157,289.2063772678375,0.47049379348754883,884.8785844906666,33554.432
