,acc_overall,training_probe time,inference time,training_probe flops,inference flops
0,0.4059,349.4837362766266,0.4021914005279541,884.8785844906666,33554.432
