,acc_overall,training_probe time,inference time,training_probe flops,inference flops
0,0.3733,7.225409269332886,0.06122422218322754,3.3007848106666664,131.072
