,acc_overall,training_probe time,inference time,training_probe flops,inference flops
0,0.8321,61.61239695549011,13.127953052520752,0.18627839999999998,25.35636
