,acc_overall,training_probe time,inference time,training_probe flops,inference flops
0,0.7964,4.710708141326904,0.018502235412597656,3.7754166666666666,12.5
