,acc_overall,training_probe time,inference time,training_probe flops,inference flops
0,0.7394,2.259319543838501,0.008658170700073242,3.7754166666666666,12.5
