,acc_overall,training_probe time,inference time,training_probe flops,inference flops
0,0.4061,0.8313694000244141,0.014925718307495117,0.8269981013333334,3.2768
