,acc_overall,training_probe time,inference time,training_probe flops,inference flops
0,0.4134,41.406007528305054,0.059360504150390625,215.54422306133335,838.8608
