,acc_overall,training_probe time,inference time,training_probe flops,inference flops
0,0.416,4.762385845184326,0.011520862579345703,13.222278485333334,52.4288
