,acc_overall,training_probe time,inference time,training_probe flops,inference flops
0,0.4023,39.791035890579224,0.07205390930175781,215.54422306133335,838.8608
