,acc_overall,training_probe time,inference time,training_probe flops,inference flops
0,0.015,206.5217216014862,32.87974667549133,5420.159249066666,33554.432
