,acc_overall,training_probe time,inference time,training_probe flops,inference flops
0,0.0454,15.941611528396606,3.325887441635132,4.395281066666666,131.072
