,acc_overall,training_probe time,inference time,training_probe flops,inference flops
0,0.0114,197.5894980430603,27.659398317337036,5420.159249066666,33554.432
