,acc_overall,training_probe time,inference time,training_probe flops,inference flops
0,0.8321,71.9351634979248,5.617188930511475,0.18627839999999998,25.35636
