,acc_overall,training_probe time,inference time,training_probe flops,inference flops
0,0.9634,44.29239058494568,11.241311073303223,0.13685760000000002,42.45988
