,acc_overall,training_probe time,inference time,training_probe flops,inference flops
0,0.5056,1.320563793182373,0.195953369140625,0.8331810133333333,3.2768
