,acc_overall,training_probe time,inference time,training_probe flops,inference flops
0,0.5464,128.18384981155396,1.5731520652770996,266.9814306133333,838.8608
