,acc_overall,training_probe time,inference time,training_probe flops,inference flops
0,0.5422,118.29573726654053,1.617659091949463,266.9814306133333,838.8608
