,acc_overall,training_probe time,inference time,training_probe flops,inference flops
0,0.5295,8.570456266403198,0.32228565216064453,14.001984853333331,52.4288
