,acc_overall,training_probe time,inference time,training_probe flops,inference flops
0,0.46789997816085815,0.0015077590942382812,0.0003495216369628906,25605120,61540000
