,acc_overall,training_probe time,inference time,training_probe flops,inference flops
0,0.49399998784065247,0.0026280879974365234,0.0005574226379394531,102420480,245860000
