,acc_overall,training_probe time,inference time,training_probe flops,inference flops
0,0.40299999713897705,0.0012021064758300781,0.00032448768615722656,6401280,15460000
