,acc_overall,training_probe time,inference time,training_probe flops,inference flops
0,0.49549999833106995,0.0026366710662841797,0.0005624294281005859,102420480,245860000
