,acc_overall,training_probe time,inference time,training_probe flops,inference flops
0,0.1391,13.972017526626587,0.040508270263671875,6.590384810666667,262.144
