,acc_overall,training_probe time,inference time,training_probe flops,inference flops
0,0.1435,421.2009379863739,0.4279048442840576,1723.9441844906667,67108.864
