,acc_overall,training_probe time,inference time,training_probe flops,inference flops
0,0.1388,359.0705738067627,0.4920964241027832,1723.9441844906667,67108.864
