,acc_overall,training_probe time,inference time,training_probe flops,inference flops
0,0.790399968624115,0.0015985965728759766,0.0003151893615722656,34565760,69220000
