,acc_overall,training_probe time,inference time,training_probe flops,inference flops
0,0.7439000010490417,0.0012767314910888672,0.0003209114074707031,15002500,30100000
