,acc_overall,training_probe time,inference time,training_probe flops,inference flops
0,0.8161999583244324,0.0012707710266113281,0.0003333091735839844,15002500,30100000
