,acc_overall,training_probe time,inference time,training_probe flops,inference flops
0,0.8169999718666077,0.001302957534790039,0.00032782554626464844,15002500,30100000
