,acc_overall,training_probe time,inference time,training_probe flops,inference flops
0,0.4784,42.75156211853027,0.06622934341430664,215.54422306133335,838.8608
