,acc_overall,training_probe time,inference time,training_probe flops,inference flops
0,0.4557,0.8618159294128418,0.0044116973876953125,0.8269981013333334,3.2768
