,acc_overall,training_probe time,inference time,training_probe flops,inference flops
0,0.4707,39.58285665512085,0.08096432685852051,215.54422306133335,838.8608
