,acc_overall,training_probe time,inference time,training_probe flops,inference flops
0,0.467,4.648913621902466,0.02543926239013672,13.222278485333334,52.4288
