,acc_overall,training_probe time,inference time,training_probe flops,inference flops
0,0.9670999646186829,0.0016613006591796875,0.0003299713134765625,34565760,69220000
