,acc_overall,training_probe time,inference time,training_probe flops,inference flops
0,0.9921000003814697,0.0034821033477783203,0.0003807544708251953,15002500,30100000
