,acc_overall,training_probe time,inference time,training_probe flops,inference flops
0,0.988599956035614,0.0012791156768798828,0.00031566619873046875,15002500,30100000
