,acc_overall,training_probe time,inference time,training_probe flops,inference flops
0,0.9907999634742737,0.0012652873992919922,0.0003159046173095703,15002500,30100000
