,acc_overall,training_probe time,inference time,training_probe flops,inference flops
0,0.1589999943971634,0.02406930923461914,0.0005099773406982422,25651200,519120000
