,acc_overall,training_probe time,inference time,training_probe flops,inference flops
0,0.16539999842643738,0.021979808807373047,0.002015829086303711,410419200,8275920000
