,acc_overall,training_probe time,inference time,training_probe flops,inference flops
0,0.3666,40.151411056518555,0.676102876663208,59.58707882666667,209.7152
