,acc_overall,training_probe time,inference time,training_probe flops,inference flops
0,0.8949999809265137,0.0015726089477539062,0.00032973289489746094,30725120,61540000
