,acc_overall,training_probe time,inference time,training_probe flops,inference flops
0,0.9059999585151672,0.0029304027557373047,0.0005676746368408203,122900480,245860000
