,acc_overall,training_probe time,inference time,training_probe flops,inference flops
0,0.9103999733924866,0.0060765743255615234,0.0006771087646484375,122900480,245860000
