,acc_overall,training_probe time,inference time,training_probe flops,inference flops
0,0.8715999722480774,0.0012650489807128906,0.0003249645233154297,7681280,15460000
