,acc_overall,training_probe time,inference time,training_probe flops,inference flops
0,0.0125,311.94218492507935,26.374794244766235,5420.159249066666,33554.432
