,acc_overall,training_probe time,inference time,training_probe flops,inference flops
0,0.1355,37.99061036109924,2.293091058731079,4.395281066666666,131.072
