,acc_overall,training_probe time,inference time,training_probe flops,inference flops
0,0.0118,255.46792316436768,27.268113374710083,5420.159249066666,33554.432
