,acc_overall,training_probe time,inference time,training_probe flops,inference flops
0,0.8374999761581421,0.0016438961029052734,0.0003330707550048828,34565760,69220000
