,acc_overall,training_probe time,inference time,training_probe flops,inference flops
0,0.8781999945640564,0.0012772083282470703,0.0003154277801513672,15002500,30100000
