,acc_overall,training_probe time,inference time,training_probe flops,inference flops
0,0.9053999781608582,0.0013039112091064453,0.0003247261047363281,15002500,30100000
