,acc_overall,training_probe time,inference time,training_probe flops,inference flops
0,0.8907999992370605,0.0013310909271240234,0.000339508056640625,15002500,30100000
