,acc_overall,training_probe time,inference time,training_probe flops,inference flops
0,0.05199999734759331,0.02235865592956543,0.0018033981323242188,410419200,8275920000
