,acc_overall,training_probe time,inference time,training_probe flops,inference flops
0,0.05480000004172325,0.017068147659301758,0.00036454200744628906,25651200,519120000
