,acc_overall,training_probe time,inference time,training_probe flops,inference flops
0,0.04839999973773956,0.021773576736450195,0.0017812252044677734,410419200,8275920000
