,acc_overall,training_probe time,inference time,training_probe flops,inference flops
0,0.7983,41.12304329872131,10.437138557434082,0.13685759999999997,45.44236
