,acc_overall,training_probe time,inference time,training_probe flops,inference flops
0,0.4285,38.6184401512146,0.7357211112976074,59.58707882666667,209.7152
