,acc_overall,training_probe time,inference time,training_probe flops,inference flops
0,0.2203,2.069251775741577,0.020761966705322266,3.1479166666666667,12.5
