,acc_overall,training_probe time,inference time,training_probe flops,inference flops
0,0.3245,15.322003364562988,0.05365324020385742,53.19582788266666,209.7152
