,acc_overall,training_probe time,inference time,training_probe flops,inference flops
0,0.2245,2.115633487701416,0.012040853500366211,3.1479166666666667,12.5
