,acc_overall,training_probe time,inference time,training_probe flops,inference flops
0,0.1943,2.37900972366333,0.009367227554321289,3.1479166666666667,12.5
