,acc_overall,training_probe time,inference time,training_probe flops,inference flops
0,0.9131,0.8940651416778564,0.08760476112365723,0.9970210133333333,3.2768
