,acc_overall,training_probe time,inference time,training_probe flops,inference flops
0,0.6373,128.5347456932068,1.7691318988800049,308.9244706133333,838.8608
