,acc_overall,training_probe time,inference time,training_probe flops,inference flops
0,0.9194,9.811559200286865,0.2815697193145752,16.623424853333333,52.4288
