,acc_overall,training_probe time,inference time,training_probe flops,inference flops
0,0.7938,116.36422944068909,1.7800195217132568,308.9244706133333,838.8608
