,acc_overall,training_probe time,inference time,training_probe flops,inference flops
0,0.2634,38.74185371398926,7.609630346298218,0.10137600000000002,47.63752
