,acc_overall,training_probe time,inference time,training_probe flops,inference flops
0,0.3643,89.32100462913513,8.94873309135437,0.4055040000000001,480.028
