,acc_overall,training_probe time,inference time,training_probe flops,inference flops
0,0.3797,115.94528436660767,7.207208871841431,0.4055040000000001,678.878
