,acc_overall,training_probe time,inference time,training_probe flops,inference flops
0,0.1682,30.359392404556274,10.47049331665039,0.025344000000000005,3.0966
