,acc_overall,training_probe time,inference time,training_probe flops,inference flops
0,0.6831,47.40110468864441,14.147397756576538,0.18627840000000004,51.68736
