,acc_overall,training_probe time,inference time,training_probe flops,inference flops
0,0.7546,5.950817823410034,0.02200627326965332,3.7754166666666666,12.5
