,acc_overall,training_probe time,inference time,training_probe flops,inference flops
0,0.9371,5.976491451263428,0.016767501831054688,3.7754166666666666,12.5
