,acc_overall,training_probe time,inference time,training_probe flops,inference flops
0,0.9049,7.350232362747192,0.012052059173583984,3.7754166666666666,12.5
