,acc_overall,training_probe time,inference time,training_probe flops,inference flops
0,0.738,2.400841474533081,0.025219202041625977,3.1479166666666667,12.5
