,acc_overall,training_probe time,inference time,training_probe flops,inference flops
0,0.7282,18.62652611732483,0.058501482009887695,53.19582788266666,209.7152
