,acc_overall,training_probe time,inference time,training_probe flops,inference flops
0,0.7402,3.3973264694213867,0.010696172714233398,3.1479166666666667,12.5
