,acc_overall,training_probe time,inference time,training_probe flops,inference flops
0,0.7317,4.525960445404053,0.02862834930419922,3.1479166666666667,12.5
