,acc_overall,training_probe time,inference time,training_probe flops,inference flops
0,0.8779999613761902,0.0012938976287841797,0.0003266334533691406,15002500,30100000
