,acc_overall,training_probe time,inference time,training_probe flops,inference flops
0,0.8371999859809875,0.0016870498657226562,0.00033855438232421875,34565760,69220000
