,acc_overall,training_probe time,inference time,training_probe flops,inference flops
0,0.9068999886512756,0.0034711360931396484,0.0003666877746582031,15002500,30100000
