,acc_overall,training_probe time,inference time,training_probe flops,inference flops
0,0.8946999907493591,0.001293182373046875,0.00033545494079589844,15002500,30100000
