,acc_overall,training_probe time,inference time,training_probe flops,inference flops
0,0.9653,49.740456104278564,0.07566142082214355,257.5077430613334,838.8608
