,acc_overall,training_probe time,inference time,training_probe flops,inference flops
0,0.9658,52.66167426109314,0.06888484954833984,257.5077430613334,838.8608
