,acc_overall,training_probe time,inference time,training_probe flops,inference flops
0,0.9504,6.045795202255249,0.029466629028320312,15.848838485333333,52.4288
