,acc_overall,training_probe time,inference time,training_probe flops,inference flops
0,0.9297,1.3764042854309082,0.0356752872467041,0.9921181013333333,3.2768
