,acc_overall,training_probe time,inference time,training_probe flops,inference flops
0,0.8456999659538269,0.0012505054473876953,0.0003173351287841797,15002500,30100000
