,acc_overall,training_probe time,inference time,training_probe flops,inference flops
0,0.8359999656677246,0.001276254653930664,0.00032019615173339844,15002500,30100000
