,acc_overall,training_probe time,inference time,training_probe flops,inference flops
0,0.8068000078201294,0.0016362667083740234,0.00032258033752441406,34565760,69220000
