,acc_overall,training_probe time,inference time,training_probe flops,inference flops
0,0.8206999897956848,0.003626108169555664,0.00035309791564941406,15002500,30100000
