,acc_overall,training_probe time,inference time,training_probe flops,inference flops
0,0.9913,2.246199369430542,0.009444952011108398,3.7754166666666666,12.5
