,acc_overall,training_probe time,inference time,training_probe flops,inference flops
0,0.9914,2.3729536533355713,0.00813746452331543,3.7754166666666666,12.5
