,acc_overall,training_probe time,inference time,training_probe flops,inference flops
0,0.9912,2.345795154571533,0.013470172882080078,3.7754166666666666,12.5
