,acc_overall,training_probe time,inference time,training_probe flops,inference flops
0,0.6288,50.69527053833008,12.456863641738892,0.030412799999999997,2.3582
