,acc_overall,training_probe time,inference time,training_probe flops,inference flops
0,0.6868,134.9137818813324,18.048904418945312,0.48660479999999995,706.881
