,acc_overall,training_probe time,inference time,training_probe flops,inference flops
0,0.8017,119.54190516471863,11.035244226455688,0.48660479999999995,696.262
