,acc_overall,training_probe time,inference time,training_probe flops,inference flops
0,0.7303,55.47079873085022,11.487738847732544,0.12165119999999999,43.47412
