,acc_overall,training_probe time,inference time,training_probe flops,inference flops
0,0.1647000014781952,0.025452852249145508,0.0017764568328857422,410419200,8275920000
