,acc_overall,training_probe time,inference time,training_probe flops,inference flops
0,0.16369999945163727,0.021482467651367188,0.0017812252044677734,410419200,8275920000
