,acc_overall,training_probe time,inference time,training_probe flops,inference flops
0,0.15869998931884766,0.01847052574157715,0.0003707408905029297,25651200,519120000
