,acc_overall,training_probe time,inference time,training_probe flops,inference flops
0,0.8007,50.961634397506714,8.63694953918457,0.030412799999999997,2.3868
