,acc_overall,training_probe time,inference time,training_probe flops,inference flops
0,0.9549,120.16386532783508,9.63918137550354,0.48660479999999995,634.229
