,acc_overall,training_probe time,inference time,training_probe flops,inference flops
0,0.9327,51.55966830253601,8.453988313674927,0.12165119999999999,42.20968
