,acc_overall,training_probe time,inference time,training_probe flops,inference flops
0,0.9592,125.26722764968872,12.68613862991333,0.48660479999999995,604.955
