,acc_overall,training_probe time,inference time,training_probe flops,inference flops
0,0.9618,123.77843999862671,22.71080780029297,0.48660479999999995,598.231
