,acc_overall,training_probe time,inference time,training_probe flops,inference flops
0,0.9344,49.991761207580566,5.909882545471191,0.12165119999999999,42.919
