,acc_overall,training_probe time,inference time,training_probe flops,inference flops
0,0.8042,46.85458564758301,12.997937679290771,0.030412799999999997,2.4258
