,acc_overall,training_probe time,inference time,training_probe flops,inference flops
0,0.9618,124.86098051071167,13.194692134857178,0.48660479999999995,636.648
