,acc_overall,training_probe time,inference time,training_probe flops,inference flops
0,0.1787,268.6614451408386,0.3222172260284424,884.8785844906666,33554.432
