,acc_overall,training_probe time,inference time,training_probe flops,inference flops
0,0.2112,373.0445702075958,0.49073314666748047,884.8785844906666,33554.432
