,acc_overall,training_probe time,inference time,training_probe flops,inference flops
0,0.2319,7.404163360595703,0.02324509620666504,3.3007848106666664,131.072
