,acc_overall,training_probe time,inference time,training_probe flops,inference flops
0,0.3768,1.783818006515503,0.006866931915283203,3.1479166666666667,12.5
