,acc_overall,training_probe time,inference time,training_probe flops,inference flops
0,0.5226,11.18408727645874,0.03688621520996094,53.19582788266666,209.7152
