,acc_overall,training_probe time,inference time,training_probe flops,inference flops
0,0.4465,2.012620449066162,0.012596607208251953,3.1479166666666667,12.5
