,acc_overall,training_probe time,inference time,training_probe flops,inference flops
0,0.9131,0.7160129547119141,0.09348487854003906,0.9970210133333333,3.2768
