,acc_overall,training_probe time,inference time,training_probe flops,inference flops
0,0.9194,6.610100746154785,0.3511509895324707,16.623424853333333,52.4288
