,acc_overall,training_probe time,inference time,training_probe flops,inference flops
0,0.6373,112.49780797958374,1.6021347045898438,308.9244706133333,838.8608
