,acc_overall,training_probe time,inference time,training_probe flops,inference flops
0,0.7938,112.35286259651184,1.966179609298706,308.9244706133333,838.8608
