,acc_overall,training_probe time,inference time,training_probe flops,inference flops
0,0.0122,301.02518367767334,32.78909683227539,5420.159249066666,33554.432
