,acc_overall,training_probe time,inference time,training_probe flops,inference flops
0,0.3501,39.47930955886841,2.324794292449951,4.395281066666666,131.072
