,acc_overall,training_probe time,inference time,training_probe flops,inference flops
0,0.0121,240.55002784729004,27.337093591690063,5420.159249066666,33554.432
