,acc_overall,training_probe time,inference time,training_probe flops,inference flops
0,0.8708999752998352,0.0012638568878173828,0.00031948089599609375,15002500,30100000
