,acc_overall,training_probe time,inference time,training_probe flops,inference flops
0,0.820099949836731,0.00555419921875,0.0005123615264892578,34565760,69220000
