,acc_overall,training_probe time,inference time,training_probe flops,inference flops
0,0.8540999889373779,0.0012722015380859375,0.0003428459167480469,15002500,30100000
