,acc_overall,training_probe time,inference time,training_probe flops,inference flops
0,0.8708999752998352,0.0012633800506591797,0.0003192424774169922,15002500,30100000
