,acc_overall,training_probe time,inference time,training_probe flops,inference flops
0,0.942799985408783,0.0028502941131591797,0.0005521774291992188,122900480,245860000
