,acc_overall,training_probe time,inference time,training_probe flops,inference flops
0,0.9261999726295471,0.0015549659729003906,0.00032329559326171875,30725120,61540000
