,acc_overall,training_probe time,inference time,training_probe flops,inference flops
0,0.9521999955177307,0.002902984619140625,0.0005660057067871094,122900480,245860000
