,acc_overall,training_probe time,inference time,training_probe flops,inference flops
0,0.8769999742507935,0.0012645721435546875,0.00033473968505859375,7681280,15460000
