,acc_overall,training_probe time,inference time,training_probe flops,inference flops
0,0.8162999749183655,0.0012657642364501953,0.0003235340118408203,15002500,30100000
