,acc_overall,training_probe time,inference time,training_probe flops,inference flops
0,0.7971999645233154,0.0016636848449707031,0.00032258033752441406,34565760,69220000
