,acc_overall,training_probe time,inference time,training_probe flops,inference flops
0,0.8222999572753906,0.0012853145599365234,0.0003178119659423828,15002500,30100000
