,acc_overall,training_probe time,inference time,training_probe flops,inference flops
0,0.0103,223.80807304382324,32.58013296127319,10840.318498133332,67108.864
