,acc_overall,training_probe time,inference time,training_probe flops,inference flops
0,0.0151,227.19864654541016,31.517698526382446,10840.318498133332,67108.864
