,acc_overall,training_probe time,inference time,training_probe flops,inference flops
0,0.09519999474287033,0.01786494255065918,0.00036978721618652344,25651200,519120000
