,acc_overall,training_probe time,inference time,training_probe flops,inference flops
0,0.09709999710321426,0.02303338050842285,0.0018093585968017578,410419200,8275920000
