,acc_overall,training_probe time,inference time,training_probe flops,inference flops
0,0.09359999746084213,0.022135019302368164,0.0017828941345214844,410419200,8275920000
