,acc_overall,training_probe time,inference time,training_probe flops,inference flops
0,0.8031,6.001534461975098,0.019350528717041016,3.7754166666666666,12.5
