,acc_overall,training_probe time,inference time,training_probe flops,inference flops
0,0.8977,7.555180549621582,0.020604848861694336,3.7754166666666666,12.5
