,acc_overall,training_probe time,inference time,training_probe flops,inference flops
0,0.5019,6.608691692352295,0.01083230972290039,3.7754166666666666,12.5
