,acc_overall,training_probe time,inference time,training_probe flops,inference flops
0,0.9472000002861023,0.001313924789428711,0.00031566619873046875,15002500,30100000
