,acc_overall,training_probe time,inference time,training_probe flops,inference flops
0,0.8568999767303467,0.0012226104736328125,0.00031876564025878906,15002500,30100000
