,acc_overall,training_probe time,inference time,training_probe flops,inference flops
0,0.9371999502182007,0.0012888908386230469,0.0003497600555419922,15002500,30100000
