,acc_overall,training_probe time,inference time,training_probe flops,inference flops
0,0.9375,0.0016701221466064453,0.0003352165222167969,34565760,69220000
