,acc_overall,training_probe time,inference time,training_probe flops,inference flops
0,0.0071,528.9251093864441,43.08806014060974,10840.318498133332,67108.864
