,acc_overall,training_probe time,inference time,training_probe flops,inference flops
0,0.008,470.88708782196045,55.110363245010376,10840.318498133332,67108.864
