,acc_overall,training_probe time,inference time,training_probe flops,inference flops
0,0.5088,43.01506853103638,0.07659029960632324,215.54422306133335,838.8608
