,acc_overall,training_probe time,inference time,training_probe flops,inference flops
0,0.4994,37.331372022628784,0.0780484676361084,215.54422306133335,838.8608
