,acc_overall,training_probe time,inference time,training_probe flops,inference flops
0,0.5044,5.325172185897827,0.03313946723937988,13.222278485333334,52.4288
