,acc_overall,training_probe time,inference time,training_probe flops,inference flops
0,0.4964,0.8489198684692383,0.015010356903076172,0.8269981013333334,3.2768
