,acc_overall,training_probe time,inference time,training_probe flops,inference flops
0,0.9364,135.20176768302917,8.875213623046875,0.48660480000000006,675.803
