,acc_overall,training_probe time,inference time,training_probe flops,inference flops
0,0.9003,51.2378568649292,7.485699892044067,0.12165120000000001,43.5872
