,acc_overall,training_probe time,inference time,training_probe flops,inference flops
0,0.7058,52.148449182510376,11.670762538909912,0.030412800000000004,2.4544
