,acc_overall,training_probe time,inference time,training_probe flops,inference flops
0,0.9158,132.91784071922302,12.837422609329224,0.48660480000000006,673.384
