,acc_overall,training_probe time,inference time,training_probe flops,inference flops
0,0.0111,440.29760336875916,66.59985637664795,10840.318498133332,67108.864
