,acc_overall,training_probe time,inference time,training_probe flops,inference flops
0,0.0117,468.2632517814636,52.18590235710144,10840.318498133332,67108.864
