,acc_overall,training_probe time,inference time,training_probe flops,inference flops
0,0.6437,3.2731547355651855,0.16270065307617188,3.229166666666667,12.5
