,acc_overall,training_probe time,inference time,training_probe flops,inference flops
0,0.5484,46.08129858970642,0.7661864757537842,59.58707882666667,209.7152
