,acc_overall,training_probe time,inference time,training_probe flops,inference flops
0,0.6715999841690063,0.001285552978515625,0.0003247261047363281,15002500,30100000
