,acc_overall,training_probe time,inference time,training_probe flops,inference flops
0,0.9097999930381775,0.005232095718383789,0.0004961490631103516,34565760,69220000
