,acc_overall,training_probe time,inference time,training_probe flops,inference flops
0,0.8991000056266785,0.0012660026550292969,0.00031304359436035156,15002500,30100000
