,acc_overall,training_probe time,inference time,training_probe flops,inference flops
0,0.8761999607086182,0.001312255859375,0.00030803680419921875,15002500,30100000
