,acc_overall,training_probe time,inference time,training_probe flops,inference flops
0,0.8118,2.4028007984161377,0.010610342025756836,3.7754166666666666,12.5
