,acc_overall,training_probe time,inference time,training_probe flops,inference flops
0,0.9283999800682068,0.007202625274658203,0.0007619857788085938,122900480,245860000
