,acc_overall,training_probe time,inference time,training_probe flops,inference flops
0,0.9248999953269958,0.002941131591796875,0.0005614757537841797,122900480,245860000
