,acc_overall,training_probe time,inference time,training_probe flops,inference flops
0,0.8816999793052673,0.0012829303741455078,0.0003211498260498047,7681280,15460000
