,acc_overall,training_probe time,inference time,training_probe flops,inference flops
0,15.05,19.684946537017822,0.06950092315673828,209715200,16384000000
