,acc_overall,training_probe time,inference time,training_probe flops,inference flops
0,15.04,19.540841102600098,0.06880545616149902,209715200,16384000000
