,acc_overall,training_probe time,inference time,training_probe flops,inference flops
0,0.9248,1.1000525951385498,0.02645397186279297,0.9921181013333333,3.2768
