,acc_overall,training_probe time,inference time,training_probe flops,inference flops
0,0.9464,7.298106908798218,0.03198957443237305,15.848838485333333,52.4288
