,acc_overall,training_probe time,inference time,training_probe flops,inference flops
0,0.9614,58.57908320426941,0.07259917259216309,257.5077430613334,838.8608
