,acc_overall,training_probe time,inference time,training_probe flops,inference flops
0,0.9565,47.56184697151184,0.06347417831420898,257.5077430613334,838.8608
