,acc_overall,training_probe time,inference time,training_probe flops,inference flops
0,0.4007,64.6690661907196,15.143527030944824,0.20275200000000004,154.2078
