,acc_overall,training_probe time,inference time,training_probe flops,inference flops
0,0.9228000044822693,0.0013666152954101562,0.00035858154296875,15002500,30100000
