,acc_overall,training_probe time,inference time,training_probe flops,inference flops
0,0.9564999938011169,0.001262664794921875,0.00032782554626464844,15002500,30100000
