,acc_overall,training_probe time,inference time,training_probe flops,inference flops
0,0.9554999470710754,0.0012764930725097656,0.00031566619873046875,15002500,30100000
