,acc_overall,training_probe time,inference time,training_probe flops,inference flops
0,0.4168,4.986831426620483,0.020349979400634766,13.222278485333334,52.4288
