,acc_overall,training_probe time,inference time,training_probe flops,inference flops
0,0.4075,0.7875423431396484,0.0309755802154541,0.8269981013333334,3.2768
