,acc_overall,training_probe time,inference time,training_probe flops,inference flops
0,0.4079,41.59007906913757,0.0865011215209961,215.54422306133335,838.8608
