,acc_overall,training_probe time,inference time,training_probe flops,inference flops
0,0.35199999809265137,0.03540635108947754,0.0013921260833740234,205209600,4178920000
