,acc_overall,training_probe time,inference time,training_probe flops,inference flops
0,0.3199999928474426,0.008526802062988281,0.00033545494079589844,12825600,262120000
