,acc_overall,training_probe time,inference time,training_probe flops,inference flops
0,0.3443000018596649,0.03704118728637695,0.0014035701751708984,205209600,4178920000
