,acc_overall,training_probe time,inference time,training_probe flops,inference flops
0,0.3945,45.597877740859985,12.856032609939575,0.20275200000000004,167.01228
