,acc_overall,training_probe time,inference time,training_probe flops,inference flops
0,0.0157,235.44457626342773,26.21845030784607,5420.159249066666,33554.432
