,acc_overall,training_probe time,inference time,training_probe flops,inference flops
0,0.3551,40.86689758300781,2.0142617225646973,4.395281066666666,131.072
