,acc_overall,training_probe time,inference time,training_probe flops,inference flops
0,0.0165,266.41319608688354,38.2662250995636,5420.159249066666,33554.432
