,acc_overall,training_probe time,inference time,training_probe flops,inference flops
0,0.9672,121.38304805755615,11.191815376281738,0.48660479999999995,3.854
