,acc_overall,training_probe time,inference time,training_probe flops,inference flops
0,0.9656,56.286590576171875,11.449201822280884,0.12165119999999999,6.58948
