,acc_overall,training_probe time,inference time,training_probe flops,inference flops
0,0.9702,115.2887225151062,10.984435081481934,0.48660479999999995,17.548
