,acc_overall,training_probe time,inference time,training_probe flops,inference flops
0,0.5298,14.448012590408325,0.03459763526916504,53.19582788266666,209.7152
