,acc_overall,training_probe time,inference time,training_probe flops,inference flops
0,0.3329,2.5904972553253174,0.017137527465820312,3.1479166666666667,12.5
