,acc_overall,training_probe time,inference time,training_probe flops,inference flops
0,0.3819,2.394223690032959,0.006403446197509766,3.1479166666666667,12.5
