,acc_overall,training_probe time,inference time,training_probe flops,inference flops
0,0.4102,2.2749087810516357,0.006407499313354492,3.1479166666666667,12.5
