,acc_overall,training_probe time,inference time,training_probe flops,inference flops
0,0.4419,97.6761085987091,1.577359914779663,266.9814306133333,838.8608
