,acc_overall,training_probe time,inference time,training_probe flops,inference flops
0,0.4525,1.0718426704406738,0.12929034233093262,0.8331810133333333,3.2768
