,acc_overall,training_probe time,inference time,training_probe flops,inference flops
0,0.4491,101.18273210525513,1.5493383407592773,266.9814306133333,838.8608
