,acc_overall,training_probe time,inference time,training_probe flops,inference flops
0,0.4523,6.493431806564331,0.31531572341918945,14.001984853333331,52.4288
