,acc_overall,training_probe time,inference time,training_probe flops,inference flops
0,0.0836,5585.341420412064,18.864787340164185,1.622015999999999,779.76744
