,acc_overall,training_probe time,inference time,training_probe flops,inference flops
0,0.0782,5619.465315580368,29.563490390777588,1.622015999999999,2804.6712
