,acc_overall,training_probe time,inference time,training_probe flops,inference flops
0,0.0556,78.53695797920227,13.225098133087158,0.10137599999999994,10.61412
