,acc_overall,training_probe time,inference time,training_probe flops,inference flops
0,0.8574,0.9763445854187012,0.1020040512084961,0.9970210133333333,3.2768
