,acc_overall,training_probe time,inference time,training_probe flops,inference flops
0,0.8937,6.709648847579956,0.27610158920288086,16.623424853333333,52.4288
