,acc_overall,training_probe time,inference time,training_probe flops,inference flops
0,0.6704,97.03452587127686,1.8596587181091309,308.9244706133333,838.8608
