,acc_overall,training_probe time,inference time,training_probe flops,inference flops
0,0.6239,88.7043387889862,1.6448907852172852,308.9244706133333,838.8608
