,acc_overall,training_probe time,inference time,training_probe flops,inference flops
0,0.2381,92.82328057289124,1.5246312618255615,266.9814306133333,838.8608
