,acc_overall,training_probe time,inference time,training_probe flops,inference flops
0,0.3295,6.621646165847778,0.26106810569763184,14.001984853333331,52.4288
