,acc_overall,training_probe time,inference time,training_probe flops,inference flops
0,0.3402,0.9846210479736328,0.12879514694213867,0.8331810133333333,3.2768
