,acc_overall,training_probe time,inference time,training_probe flops,inference flops
0,0.0108,206.13906860351562,32.27111864089966,5420.159249066666,33554.432
