,acc_overall,training_probe time,inference time,training_probe flops,inference flops
0,0.1074,40.99759793281555,2.674365758895874,4.395281066666666,131.072
