,acc_overall,training_probe time,inference time,training_probe flops,inference flops
0,0.0122,185.79616022109985,27.358205795288086,5420.159249066666,33554.432
