,acc_overall,training_probe time,inference time,training_probe flops,inference flops
0,0.8818,3.113865613937378,0.024981021881103516,3.7754166666666666,12.5
