,acc_overall,training_probe time,inference time,training_probe flops,inference flops
0,0.8748,2.858924388885498,0.013741493225097656,3.7754166666666666,12.5
