,acc_overall,training_probe time,inference time,training_probe flops,inference flops
0,0.8736,2.6535863876342773,0.006311178207397461,3.7754166666666666,12.5
