,acc_overall,training_probe time,inference time,training_probe flops,inference flops
0,0.0684,69.63823962211609,10.527847051620483,0.10137600000000002,11.14044
