,acc_overall,training_probe time,inference time,training_probe flops,inference flops
0,0.1155,5091.927117586136,16.8842031955719,1.6220160000000003,744.03288
