,acc_overall,training_probe time,inference time,training_probe flops,inference flops
0,0.1135,5235.7187530994415,27.424708366394043,1.6220160000000003,2658.45456
