,acc_overall,training_probe time,inference time,training_probe flops,inference flops
0,0.9921000003814697,0.001276254653930664,0.0003178119659423828,15002500,30100000
