,acc_overall,training_probe time,inference time,training_probe flops,inference flops
0,0.9670999646186829,0.0016472339630126953,0.0003364086151123047,34565760,69220000
