,acc_overall,training_probe time,inference time,training_probe flops,inference flops
0,0.988599956035614,0.0012619495391845703,0.00031685829162597656,15002500,30100000
