,acc_overall,training_probe time,inference time,training_probe flops,inference flops
0,0.8321,51.39142966270447,5.308587551116943,0.18627839999999998,25.35636
