,acc_overall,training_probe time,inference time,training_probe flops,inference flops
0,0.986799955368042,0.0012860298156738281,0.0003294944763183594,15002500,30100000
