,acc_overall,training_probe time,inference time,training_probe flops,inference flops
0,0.9899999499320984,0.0012476444244384766,0.00031256675720214844,15002500,30100000
