,acc_overall,training_probe time,inference time,training_probe flops,inference flops
0,0.9911999702453613,0.00128936767578125,0.00032973289489746094,15002500,30100000
