,acc_overall,training_probe time,inference time,training_probe flops,inference flops
0,0.9697999954223633,0.005028963088989258,0.00048160552978515625,34565760,69220000
