,acc_overall,training_probe time,inference time,training_probe flops,inference flops
0,0.9413,2.9869742393493652,0.008627891540527344,3.7754166666666666,12.5
