,acc_overall,training_probe time,inference time,training_probe flops,inference flops
0,0.9569,2.4312424659729004,0.007506608963012695,3.7754166666666666,12.5
