,acc_overall,training_probe time,inference time,training_probe flops,inference flops
0,0.8823,2.6192681789398193,0.012723445892333984,3.7754166666666666,12.5
