,acc_overall,training_probe time,inference time,training_probe flops,inference flops
0,0.958299994468689,0.002904176712036133,0.0005674362182617188,122900480,245860000
