,acc_overall,training_probe time,inference time,training_probe flops,inference flops
0,0.9726999998092651,0.005623579025268555,0.0006692409515380859,122900480,245860000
