,acc_overall,training_probe time,inference time,training_probe flops,inference flops
0,0.8752999901771545,0.0012824535369873047,0.00032520294189453125,7681280,15460000
