,acc_overall,training_probe time,inference time,training_probe flops,inference flops
0,0.9251999855041504,0.001600503921508789,0.000335693359375,30725120,61540000
