,acc_overall,training_probe time,inference time,training_probe flops,inference flops
0,0.9115,2.174163341522217,0.008028268814086914,3.7754166666666666,12.5
