,acc_overall,training_probe time,inference time,training_probe flops,inference flops
0,0.949,2.2143585681915283,0.02006387710571289,3.7754166666666666,12.5
