,acc_overall,training_probe time,inference time,training_probe flops,inference flops
0,0.7829,1.9989469051361084,0.008930683135986328,3.7754166666666666,12.5
