,acc_overall,training_probe time,inference time,training_probe flops,inference flops
0,0.7823,51.08769083023071,9.117892980575562,0.030412799999999997,2.3426
