,acc_overall,training_probe time,inference time,training_probe flops,inference flops
0,0.9359,59.70804214477539,8.642263412475586,0.12165119999999999,41.87044
