,acc_overall,training_probe time,inference time,training_probe flops,inference flops
0,0.9597,128.27787828445435,11.763507843017578,0.48660479999999995,635.746
