,acc_overall,training_probe time,inference time,training_probe flops,inference flops
0,0.9605,127.98951053619385,19.166369438171387,0.48660479999999995,606.349
