,acc_overall,training_probe time,inference time,training_probe flops,inference flops
0,0.965399980545044,0.0012862682342529297,0.0003604888916015625,15002500,30100000
