,acc_overall,training_probe time,inference time,training_probe flops,inference flops
0,0.9656999707221985,0.0012881755828857422,0.0003228187561035156,15002500,30100000
