,acc_overall,training_probe time,inference time,training_probe flops,inference flops
0,0.9708999991416931,0.0013058185577392578,0.00033473968505859375,15002500,30100000
