,acc_overall,training_probe time,inference time,training_probe flops,inference flops
0,0.9532999992370605,0.0016853809356689453,0.0003376007080078125,34565760,69220000
