,acc_overall,training_probe time,inference time,training_probe flops,inference flops
0,11.11,19.194475889205933,0.057132720947265625,209715200,16384000000
