,acc_overall,training_probe time,inference time,training_probe flops,inference flops
0,10.11,19.510403156280518,0.056989431381225586,209715200,16384000000
