,acc_overall,training_probe time,inference time,training_probe flops,inference flops
0,0.3703,2340.615174293518,30.73339009284973,0.8110079999999998,2380.85604
