,acc_overall,training_probe time,inference time,training_probe flops,inference flops
0,0.3256,59.21041655540466,17.695015907287598,0.05068799999999999,46.70832
