,acc_overall,training_probe time,inference time,training_probe flops,inference flops
0,0.5694,2.7471110820770264,0.18532085418701172,3.229166666666667,12.5
