,acc_overall,training_probe time,inference time,training_probe flops,inference flops
0,0.5522,22.97070550918579,0.6113569736480713,59.58707882666667,209.7152
