,acc_overall,training_probe time,inference time,training_probe flops,inference flops
0,0.3527999818325043,0.039159536361694336,0.0013759136199951172,205209600,4178920000
