,acc_overall,training_probe time,inference time,training_probe flops,inference flops
0,0.33249998092651367,0.03481125831604004,0.0004608631134033203,12825600,262120000
