,acc_overall,training_probe time,inference time,training_probe flops,inference flops
0,0.36069998145103455,0.012149572372436523,0.001283884048461914,205209600,4178920000
