,acc_overall,training_probe time,inference time,training_probe flops,inference flops
0,0.019500000402331352,0.02037668228149414,0.000362396240234375,25651200,519120000
