,acc_overall,training_probe time,inference time,training_probe flops,inference flops
0,0.01640000008046627,0.022908449172973633,0.0017728805541992188,410419200,8275920000
