,acc_overall,training_probe time,inference time,training_probe flops,inference flops
0,0.015199999324977398,0.0217745304107666,0.0017862319946289062,410419200,8275920000
