,acc_overall,training_probe time,inference time,training_probe flops,inference flops
0,0.4507,4.810645341873169,0.015601396560668945,13.222278485333334,52.4288
