,acc_overall,training_probe time,inference time,training_probe flops,inference flops
0,0.4506,42.763012647628784,0.04736518859863281,215.54422306133335,838.8608
