,acc_overall,training_probe time,inference time,training_probe flops,inference flops
0,0.4416,0.8235881328582764,0.014916658401489258,0.8269981013333334,3.2768
