,acc_overall,training_probe time,inference time,training_probe flops,inference flops
0,0.4433,36.86018705368042,0.06789684295654297,215.54422306133335,838.8608
