,acc_overall,training_probe time,inference time,training_probe flops,inference flops
0,0.0082,455.7330138683319,54.09894585609436,10840.318498133332,67108.864
