,acc_overall,training_probe time,inference time,training_probe flops,inference flops
0,0.1178,42.65198373794556,3.6573989391326904,8.790562133333331,262.144
