,acc_overall,training_probe time,inference time,training_probe flops,inference flops
0,0.0101,445.9090917110443,34.43743324279785,10840.318498133332,67108.864
