,acc_overall,training_probe time,inference time,training_probe flops,inference flops
0,0.5275,54.15649890899658,9.375507116317749,0.20275199999999996,160.24068
