,acc_overall,training_probe time,inference time,training_probe flops,inference flops
0,0.2835,166.09123873710632,8.448894262313843,0.6082560000000001,351.11228
