,acc_overall,training_probe time,inference time,training_probe flops,inference flops
0,0.321399986743927,0.00128173828125,0.00032591819763183594,12502500,30100000
