,acc_overall,training_probe time,inference time,training_probe flops,inference flops
0,0.4292999804019928,0.0012540817260742188,0.0003437995910644531,12502500,30100000
