,acc_overall,training_probe time,inference time,training_probe flops,inference flops
0,0.4505999982357025,0.0018537044525146484,0.00037479400634765625,51210240,122980000
