,acc_overall,training_probe time,inference time,training_probe flops,inference flops
0,0.3990999758243561,0.0012617111206054688,0.0003256797790527344,12502500,30100000
