,acc_overall,training_probe time,inference time,training_probe flops,inference flops
0,0.34929999709129333,0.0012085437774658203,0.0003211498260498047,6401280,15460000
