,acc_overall,training_probe time,inference time,training_probe flops,inference flops
0,0.3060999810695648,0.002630949020385742,0.0005700588226318359,102420480,245860000
