,acc_overall,training_probe time,inference time,training_probe flops,inference flops
0,0.3750999867916107,0.002660512924194336,0.0005667209625244141,102420480,245860000
