,acc_overall,training_probe time,inference time,training_probe flops,inference flops
0,0.36800000071525574,0.001485586166381836,0.00033473968505859375,25605120,61540000
