,acc_overall,training_probe time,inference time,training_probe flops,inference flops
0,0.5292999744415283,0.0025959014892578125,0.0005583763122558594,102420480,245860000
