,acc_overall,training_probe time,inference time,training_probe flops,inference flops
0,0.4220999777317047,0.0012323856353759766,0.0003323554992675781,6401280,15460000
