,acc_overall,training_probe time,inference time,training_probe flops,inference flops
0,0.5325999855995178,0.0026388168334960938,0.0005705356597900391,102420480,245860000
