,acc_overall,training_probe time,inference time,training_probe flops,inference flops
0,0.48559999465942383,0.0014467239379882812,0.00031065940856933594,25605120,61540000
