,acc_overall,training_probe time,inference time,training_probe flops,inference flops
0,0.3576,23.529313564300537,2.6482889652252197,4.395281066666666,131.072
