,acc_overall,training_probe time,inference time,training_probe flops,inference flops
0,0.0145,322.5804696083069,31.5480740070343,5420.159249066666,33554.432
