,acc_overall,training_probe time,inference time,training_probe flops,inference flops
0,0.0165,240.98846220970154,40.74891185760498,5420.159249066666,33554.432
