,acc_overall,training_probe time,inference time,training_probe flops,inference flops
0,0.372,102.89675211906433,8.337375402450562,0.4055040000000001,674.983
