,acc_overall,training_probe time,inference time,training_probe flops,inference flops
0,0.269,35.43999123573303,7.524681091308594,0.10137600000000002,47.58612
