,acc_overall,training_probe time,inference time,training_probe flops,inference flops
0,0.3611,99.66807436943054,10.042881727218628,0.4055040000000001,482.078
