,acc_overall,training_probe time,inference time,training_probe flops,inference flops
0,0.1693,32.904176235198975,9.769052982330322,0.025344000000000005,3.0914
