,acc_overall,training_probe time,inference time,training_probe flops,inference flops
0,0.7983,21.681718111038208,4.075848579406738,0.13685759999999997,45.44236
