,acc_overall,training_probe time,inference time,training_probe flops,inference flops
0,0.9038,2.7479300498962402,0.013272523880004883,3.7754166666666666,12.5
