,acc_overall,training_probe time,inference time,training_probe flops,inference flops
0,0.7700999975204468,0.0012726783752441406,0.00032067298889160156,15002500,30100000
