,acc_overall,training_probe time,inference time,training_probe flops,inference flops
0,0.7640999555587769,0.001252889633178711,0.0003600120544433594,15002500,30100000
