,acc_overall,training_probe time,inference time,training_probe flops,inference flops
0,0.6202999949455261,0.0013017654418945312,0.0003383159637451172,15002500,30100000
