,acc_overall,training_probe time,inference time,training_probe flops,inference flops
0,0.2835,201.32836365699768,7.906498193740845,0.6082560000000001,351.11228
