,acc_overall,training_probe time,inference time,training_probe flops,inference flops
0,0.5263,50.726353883743286,11.84512996673584,0.20275199999999996,168.81804
