,acc_overall,training_probe time,inference time,training_probe flops,inference flops
0,0.7468000054359436,0.005058765411376953,0.00035953521728515625,15002500,30100000
