,acc_overall,training_probe time,inference time,training_probe flops,inference flops
0,0.7985000014305115,0.001653432846069336,0.0003275871276855469,34565760,69220000
