,acc_overall,training_probe time,inference time,training_probe flops,inference flops
0,0.8208000063896179,0.0012946128845214844,0.00031113624572753906,15002500,30100000
