,acc_overall,training_probe time,inference time,training_probe flops,inference flops
0,0.0079,381.8184986114502,70.44064593315125,10840.318498133332,67108.864
