,acc_overall,training_probe time,inference time,training_probe flops,inference flops
0,0.0105,360.84816241264343,56.79127907752991,10840.318498133332,67108.864
