,acc_overall,training_probe time,inference time,training_probe flops,inference flops
0,0.1048,41.838796615600586,4.140176296234131,8.790562133333331,262.144
