,acc_overall,training_probe time,inference time,training_probe flops,inference flops
0,0.4526,9.024060726165771,0.4210033416748047,14.001984853333331,52.4288
