,acc_overall,training_probe time,inference time,training_probe flops,inference flops
0,0.4437,0.5487027168273926,0.11391544342041016,0.8331810133333333,3.2768
