,acc_overall,training_probe time,inference time,training_probe flops,inference flops
0,0.4497,92.50243592262268,1.5952389240264893,266.9814306133333,838.8608
