,acc_overall,training_probe time,inference time,training_probe flops,inference flops
0,0.4379,88.30655765533447,1.5117475986480713,266.9814306133333,838.8608
