,acc_overall,training_probe time,inference time,training_probe flops,inference flops
0,0.1972,481.4482238292694,0.4501326084136963,1723.9441844906667,67108.864
