,acc_overall,training_probe time,inference time,training_probe flops,inference flops
0,0.174,16.229328393936157,0.03736448287963867,6.590384810666667,262.144
