,acc_overall,training_probe time,inference time,training_probe flops,inference flops
0,0.1893,470.06784868240356,0.525108814239502,1723.9441844906667,67108.864
