,acc_overall,training_probe time,inference time,training_probe flops,inference flops
0,0.5056,1.1272363662719727,0.07977867126464844,0.8331810133333333,3.2768
