,acc_overall,training_probe time,inference time,training_probe flops,inference flops
0,0.5422,117.02272748947144,1.61405348777771,266.9814306133333,838.8608
