,acc_overall,training_probe time,inference time,training_probe flops,inference flops
0,0.5295,8.576510906219482,0.3000943660736084,14.001984853333331,52.4288
