,acc_overall,training_probe time,inference time,training_probe flops,inference flops
0,0.5464,129.25134682655334,1.7527804374694824,266.9814306133333,838.8608
