,acc_overall,training_probe time,inference time,training_probe flops,inference flops
0,0.6538999676704407,0.014246225357055664,0.0006570816040039062,15002500,30100000
