,acc_overall,training_probe time,inference time,training_probe flops,inference flops
0,0.7738999724388123,0.0016367435455322266,0.00032401084899902344,34565760,69220000
