,acc_overall,training_probe time,inference time,training_probe flops,inference flops
0,0.774899959564209,0.0012962818145751953,0.00032591819763183594,15002500,30100000
