,acc_overall,training_probe time,inference time,training_probe flops,inference flops
0,0.7846999764442444,0.0012965202331542969,0.0003311634063720703,15002500,30100000
