,acc_overall,training_probe time,inference time,training_probe flops,inference flops
0,0.7372999787330627,0.0012636184692382812,0.00033473968505859375,12502500,30100000
