,acc_overall,training_probe time,inference time,training_probe flops,inference flops
0,0.6643999814987183,0.001851797103881836,0.00036334991455078125,51210240,122980000
