,acc_overall,training_probe time,inference time,training_probe flops,inference flops
0,0.7477999925613403,0.0012497901916503906,0.00031256675720214844,12502500,30100000
