,acc_overall,training_probe time,inference time,training_probe flops,inference flops
0,0.7063999772071838,0.0012805461883544922,0.00032782554626464844,12502500,30100000
