,acc_overall,training_probe time,inference time,training_probe flops,inference flops
0,0.1305,499.4761085510254,0.46022796630859375,1723.9441844906667,67108.864
