,acc_overall,training_probe time,inference time,training_probe flops,inference flops
0,0.133,475.433940410614,0.5237329006195068,1723.9441844906667,67108.864
