,acc_overall,training_probe time,inference time,training_probe flops,inference flops
0,0.1299,9.295934915542603,0.02284407615661621,6.590384810666667,262.144
