,acc_overall,training_probe time,inference time,training_probe flops,inference flops
0,0.5275,52.24941945075989,9.435520887374878,0.20275199999999996,160.24068
