,acc_overall,training_probe time,inference time,training_probe flops,inference flops
0,0.2835,178.9106912612915,5.084920167922974,0.6082560000000001,351.11228
