,acc_overall,training_probe time,inference time,training_probe flops,inference flops
0,0.2835,187.16990399360657,8.638962507247925,0.6082560000000001,351.11228
