,acc_overall,training_probe time,inference time,training_probe flops,inference flops
0,0.5039,101.21954321861267,17.66687536239624,0.4055039999999999,380.849
