,acc_overall,training_probe time,inference time,training_probe flops,inference flops
0,0.2423,23.976019382476807,6.253415107727051,0.025343999999999995,3.0576
