,acc_overall,training_probe time,inference time,training_probe flops,inference flops
0,0.4012,44.34553241729736,13.370591163635254,0.10137599999999998,45.53012
