,acc_overall,training_probe time,inference time,training_probe flops,inference flops
0,0.8241999745368958,0.0013203620910644531,0.0003147125244140625,15002500,30100000
