,acc_overall,training_probe time,inference time,training_probe flops,inference flops
0,0.8387999534606934,0.0012671947479248047,0.0003142356872558594,15002500,30100000
