,acc_overall,training_probe time,inference time,training_probe flops,inference flops
0,0.8460999727249146,0.0012874603271484375,0.00033092498779296875,15002500,30100000
