,acc_overall,training_probe time,inference time,training_probe flops,inference flops
0,0.8079999685287476,0.001631021499633789,0.0003211498260498047,34565760,69220000
