,acc_overall,training_probe time,inference time,training_probe flops,inference flops
0,0.05040000006556511,0.020060300827026367,0.0003485679626464844,25651200,519120000
