,acc_overall,training_probe time,inference time,training_probe flops,inference flops
0,0.04779999703168869,0.02297687530517578,0.0017795562744140625,410419200,8275920000
