,acc_overall,training_probe time,inference time,training_probe flops,inference flops
0,0.04609999805688858,0.0797722339630127,0.0019030570983886719,410419200,8275920000
