,acc_overall,training_probe time,inference time,training_probe flops,inference flops
0,0.9397,1.2006902694702148,0.06851005554199219,0.9970210133333333,3.2768
