,acc_overall,training_probe time,inference time,training_probe flops,inference flops
0,0.9006,121.17612648010254,1.67201828956604,308.9244706133333,838.8608
