,acc_overall,training_probe time,inference time,training_probe flops,inference flops
0,0.9443,7.0616374015808105,0.26413488388061523,16.623424853333333,52.4288
