,acc_overall,training_probe time,inference time,training_probe flops,inference flops
0,0.8463,125.2410683631897,1.6948168277740479,308.9244706133333,838.8608
