,acc_overall,training_probe time,inference time,training_probe flops,inference flops
0,0.511,24.229612588882446,0.7033975124359131,59.58707882666667,209.7152
