,acc_overall,training_probe time,inference time,training_probe flops,inference flops
0,0.15879999101161957,0.011218786239624023,0.0012845993041992188,205209600,4178920000
