,acc_overall,training_probe time,inference time,training_probe flops,inference flops
0,0.15959998965263367,0.011530399322509766,0.0013117790222167969,205209600,4178920000
