,acc_overall,training_probe time,inference time,training_probe flops,inference flops
0,0.18879999220371246,0.008560657501220703,0.00031948089599609375,12825600,262120000
