,acc_overall,training_probe time,inference time,training_probe flops,inference flops
0,0.9697999954223633,0.0016121864318847656,0.00031757354736328125,34565760,69220000
