,acc_overall,training_probe time,inference time,training_probe flops,inference flops
0,0.986799955368042,0.0012874603271484375,0.0003159046173095703,15002500,30100000
