,acc_overall,training_probe time,inference time,training_probe flops,inference flops
0,0.9911999702453613,0.006936073303222656,0.0003445148468017578,15002500,30100000
