,acc_overall,training_probe time,inference time,training_probe flops,inference flops
0,0.9899999499320984,0.0012655258178710938,0.000316619873046875,15002500,30100000
