,acc_overall,training_probe time,inference time,training_probe flops,inference flops
0,0.4689,1.0472917556762695,0.08268523216247559,0.8331810133333333,3.2768
