,acc_overall,training_probe time,inference time,training_probe flops,inference flops
0,0.4853,114.25933814048767,1.590036153793335,266.9814306133333,838.8608
