,acc_overall,training_probe time,inference time,training_probe flops,inference flops
0,0.4825,7.385182857513428,0.344602108001709,14.001984853333331,52.4288
