,acc_overall,training_probe time,inference time,training_probe flops,inference flops
0,0.486,109.99738717079163,1.635082483291626,266.9814306133333,838.8608
