,acc_overall,training_probe time,inference time,training_probe flops,inference flops
0,0.4471,4.236396551132202,0.0191800594329834,13.222278485333334,52.4288
