,acc_overall,training_probe time,inference time,training_probe flops,inference flops
0,0.4509,41.88386917114258,0.07828187942504883,215.54422306133335,838.8608
