,acc_overall,training_probe time,inference time,training_probe flops,inference flops
0,0.4375,37.932016134262085,0.07523226737976074,215.54422306133335,838.8608
