,acc_overall,training_probe time,inference time,training_probe flops,inference flops
0,0.4388,0.8100402355194092,0.011479377746582031,0.8269981013333334,3.2768
