,acc_overall,training_probe time,inference time,training_probe flops,inference flops
0,0.7978,101.09003210067749,14.458283185958862,0.48660479999999995,691.547
