,acc_overall,training_probe time,inference time,training_probe flops,inference flops
0,0.6323,50.819581270217896,11.739019632339478,0.030412799999999997,2.4258
