,acc_overall,training_probe time,inference time,training_probe flops,inference flops
0,0.6998,132.87608814239502,21.18102788925171,0.48660479999999995,702.371
