,acc_overall,training_probe time,inference time,training_probe flops,inference flops
0,0.7169,52.695319175720215,7.737352609634399,0.12165119999999999,43.76196
