,acc_overall,training_probe time,inference time,training_probe flops,inference flops
0,0.9053999781608582,0.0012962818145751953,0.00033020973205566406,15002500,30100000
