,acc_overall,training_probe time,inference time,training_probe flops,inference flops
0,0.8907999992370605,0.0013093948364257812,0.00033354759216308594,15002500,30100000
