,acc_overall,training_probe time,inference time,training_probe flops,inference flops
0,0.8781999945640564,0.0012810230255126953,0.0003159046173095703,15002500,30100000
