,acc_overall,training_probe time,inference time,training_probe flops,inference flops
0,0.8374999761581421,0.0016601085662841797,0.00032973289489746094,34565760,69220000
