,acc_overall,training_probe time,inference time,training_probe flops,inference flops
0,0.2897,34.959550619125366,0.07861161231994629,215.54422306133335,838.8608
