,acc_overall,training_probe time,inference time,training_probe flops,inference flops
0,0.2758,40.83998465538025,0.07771086692810059,215.54422306133335,838.8608
