,acc_overall,training_probe time,inference time,training_probe flops,inference flops
0,0.3397,5.058416128158569,0.01720714569091797,13.222278485333334,52.4288
