,acc_overall,training_probe time,inference time,training_probe flops,inference flops
0,0.3741,0.8695313930511475,0.004274129867553711,0.8269981013333334,3.2768
