,acc_overall,training_probe time,inference time,training_probe flops,inference flops
0,0.8414,2.4358532428741455,0.014511823654174805,3.7754166666666666,12.5
