,acc_overall,training_probe time,inference time,training_probe flops,inference flops
0,0.8591,2.738828420639038,0.012759685516357422,3.7754166666666666,12.5
