,acc_overall,training_probe time,inference time,training_probe flops,inference flops
0,0.6831,75.11750555038452,5.28107213973999,0.18627840000000004,51.68736
