,acc_overall,training_probe time,inference time,training_probe flops,inference flops
0,0.9911,2.3103489875793457,0.13477706909179688,3.854166666666667,12.5
