,acc_overall,training_probe time,inference time,training_probe flops,inference flops
0,0.4255,5.743923664093018,0.19664239883422852,14.001984853333331,52.4288
