,acc_overall,training_probe time,inference time,training_probe flops,inference flops
0,0.3827,89.02076315879822,1.6132335662841797,266.9814306133333,838.8608
