,acc_overall,training_probe time,inference time,training_probe flops,inference flops
0,0.4175,98.03337669372559,1.509110450744629,266.9814306133333,838.8608
