,acc_overall,training_probe time,inference time,training_probe flops,inference flops
0,0.4321,0.6148059368133545,0.09564852714538574,0.8331810133333333,3.2768
