,acc_overall,training_probe time,inference time,training_probe flops,inference flops
0,0.16189999878406525,0.07020902633666992,0.0017812252044677734,410419200,8275920000
