,acc_overall,training_probe time,inference time,training_probe flops,inference flops
0,0.15950000286102295,0.07491707801818848,0.0005929470062255859,25651200,519120000
