,acc_overall,training_probe time,inference time,training_probe flops,inference flops
0,0.17090000212192535,0.021864652633666992,0.001779794692993164,410419200,8275920000
