,acc_overall,training_probe time,inference time,training_probe flops,inference flops
0,0.4012,42.765440464019775,7.362659215927124,0.10137599999999998,45.53012
