,acc_overall,training_probe time,inference time,training_probe flops,inference flops
0,0.5039,97.06330800056458,10.976013422012329,0.4055039999999999,380.849
