,acc_overall,training_probe time,inference time,training_probe flops,inference flops
0,0.2423,37.0713586807251,9.955785274505615,0.025343999999999995,3.0576
