,acc_overall,training_probe time,inference time,training_probe flops,inference flops
0,0.5015,126.46197938919067,7.222232341766357,0.4055039999999999,613.319
