,acc_overall,training_probe time,inference time,training_probe flops,inference flops
0,0.2835,163.56530022621155,14.358671188354492,0.6082560000000001,351.11228
