,acc_overall,training_probe time,inference time,training_probe flops,inference flops
0,0.0167,236.2668797969818,39.993736267089844,5420.159249066666,33554.432
