,acc_overall,training_probe time,inference time,training_probe flops,inference flops
0,0.0156,217.299480676651,42.33029389381409,5420.159249066666,33554.432
