,acc_overall,training_probe time,inference time,training_probe flops,inference flops
0,0.3696,37.9910728931427,1.8738057613372803,4.395281066666666,131.072
