,acc_overall,training_probe time,inference time,training_probe flops,inference flops
0,0.4017999768257141,0.0012633800506591797,0.00032448768615722656,12502500,30100000
