,acc_overall,training_probe time,inference time,training_probe flops,inference flops
0,0.3278000056743622,0.0012848377227783203,0.00032806396484375,12502500,30100000
