,acc_overall,training_probe time,inference time,training_probe flops,inference flops
0,0.4348999857902527,0.0018818378448486328,0.00036525726318359375,51210240,122980000
