,acc_overall,training_probe time,inference time,training_probe flops,inference flops
0,0.2184000015258789,0.0012810230255126953,0.00032830238342285156,12502500,30100000
