,acc_overall,training_probe time,inference time,training_probe flops,inference flops
0,0.8314,2.380173683166504,0.0067594051361083984,3.7754166666666666,12.5
