,acc_overall,training_probe time,inference time,training_probe flops,inference flops
0,0.7667,3.0117619037628174,0.019970417022705078,3.7754166666666666,12.5
