,acc_overall,training_probe time,inference time,training_probe flops,inference flops
0,0.8406,2.0752789974212646,0.01585531234741211,3.7754166666666666,12.5
