,acc_overall,training_probe time,inference time,training_probe flops,inference flops
0,17.54,9.549424409866333,0.055808067321777344,104857600,8192000000
