,acc_overall,training_probe time,inference time,training_probe flops,inference flops
0,27.36,10.098920583724976,0.07036066055297852,104857600,8192000000
