,acc_overall,training_probe time,inference time,training_probe flops,inference flops
0,25.55,11.185615062713623,0.06923246383666992,104857600,8192000000
