,acc_overall,training_probe time,inference time,training_probe flops,inference flops
0,0.2835,164.3891990184784,6.189032316207886,0.6082560000000001,351.11228
