,acc_overall,training_probe time,inference time,training_probe flops,inference flops
0,0.5275,56.894044637680054,8.730884552001953,0.20275199999999996,160.24068
