,acc_overall,training_probe time,inference time,training_probe flops,inference flops
0,0.1314999908208847,0.022026777267456055,0.001802682876586914,410419200,8275920000
