,acc_overall,training_probe time,inference time,training_probe flops,inference flops
0,0.1265999972820282,0.0171811580657959,0.0003600120544433594,25651200,519120000
