,acc_overall,training_probe time,inference time,training_probe flops,inference flops
0,0.1306999921798706,0.021915197372436523,0.001905679702758789,410419200,8275920000
