,acc_overall,training_probe time,inference time,training_probe flops,inference flops
0,0.39239999651908875,0.0012090206146240234,0.00032210350036621094,6401280,15460000
