,acc_overall,training_probe time,inference time,training_probe flops,inference flops
0,0.4333999752998352,0.0026731491088867188,0.0005843639373779297,102420480,245860000
