,acc_overall,training_probe time,inference time,training_probe flops,inference flops
0,0.44509997963905334,0.0014767646789550781,0.00032401084899902344,25605120,61540000
