,acc_overall,training_probe time,inference time,training_probe flops,inference flops
0,0.4569000005722046,0.002619028091430664,0.0005707740783691406,102420480,245860000
