,acc_overall,training_probe time,inference time,training_probe flops,inference flops
0,0.0145,242.43768000602722,34.44828987121582,5420.159249066666,33554.432
