,acc_overall,training_probe time,inference time,training_probe flops,inference flops
0,0.2859,44.67564630508423,2.3122036457061768,4.395281066666666,131.072
