,acc_overall,training_probe time,inference time,training_probe flops,inference flops
0,0.1178,5851.207984924316,28.46076011657715,1.6220160000000003,2739.67692
