,acc_overall,training_probe time,inference time,training_probe flops,inference flops
0,0.1209,5913.19053030014,18.561538696289062,1.6220160000000003,770.91576
