,acc_overall,training_probe time,inference time,training_probe flops,inference flops
0,0.0628,73.29127335548401,8.372926235198975,0.10137600000000002,11.01144
