,acc_overall,training_probe time,inference time,training_probe flops,inference flops
0,0.4629,0.9993371963500977,0.08547401428222656,0.8331810133333333,3.2768
