,acc_overall,training_probe time,inference time,training_probe flops,inference flops
0,0.4566,108.16276121139526,1.7649726867675781,266.9814306133333,838.8608
