,acc_overall,training_probe time,inference time,training_probe flops,inference flops
0,0.4707,107.71210169792175,1.6183278560638428,266.9814306133333,838.8608
