,acc_overall,training_probe time,inference time,training_probe flops,inference flops
0,0.4757,7.496469736099243,0.2998952865600586,14.001984853333331,52.4288
