,acc_overall,training_probe time,inference time,training_probe flops,inference flops
0,0.8042,47.11073875427246,8.851924419403076,0.030412799999999997,2.4258
