,acc_overall,training_probe time,inference time,training_probe flops,inference flops
0,0.9618,118.84125828742981,12.943624258041382,0.48660479999999995,636.648
