,acc_overall,training_probe time,inference time,training_probe flops,inference flops
0,0.9344,45.14641523361206,9.819610834121704,0.12165119999999999,42.919
