,acc_overall,training_probe time,inference time,training_probe flops,inference flops
0,0.9618,118.82606601715088,14.457867860794067,0.48660479999999995,598.231
