,acc_overall,training_probe time,inference time,training_probe flops,inference flops
0,0.30879998207092285,0.0026197433471679688,0.0005671977996826172,102420480,245860000
