,acc_overall,training_probe time,inference time,training_probe flops,inference flops
0,0.3732999861240387,0.0026102066040039062,0.0005645751953125,102420480,245860000
