,acc_overall,training_probe time,inference time,training_probe flops,inference flops
0,0.36319997906684875,0.0015110969543457031,0.0003554821014404297,25605120,61540000
