,acc_overall,training_probe time,inference time,training_probe flops,inference flops
0,0.3384999930858612,0.0012233257293701172,0.00034308433532714844,6401280,15460000
