,acc_overall,training_probe time,inference time,training_probe flops,inference flops
0,0.02070000022649765,0.022129535675048828,0.0017812252044677734,410419200,8275920000
