,acc_overall,training_probe time,inference time,training_probe flops,inference flops
0,0.023099999874830246,0.01713728904724121,0.00037360191345214844,25651200,519120000
