,acc_overall,training_probe time,inference time,training_probe flops,inference flops
0,0.018400000408291817,0.02526712417602539,0.0019245147705078125,410419200,8275920000
