,acc_overall,training_probe time,inference time,training_probe flops,inference flops
0,0.9634,65.10888481140137,14.75813627243042,0.13685760000000002,42.45988
