,acc_overall,training_probe time,inference time,training_probe flops,inference flops
0,0.8321,59.71580696105957,10.548635482788086,0.18627839999999998,25.35636
