,acc_overall,training_probe time,inference time,training_probe flops,inference flops
0,0.9377,2.4081902503967285,0.18955254554748535,3.854166666666667,12.5
