,acc_overall,training_probe time,inference time,training_probe flops,inference flops
0,0.9277,2.6176865100860596,0.21416044235229492,3.854166666666667,12.5
