,acc_overall,training_probe time,inference time,training_probe flops,inference flops
0,0.3637,21.173115491867065,0.6136007308959961,59.58707882666667,209.7152
