,acc_overall,training_probe time,inference time,training_probe flops,inference flops
0,0.2017,2.2363197803497314,0.14308547973632812,3.229166666666667,12.5
