,acc_overall,training_probe time,inference time,training_probe flops,inference flops
0,0.2779,1.4450371265411377,0.14722871780395508,3.229166666666667,12.5
