,acc_overall,training_probe time,inference time,training_probe flops,inference flops
0,0.4051,100.00704598426819,1.645237684249878,266.9814306133333,838.8608
