,acc_overall,training_probe time,inference time,training_probe flops,inference flops
0,0.4296,7.330606698989868,0.3154263496398926,14.001984853333331,52.4288
