,acc_overall,training_probe time,inference time,training_probe flops,inference flops
0,0.423,0.9662446975708008,0.14865398406982422,0.8331810133333333,3.2768
