,acc_overall,training_probe time,inference time,training_probe flops,inference flops
0,0.375,92.98071050643921,1.5637116432189941,266.9814306133333,838.8608
