,acc_overall,training_probe time,inference time,training_probe flops,inference flops
0,0.8321,59.17482805252075,13.85223937034607,0.18627839999999998,25.35636
