,acc_overall,training_probe time,inference time,training_probe flops,inference flops
0,0.9634,50.053077936172485,15.164827346801758,0.13685760000000002,42.45988
