,acc_overall,training_probe time,inference time,training_probe flops,inference flops
0,0.4799,6.545307874679565,0.27925634384155273,14.001984853333331,52.4288
