,acc_overall,training_probe time,inference time,training_probe flops,inference flops
0,0.4876,1.152038335800171,0.11213350296020508,0.8331810133333333,3.2768
