,acc_overall,training_probe time,inference time,training_probe flops,inference flops
0,0.5055,118.30986309051514,1.7416374683380127,266.9814306133333,838.8608
