,acc_overall,training_probe time,inference time,training_probe flops,inference flops
0,0.5083,102.62244606018066,1.5910093784332275,266.9814306133333,838.8608
