,acc_overall,training_probe time,inference time,training_probe flops,inference flops
0,0.9359,48.53397011756897,7.4826819896698,0.12165119999999999,41.87044
