,acc_overall,training_probe time,inference time,training_probe flops,inference flops
0,0.9605,135.71544313430786,6.9248034954071045,0.48660479999999995,606.349
