,acc_overall,training_probe time,inference time,training_probe flops,inference flops
0,0.7823,51.82483434677124,12.87471342086792,0.030412799999999997,2.3426
