,acc_overall,training_probe time,inference time,training_probe flops,inference flops
0,0.9597,121.92049503326416,9.773840188980103,0.48660479999999995,635.746
