,acc_overall,training_probe time,inference time,training_probe flops,inference flops
0,0.8578999638557434,0.001577138900756836,0.00033855438232421875,30725120,61540000
