,acc_overall,training_probe time,inference time,training_probe flops,inference flops
0,0.858299970626831,0.0029480457305908203,0.0006070137023925781,122900480,245860000
