,acc_overall,training_probe time,inference time,training_probe flops,inference flops
0,0.8269000053405762,0.006074428558349609,0.0006690025329589844,122900480,245860000
