,acc_overall,training_probe time,inference time,training_probe flops,inference flops
0,0.0348,578.0641634464264,0.5389552116394043,1723.9441844906667,67108.864
