,acc_overall,training_probe time,inference time,training_probe flops,inference flops
0,0.0333,489.5388271808624,0.5505313873291016,1723.9441844906667,67108.864
