,acc_overall,training_probe time,inference time,training_probe flops,inference flops
0,0.0509,22.876290559768677,0.049894094467163086,6.590384810666667,262.144
