,acc_overall,training_probe time,inference time,training_probe flops,inference flops
0,0.3848,43.89740443229675,12.087903261184692,0.20275200000000004,167.05332
