,acc_overall,training_probe time,inference time,training_probe flops,inference flops
0,0.1268,312.3499381542206,0.42597246170043945,1723.9441844906667,67108.864
