,acc_overall,training_probe time,inference time,training_probe flops,inference flops
0,0.1271,393.3608365058899,0.34407687187194824,1723.9441844906667,67108.864
