,acc_overall,training_probe time,inference time,training_probe flops,inference flops
0,0.1265,7.87514853477478,0.03615832328796387,6.590384810666667,262.144
