,acc_overall,training_probe time,inference time,training_probe flops,inference flops
0,0.3019,2819.9100568294525,31.833651542663574,0.8110079999999996,2895.31896
