,acc_overall,training_probe time,inference time,training_probe flops,inference flops
0,0.3179,2808.928291320801,24.046562671661377,0.8110079999999996,2610.91776
