,acc_overall,training_probe time,inference time,training_probe flops,inference flops
0,0.2742,41.13970232009888,17.547081232070923,0.050687999999999976,48.66912
