,acc_overall,training_probe time,inference time,training_probe flops,inference flops
0,0.7498,54.62595200538635,7.368670701980591,0.12165119999999999,42.5078
