,acc_overall,training_probe time,inference time,training_probe flops,inference flops
0,0.811,113.03908228874207,13.317018270492554,0.48660479999999995,688.759
