,acc_overall,training_probe time,inference time,training_probe flops,inference flops
0,0.6432,53.16308116912842,12.341607809066772,0.030412799999999997,2.2412
