,acc_overall,training_probe time,inference time,training_probe flops,inference flops
0,0.7038,118.26426982879639,11.619072198867798,0.48660479999999995,704.585
