,acc_overall,training_probe time,inference time,training_probe flops,inference flops
0,0.4702,7.2737109661102295,0.28884267807006836,14.001984853333331,52.4288
