,acc_overall,training_probe time,inference time,training_probe flops,inference flops
0,0.5155,107.69879269599915,1.6095545291900635,266.9814306133333,838.8608
