,acc_overall,training_probe time,inference time,training_probe flops,inference flops
0,0.486,0.8854222297668457,0.10352396965026855,0.8331810133333333,3.2768
