,acc_overall,training_probe time,inference time,training_probe flops,inference flops
0,0.5102,100.20101380348206,1.758251428604126,266.9814306133333,838.8608
