,acc_overall,training_probe time,inference time,training_probe flops,inference flops
0,0.9417,2.4510772228240967,0.022063016891479492,3.7754166666666666,12.5
