,acc_overall,training_probe time,inference time,training_probe flops,inference flops
0,0.7441,2.7870001792907715,0.011673688888549805,3.7754166666666666,12.5
