,acc_overall,training_probe time,inference time,training_probe flops,inference flops
0,0.5596,3.0526041984558105,0.17097926139831543,3.854166666666667,12.5
