,acc_overall,training_probe time,inference time,training_probe flops,inference flops
0,0.49729999899864197,0.013432979583740234,0.0009160041809082031,102420480,245860000
