,acc_overall,training_probe time,inference time,training_probe flops,inference flops
0,0.46069997549057007,0.0014767646789550781,0.00032067298889160156,25605120,61540000
