,acc_overall,training_probe time,inference time,training_probe flops,inference flops
0,0.400299996137619,0.0012247562408447266,0.0003139972686767578,6401280,15460000
