,acc_overall,training_probe time,inference time,training_probe flops,inference flops
0,0.49149999022483826,0.0027158260345458984,0.0005748271942138672,102420480,245860000
