,acc_overall,training_probe time,inference time,training_probe flops,inference flops
0,0.0787,5509.627076148987,26.2093026638031,1.622015999999999,2798.68812
