,acc_overall,training_probe time,inference time,training_probe flops,inference flops
0,0.0806,5666.830242872238,18.249946117401123,1.622015999999999,714.93708
