,acc_overall,training_probe time,inference time,training_probe flops,inference flops
0,0.6998,123.53244948387146,23.929132223129272,0.48660479999999995,702.371
