,acc_overall,training_probe time,inference time,training_probe flops,inference flops
0,0.6323,52.974414587020874,12.313299417495728,0.030412799999999997,2.4258
