,acc_overall,training_probe time,inference time,training_probe flops,inference flops
0,0.7978,117.49968767166138,19.48446249961853,0.48660479999999995,691.547
