,acc_overall,training_probe time,inference time,training_probe flops,inference flops
0,0.7169,57.146275997161865,12.717472553253174,0.12165119999999999,43.76196
