,acc_overall,training_probe time,inference time,training_probe flops,inference flops
0,0.8321,64.30373549461365,15.819250345230103,0.18627839999999998,25.35636
