,acc_overall,training_probe time,inference time,training_probe flops,inference flops
0,0.9634,60.75267219543457,14.88553261756897,0.13685760000000002,42.45988
