,acc_overall,training_probe time,inference time,training_probe flops,inference flops
0,0.0806,5306.839808940887,18.93786644935608,1.622015999999999,714.93708
