,acc_overall,training_probe time,inference time,training_probe flops,inference flops
0,0.0507,67.34784030914307,9.673355102539062,0.10137599999999994,10.8102
