,acc_overall,training_probe time,inference time,training_probe flops,inference flops
0,0.0787,5410.568915843964,28.610504388809204,1.622015999999999,2798.68812
