,acc_overall,training_probe time,inference time,training_probe flops,inference flops
0,0.33719998598098755,0.011153697967529297,0.0012905597686767578,205209600,4178920000
