,acc_overall,training_probe time,inference time,training_probe flops,inference flops
0,0.31360000371932983,0.00860452651977539,0.00039577484130859375,12825600,262120000
