,acc_overall,training_probe time,inference time,training_probe flops,inference flops
0,0.32850000262260437,0.01120138168334961,0.0012972354888916016,205209600,4178920000
