,acc_overall,training_probe time,inference time,training_probe flops,inference flops
0,0.9534,60.520914793014526,15.453161716461182,0.13685759999999997,46.32092
