,acc_overall,training_probe time,inference time,training_probe flops,inference flops
0,0.4867999851703644,0.0026128292083740234,0.000553131103515625,102420480,245860000
