,acc_overall,training_probe time,inference time,training_probe flops,inference flops
0,0.40289998054504395,0.0044214725494384766,0.0005447864532470703,6401280,15460000
