,acc_overall,training_probe time,inference time,training_probe flops,inference flops
0,0.4723999798297882,0.0019011497497558594,0.0003604888916015625,25605120,61540000
