,acc_overall,training_probe time,inference time,training_probe flops,inference flops
0,0.4941999912261963,0.004346132278442383,0.0007932186126708984,102420480,245860000
