,acc_overall,training_probe time,inference time,training_probe flops,inference flops
0,0.1706,3.838301181793213,0.024608135223388672,3.3007848106666664,131.072
