,acc_overall,training_probe time,inference time,training_probe flops,inference flops
0,0.1389,320.31985688209534,0.5080678462982178,884.8785844906666,33554.432
