,acc_overall,training_probe time,inference time,training_probe flops,inference flops
0,0.1323,284.43670654296875,0.5814037322998047,884.8785844906666,33554.432
