,acc_overall,training_probe time,inference time,training_probe flops,inference flops
0,0.8321,57.915414810180664,12.249891996383667,0.18627839999999998,25.35636
