,acc_overall,training_probe time,inference time,training_probe flops,inference flops
0,0.962,65.38243889808655,7.143104791641235,0.13685760000000002,43.09568
