,acc_overall,training_probe time,inference time,training_probe flops,inference flops
0,0.9325,1.5966355800628662,0.011957883834838867,0.9921181013333333,3.2768
