,acc_overall,training_probe time,inference time,training_probe flops,inference flops
0,0.9556,10.748672246932983,0.02328205108642578,15.848838485333333,52.4288
