,acc_overall,training_probe time,inference time,training_probe flops,inference flops
0,0.9668,51.424105167388916,0.06634092330932617,257.5077430613334,838.8608
