,acc_overall,training_probe time,inference time,training_probe flops,inference flops
0,0.96,58.48413062095642,0.06831598281860352,257.5077430613334,838.8608
