,acc_overall,training_probe time,inference time,training_probe flops,inference flops
0,0.9517,1.1262664794921875,0.022060155868530273,0.9921181013333333,3.2768
