,acc_overall,training_probe time,inference time,training_probe flops,inference flops
0,0.9713,6.686257839202881,0.025101184844970703,15.848838485333333,52.4288
