,acc_overall,training_probe time,inference time,training_probe flops,inference flops
0,0.9805,48.098777294158936,0.0830535888671875,257.5077430613334,838.8608
