,acc_overall,training_probe time,inference time,training_probe flops,inference flops
0,0.9811,46.951497316360474,0.08801507949829102,257.5077430613334,838.8608
