,acc_overall,training_probe time,inference time,training_probe flops,inference flops
0,0.5165,16.370697498321533,0.05470538139343262,53.19582788266666,209.7152
