,acc_overall,training_probe time,inference time,training_probe flops,inference flops
0,0.375,4.498190641403198,0.017138004302978516,3.1479166666666667,12.5
