,acc_overall,training_probe time,inference time,training_probe flops,inference flops
0,0.4162,2.4148402214050293,0.008982419967651367,3.1479166666666667,12.5
