,acc_overall,training_probe time,inference time,training_probe flops,inference flops
0,0.9466999769210815,0.0012848377227783203,0.0003275871276855469,15002500,30100000
