,acc_overall,training_probe time,inference time,training_probe flops,inference flops
0,0.9243999719619751,0.0012912750244140625,0.0003197193145751953,15002500,30100000
