,acc_overall,training_probe time,inference time,training_probe flops,inference flops
0,0.9364999532699585,0.0016613006591796875,0.0003256797790527344,34565760,69220000
