,acc_overall,training_probe time,inference time,training_probe flops,inference flops
0,0.8441999554634094,0.0012879371643066406,0.0003235340118408203,15002500,30100000
