,acc_overall,training_probe time,inference time,training_probe flops,inference flops
0,0.8455,2.4576187133789062,0.008835315704345703,3.7754166666666666,12.5
