,acc_overall,training_probe time,inference time,training_probe flops,inference flops
0,0.7613,2.639235258102417,0.01102757453918457,3.7754166666666666,12.5
