,acc_overall,training_probe time,inference time,training_probe flops,inference flops
0,0.8287,2.605309247970581,0.026893138885498047,3.7754166666666666,12.5
