,acc_overall,training_probe time,inference time,training_probe flops,inference flops
0,0.8627,1.1047649383544922,0.012760400772094727,0.9921181013333333,3.2768
