,acc_overall,training_probe time,inference time,training_probe flops,inference flops
0,0.367,54.0792932510376,0.06203460693359375,257.5077430613334,838.8608
