,acc_overall,training_probe time,inference time,training_probe flops,inference flops
0,0.5027,51.67082214355469,0.08656883239746094,257.5077430613334,838.8608
