,acc_overall,training_probe time,inference time,training_probe flops,inference flops
0,0.8363,7.411538362503052,0.05545926094055176,15.848838485333333,52.4288
