,acc_overall,training_probe time,inference time,training_probe flops,inference flops
0,0.0234,71.74233222007751,14.699009656906128,0.10137599999999994,10.43868
