,acc_overall,training_probe time,inference time,training_probe flops,inference flops
0,0.0264,3857.710616350174,21.267584085464478,1.622015999999999,1214.72916
