,acc_overall,training_probe time,inference time,training_probe flops,inference flops
0,0.0287,4990.745870113373,21.487647533416748,1.622015999999999,317.10324
