,acc_overall,training_probe time,inference time,training_probe flops,inference flops
0,0.3764,43.96404504776001,0.0913395881652832,257.5077430613334,838.8608
