,acc_overall,training_probe time,inference time,training_probe flops,inference flops
0,0.8352,7.368682384490967,0.019858837127685547,15.848838485333333,52.4288
