,acc_overall,training_probe time,inference time,training_probe flops,inference flops
0,0.8618,1.158628225326538,0.024721622467041016,0.9921181013333333,3.2768
