,acc_overall,training_probe time,inference time,training_probe flops,inference flops
0,0.1046,14.604310750961304,0.0467371940612793,6.590384810666667,262.144
