,acc_overall,training_probe time,inference time,training_probe flops,inference flops
0,0.0957,466.8611204624176,0.4473288059234619,1723.9441844906667,67108.864
