,acc_overall,training_probe time,inference time,training_probe flops,inference flops
0,0.4899999797344208,0.013747215270996094,0.0009853839874267578,102420480,245860000
