,acc_overall,training_probe time,inference time,training_probe flops,inference flops
0,0.39980000257492065,0.001209259033203125,0.00033926963806152344,6401280,15460000
