,acc_overall,training_probe time,inference time,training_probe flops,inference flops
0,0.49300000071525574,0.0026514530181884766,0.0005617141723632812,102420480,245860000
