,acc_overall,training_probe time,inference time,training_probe flops,inference flops
0,0.46719998121261597,0.0014753341674804688,0.0003285408020019531,25605120,61540000
