,acc_overall,training_probe time,inference time,training_probe flops,inference flops
0,0.4065,2.8261454105377197,0.15488433837890625,3.854166666666667,12.5
