,acc_overall,training_probe time,inference time,training_probe flops,inference flops
0,0.4478,21.762733936309814,0.6499853134155273,59.58707882666667,209.7152
