,acc_overall,training_probe time,inference time,training_probe flops,inference flops
0,0.61,18.219035863876343,0.05499410629272461,209715200,16384000000
