,acc_overall,training_probe time,inference time,training_probe flops,inference flops
0,0.5331,123.52963733673096,1.5833699703216553,266.9814306133333,838.8608
