,acc_overall,training_probe time,inference time,training_probe flops,inference flops
0,0.5315,6.610137701034546,0.27008843421936035,14.001984853333331,52.4288
