,acc_overall,training_probe time,inference time,training_probe flops,inference flops
0,0.5514,117.97935485839844,1.6337077617645264,266.9814306133333,838.8608
