,acc_overall,training_probe time,inference time,training_probe flops,inference flops
0,0.9538,66.56368947029114,16.022398710250854,0.13685759999999997,45.7198
