,acc_overall,training_probe time,inference time,training_probe flops,inference flops
0,0.9702,113.54302716255188,10.290833711624146,0.48660479999999995,17.548
