,acc_overall,training_probe time,inference time,training_probe flops,inference flops
0,0.9672,149.23578000068665,8.940711975097656,0.48660479999999995,3.854
