,acc_overall,training_probe time,inference time,training_probe flops,inference flops
0,0.9656,52.783905267715454,11.532150745391846,0.12165119999999999,6.58948
