,acc_overall,training_probe time,inference time,training_probe flops,inference flops
0,0.9451,58.35503005981445,12.759790420532227,0.030412799999999997,1.3572
