,acc_overall,training_probe time,inference time,training_probe flops,inference flops
0,0.803,43.59728717803955,12.913375616073608,0.13685759999999997,44.99152
