,acc_overall,training_probe time,inference time,training_probe flops,inference flops
0,0.9913,2.8186073303222656,0.01594233512878418,3.7754166666666666,12.5
