,acc_overall,training_probe time,inference time,training_probe flops,inference flops
0,0.9912,2.6167852878570557,0.008926630020141602,3.7754166666666666,12.5
