,acc_overall,training_probe time,inference time,training_probe flops,inference flops
0,0.9914,2.172412157058716,0.008830785751342773,3.7754166666666666,12.5
