,acc_overall,training_probe time,inference time,training_probe flops,inference flops
0,0.013299999758601189,0.08336424827575684,0.0021772384643554688,410419200,8275920000
