,acc_overall,training_probe time,inference time,training_probe flops,inference flops
0,0.013399999588727951,0.07367491722106934,0.0006430149078369141,25651200,519120000
