,acc_overall,training_probe time,inference time,training_probe flops,inference flops
0,0.012999999336898327,0.08948326110839844,0.001954317092895508,410419200,8275920000
