,acc_overall,training_probe time,inference time,training_probe flops,inference flops
0,0.2835,156.2283172607422,7.44312596321106,0.6082560000000001,351.11228
