,acc_overall,training_probe time,inference time,training_probe flops,inference flops
0,0.5275,49.98978066444397,10.78770399093628,0.20275199999999996,160.24068
