,acc_overall,training_probe time,inference time,training_probe flops,inference flops
0,0.6831,52.32149958610535,9.583552837371826,0.18627840000000004,51.68736
