,acc_overall,training_probe time,inference time,training_probe flops,inference flops
0,0.9149999618530273,0.0015864372253417969,0.0003230571746826172,30725120,61540000
