,acc_overall,training_probe time,inference time,training_probe flops,inference flops
0,0.892799973487854,0.0012819766998291016,0.00032520294189453125,7681280,15460000
