,acc_overall,training_probe time,inference time,training_probe flops,inference flops
0,0.925599992275238,0.002947568893432617,0.0005662441253662109,122900480,245860000
