,acc_overall,training_probe time,inference time,training_probe flops,inference flops
0,0.9504,6.44938850402832,0.05068492889404297,15.848838485333333,52.4288
