,acc_overall,training_probe time,inference time,training_probe flops,inference flops
0,0.9299,1.0460293292999268,0.014913320541381836,0.9921181013333333,3.2768
