,acc_overall,training_probe time,inference time,training_probe flops,inference flops
0,0.9619,47.652777910232544,0.06620407104492188,257.5077430613334,838.8608
