,acc_overall,training_probe time,inference time,training_probe flops,inference flops
0,0.8572,2.704576015472412,0.02003312110900879,3.7754166666666666,12.5
