,acc_overall,training_probe time,inference time,training_probe flops,inference flops
0,0.8183,4.409562349319458,0.025202512741088867,3.7754166666666666,12.5
