,acc_overall,training_probe time,inference time,training_probe flops,inference flops
0,0.525600016117096,0.001268625259399414,0.00034880638122558594,12502500,30100000
