,acc_overall,training_probe time,inference time,training_probe flops,inference flops
0,0.515500009059906,0.0012888908386230469,0.00032901763916015625,12502500,30100000
