,acc_overall,training_probe time,inference time,training_probe flops,inference flops
0,0.526199996471405,0.0018529891967773438,0.00037384033203125,51210240,122980000
