,acc_overall,training_probe time,inference time,training_probe flops,inference flops
0,0.8321,56.369237661361694,3.2440550327301025,0.18627839999999998,25.35636
