,acc_overall,training_probe time,inference time,training_probe flops,inference flops
0,0.35199999809265137,0.014877557754516602,0.0014004707336425781,205209600,4178920000
