,acc_overall,training_probe time,inference time,training_probe flops,inference flops
0,0.3199999928474426,0.008593320846557617,0.0003230571746826172,12825600,262120000
