,acc_overall,training_probe time,inference time,training_probe flops,inference flops
0,0.3443000018596649,0.016142845153808594,0.0012869834899902344,205209600,4178920000
