,acc_overall,training_probe time,inference time,training_probe flops,inference flops
0,0.5538,602.6755616664886,43.61255121231079,0.8110079999999998,2147.27004
