,acc_overall,training_probe time,inference time,training_probe flops,inference flops
0,0.2662,54.23836636543274,22.952187538146973,0.10137599999999998,36.63792
