,acc_overall,training_probe time,inference time,training_probe flops,inference flops
0,0.661,2089.4292738437653,34.57532787322998,1.6220159999999997,5659.10416
