,acc_overall,training_probe time,inference time,training_probe flops,inference flops
0,0.6313,7908.894999742508,44.32631731033325,3.2440319999999994,8188.73964
