,acc_overall,training_probe time,inference time,training_probe flops,inference flops
0,0.4665,196.9302363395691,28.446455001831055,0.4055039999999999,630.252
