,acc_overall,training_probe time,inference time,training_probe flops,inference flops
0,0.6726,4002.727855682373,47.385085582733154,3.2440319999999994,10099.67496
