,acc_overall,training_probe time,inference time,training_probe flops,inference flops
0,0.6641,8713.875527620316,54.80917763710022,3.2440319999999994,9471.108
