,acc_overall,training_probe time,inference time,training_probe flops,inference flops
0,0.6674,8448.875399589539,59.84489631652832,3.2440319999999994,11457.41892
