,acc_overall,training_probe time,inference time,training_probe flops,inference flops
0,0.6628,8002.551489114761,60.94433236122131,3.2440319999999994,11035.971
