,acc_overall,training_probe time,inference time,training_probe flops,inference flops
0,0.45649999380111694,0.002683401107788086,0.0005686283111572266,102420480,245860000
