,acc_overall,training_probe time,inference time,training_probe flops,inference flops
0,0.4355999827384949,0.0026760101318359375,0.0005753040313720703,102420480,245860000
