,acc_overall,training_probe time,inference time,training_probe flops,inference flops
0,0.3872999846935272,0.0012416839599609375,0.0003299713134765625,6401280,15460000
