,acc_overall,training_probe time,inference time,training_probe flops,inference flops
0,0.44339999556541443,0.0014955997467041016,0.0003299713134765625,25605120,61540000
