,acc_overall,training_probe time,inference time,training_probe flops,inference flops
0,0.17090000212192535,0.022055625915527344,0.001775503158569336,410419200,8275920000
