,acc_overall,training_probe time,inference time,training_probe flops,inference flops
0,0.15950000286102295,0.019570350646972656,0.000362396240234375,25651200,519120000
