,acc_overall,training_probe time,inference time,training_probe flops,inference flops
0,0.0806,5755.365617990494,18.081827878952026,1.622015999999999,714.93708
