,acc_overall,training_probe time,inference time,training_probe flops,inference flops
0,0.0507,72.18434572219849,13.424506425857544,0.10137599999999994,10.8102
