,acc_overall,training_probe time,inference time,training_probe flops,inference flops
0,0.0787,5498.566842794418,28.248152017593384,1.622015999999999,2798.68812
