,acc_overall,training_probe time,inference time,training_probe flops,inference flops
0,0.7941,3.1242785453796387,0.14933037757873535,3.854166666666667,12.5
