,acc_overall,training_probe time,inference time,training_probe flops,inference flops
0,0.5778,2.3026821613311768,0.15170836448669434,3.854166666666667,12.5
