,acc_overall,training_probe time,inference time,training_probe flops,inference flops
0,0.1979,365.42804503440857,0.4431266784667969,1723.9441844906667,67108.864
