,acc_overall,training_probe time,inference time,training_probe flops,inference flops
0,0.1844,9.456810235977173,0.0502774715423584,6.590384810666667,262.144
