,acc_overall,training_probe time,inference time,training_probe flops,inference flops
0,0.2056,374.2117567062378,0.33787059783935547,1723.9441844906667,67108.864
