,acc_overall,training_probe time,inference time,training_probe flops,inference flops
0,0.11939999461174011,0.021547317504882812,0.002022981643676758,410419200,8275920000
