,acc_overall,training_probe time,inference time,training_probe flops,inference flops
0,0.12119999527931213,0.02128005027770996,0.0005950927734375,25651200,519120000
