,acc_overall,training_probe time,inference time,training_probe flops,inference flops
0,0.12489999830722809,0.021872282028198242,0.0017888545989990234,410419200,8275920000
