,acc_overall,training_probe time,inference time,training_probe flops,inference flops
0,0.3806,110.24046301841736,8.85361909866333,0.4055040000000001,676.049
