,acc_overall,training_probe time,inference time,training_probe flops,inference flops
0,0.3627,119.89609575271606,11.702876329421997,0.4055040000000001,476.092
