,acc_overall,training_probe time,inference time,training_probe flops,inference flops
0,0.1675,40.49577069282532,10.368969678878784,0.025344000000000005,3.0992
