,acc_overall,training_probe time,inference time,training_probe flops,inference flops
0,0.2615,39.317469358444214,7.604558229446411,0.10137600000000002,47.55528
