,acc_overall,training_probe time,inference time,training_probe flops,inference flops
0,0.0303,29.484327793121338,18.11453938484192,0.05068799999999999,94.08744
