,acc_overall,training_probe time,inference time,training_probe flops,inference flops
0,0.0383,1140.735281944275,16.801641702651978,0.8110079999999998,1174.24092
