,acc_overall,training_probe time,inference time,training_probe flops,inference flops
0,0.0313,1378.6614661216736,13.442444801330566,0.8110079999999998,365.78748
