,acc_overall,training_probe time,inference time,training_probe flops,inference flops
0,0.2938999831676483,0.04319047927856445,0.0013992786407470703,205209600,4178920000
