,acc_overall,training_probe time,inference time,training_probe flops,inference flops
0,0.2929999828338623,0.011365890502929688,0.0013170242309570312,205209600,4178920000
