,acc_overall,training_probe time,inference time,training_probe flops,inference flops
0,0.2793000042438507,0.008667707443237305,0.0003390312194824219,12825600,262120000
