,acc_overall,training_probe time,inference time,training_probe flops,inference flops
0,0.9665,2.614093542098999,0.01729273796081543,3.7754166666666666,12.5
