,acc_overall,training_probe time,inference time,training_probe flops,inference flops
0,0.9737,2.1714377403259277,0.013167858123779297,3.7754166666666666,12.5
