,acc_overall,training_probe time,inference time,training_probe flops,inference flops
0,0.9696,2.344658613204956,0.021061420440673828,3.7754166666666666,12.5
