,acc_overall,training_probe time,inference time,training_probe flops,inference flops
0,0.6831,61.932130336761475,6.590434551239014,0.18627840000000004,51.68736
