,acc_overall,training_probe time,inference time,training_probe flops,inference flops
0,0.9332,1.1411089897155762,0.013646602630615234,0.9921181013333333,3.2768
