,acc_overall,training_probe time,inference time,training_probe flops,inference flops
0,0.9599,53.90155029296875,0.08171987533569336,257.5077430613334,838.8608
