,acc_overall,training_probe time,inference time,training_probe flops,inference flops
0,0.9643,50.55287480354309,0.06824064254760742,257.5077430613334,838.8608
