,acc_overall,training_probe time,inference time,training_probe flops,inference flops
0,0.9569,7.3715808391571045,0.027785539627075195,15.848838485333333,52.4288
