,acc_overall,training_probe time,inference time,training_probe flops,inference flops
0,0.9538,55.003973960876465,12.704394578933716,0.13685759999999997,45.7198
