,acc_overall,training_probe time,inference time,training_probe flops,inference flops
0,0.9581,110.98298263549805,1.6586790084838867,308.9244706133333,838.8608
