,acc_overall,training_probe time,inference time,training_probe flops,inference flops
0,0.9246,1.1783061027526855,0.05402636528015137,0.9970210133333333,3.2768
