,acc_overall,training_probe time,inference time,training_probe flops,inference flops
0,0.959,7.7323527336120605,0.3712630271911621,16.623424853333333,52.4288
