,acc_overall,training_probe time,inference time,training_probe flops,inference flops
0,0.9576,137.60130262374878,1.6078357696533203,308.9244706133333,838.8608
