,acc_overall,training_probe time,inference time,training_probe flops,inference flops
0,36.73,8.778136014938354,0.055561065673828125,104857600,8192000000
