,acc_overall,training_probe time,inference time,training_probe flops,inference flops
0,0.3104,32.375662088394165,2.5369255542755127,4.395281066666666,131.072
