,acc_overall,training_probe time,inference time,training_probe flops,inference flops
0,0.0154,239.13351941108704,34.45423460006714,5420.159249066666,33554.432
