,acc_overall,training_probe time,inference time,training_probe flops,inference flops
0,0.0143,275.00744342803955,40.24431538581848,5420.159249066666,33554.432
