,acc_overall,training_probe time,inference time,training_probe flops,inference flops
0,0.0305,433.56723260879517,0.5098469257354736,1723.9441844906667,67108.864
