,acc_overall,training_probe time,inference time,training_probe flops,inference flops
0,0.0322,398.20915150642395,0.4979279041290283,1723.9441844906667,67108.864
