,acc_overall,training_probe time,inference time,training_probe flops,inference flops
0,0.0474,9.516141176223755,0.04861593246459961,6.590384810666667,262.144
