,acc_overall,training_probe time,inference time,training_probe flops,inference flops
0,0.011,186.69835758209229,32.70096564292908,10840.318498133332,67108.864
