,acc_overall,training_probe time,inference time,training_probe flops,inference flops
0,0.0086,174.84185528755188,29.887621641159058,10840.318498133332,67108.864
