,acc_overall,training_probe time,inference time,training_probe flops,inference flops
0,0.0383,69.51521229743958,3.600947380065918,8.790562133333331,262.144
