,acc_overall,training_probe time,inference time,training_probe flops,inference flops
0,0.8802,5.689582347869873,0.017767667770385742,3.7754166666666666,12.5
