,acc_overall,training_probe time,inference time,training_probe flops,inference flops
0,0.874,2.872230052947998,0.014597415924072266,3.7754166666666666,12.5
