,acc_overall,training_probe time,inference time,training_probe flops,inference flops
0,0.8822,5.276135683059692,0.020020246505737305,3.7754166666666666,12.5
