,acc_overall,training_probe time,inference time,training_probe flops,inference flops
0,0.7272,25.297524213790894,0.07560539245605469,53.19582788266666,209.7152
