,acc_overall,training_probe time,inference time,training_probe flops,inference flops
0,0.7395,3.992966651916504,0.01757955551147461,3.1479166666666667,12.5
