,acc_overall,training_probe time,inference time,training_probe flops,inference flops
0,0.7291,2.4985320568084717,0.01721668243408203,3.1479166666666667,12.5
