,acc_overall,training_probe time,inference time,training_probe flops,inference flops
0,0.7377,2.3618414402008057,0.012025833129882812,3.1479166666666667,12.5
