,acc_overall,training_probe time,inference time,training_probe flops,inference flops
0,0.8618999719619751,0.0029277801513671875,0.0005702972412109375,122900480,245860000
