,acc_overall,training_probe time,inference time,training_probe flops,inference flops
0,0.8400999903678894,0.0012657642364501953,0.00032591819763183594,7681280,15460000
