,acc_overall,training_probe time,inference time,training_probe flops,inference flops
0,0.8565999865531921,0.0015897750854492188,0.0003235340118408203,30725120,61540000
