,acc_overall,training_probe time,inference time,training_probe flops,inference flops
0,0.8352999687194824,0.002912282943725586,0.0005617141723632812,122900480,245860000
