,acc_overall,training_probe time,inference time,training_probe flops,inference flops
0,0.9158,99.19667029380798,24.703908681869507,0.48660480000000006,673.384
