,acc_overall,training_probe time,inference time,training_probe flops,inference flops
0,0.9364,114.64481043815613,15.39304232597351,0.48660480000000006,675.803
