,acc_overall,training_probe time,inference time,training_probe flops,inference flops
0,0.7058,50.229958295822144,9.354899168014526,0.030412800000000004,2.4544
