,acc_overall,training_probe time,inference time,training_probe flops,inference flops
0,0.9003,43.877026081085205,12.44095492362976,0.12165120000000001,43.5872
