,acc_overall,training_probe time,inference time,training_probe flops,inference flops
0,0.609499990940094,0.0018191337585449219,0.00036263465881347656,51210240,122980000
