,acc_overall,training_probe time,inference time,training_probe flops,inference flops
0,0.6487999558448792,0.001264333724975586,0.0003199577331542969,12502500,30100000
