,acc_overall,training_probe time,inference time,training_probe flops,inference flops
0,0.6387999653816223,0.001276254653930664,0.00031757354736328125,12502500,30100000
