,acc_overall,training_probe time,inference time,training_probe flops,inference flops
0,0.6692999601364136,0.0012822151184082031,0.0003235340118408203,12502500,30100000
