,acc_overall,training_probe time,inference time,training_probe flops,inference flops
0,0.3475,0.7804827690124512,0.0722348690032959,0.8331810133333333,3.2768
