,acc_overall,training_probe time,inference time,training_probe flops,inference flops
0,0.2936,99.50255942344666,1.6004879474639893,266.9814306133333,838.8608
