,acc_overall,training_probe time,inference time,training_probe flops,inference flops
0,0.3288,5.503941774368286,0.21694064140319824,14.001984853333331,52.4288
