,acc_overall,training_probe time,inference time,training_probe flops,inference flops
0,0.2463,87.78871250152588,1.5882186889648438,266.9814306133333,838.8608
