,acc_overall,training_probe time,inference time,training_probe flops,inference flops
0,0.07009999454021454,0.01130986213684082,0.0012888908386230469,205209600,4178920000
