,acc_overall,training_probe time,inference time,training_probe flops,inference flops
0,0.0568000003695488,0.04327249526977539,0.001399993896484375,205209600,4178920000
