,acc_overall,training_probe time,inference time,training_probe flops,inference flops
0,0.13259999454021454,0.008606910705566406,0.00032329559326171875,12825600,262120000
