,acc_overall,training_probe time,inference time,training_probe flops,inference flops
0,0.4059000015258789,0.0015330314636230469,0.00035834312438964844,25605120,61540000
