,acc_overall,training_probe time,inference time,training_probe flops,inference flops
0,0.41429999470710754,0.0025937557220458984,0.0005619525909423828,102420480,245860000
