,acc_overall,training_probe time,inference time,training_probe flops,inference flops
0,0.38339999318122864,0.0025870800018310547,0.0005700588226318359,102420480,245860000
