,acc_overall,training_probe time,inference time,training_probe flops,inference flops
0,0.3649999797344208,0.001214742660522461,0.0003371238708496094,6401280,15460000
