,acc_overall,training_probe time,inference time,training_probe flops,inference flops
0,0.9671,2.4844629764556885,0.14882135391235352,3.854166666666667,12.5
