,acc_overall,training_probe time,inference time,training_probe flops,inference flops
0,1.81,19.040154457092285,0.05498385429382324,209715200,16384000000
