,acc_overall,training_probe time,inference time,training_probe flops,inference flops
0,0.4743,110.72632503509521,1.6072068214416504,266.9814306133333,838.8608
