,acc_overall,training_probe time,inference time,training_probe flops,inference flops
0,0.4786,5.888618469238281,0.3162198066711426,14.001984853333331,52.4288
