,acc_overall,training_probe time,inference time,training_probe flops,inference flops
0,0.481,103.05668520927429,1.572876214981079,266.9814306133333,838.8608
