,acc_overall,training_probe time,inference time,training_probe flops,inference flops
0,0.4631,0.7975349426269531,0.06991147994995117,0.8331810133333333,3.2768
