,acc_overall,training_probe time,inference time,training_probe flops,inference flops
0,0.409199982881546,0.0018107891082763672,0.00029778480529785156,25605120,61540000
