,acc_overall,training_probe time,inference time,training_probe flops,inference flops
0,0.36569997668266296,0.0040056705474853516,0.0004916191101074219,6401280,15460000
