,acc_overall,training_probe time,inference time,training_probe flops,inference flops
0,0.4039999842643738,0.004704952239990234,0.0007052421569824219,102420480,245860000
