,acc_overall,training_probe time,inference time,training_probe flops,inference flops
0,0.33570000529289246,0.0026307106018066406,0.0005779266357421875,102420480,245860000
