,acc_overall,training_probe time,inference time,training_probe flops,inference flops
0,0.0743,6.438854217529297,0.025639057159423828,6.590384810666667,262.144
