,acc_overall,training_probe time,inference time,training_probe flops,inference flops
0,0.0489,220.79849314689636,0.23101353645324707,1723.9441844906667,67108.864
