,acc_overall,training_probe time,inference time,training_probe flops,inference flops
0,0.2835,160.545752286911,6.914916038513184,0.6082560000000001,351.11228
