,acc_overall,training_probe time,inference time,training_probe flops,inference flops
0,0.5263,57.39297389984131,9.883368730545044,0.20275199999999996,168.81804
