,acc_overall,training_probe time,inference time,training_probe flops,inference flops
0,0.9544,63.84762454032898,13.145314931869507,0.13685759999999997,43.62744
