,acc_overall,training_probe time,inference time,training_probe flops,inference flops
0,0.8011,35.544127225875854,9.3082914352417,0.13685759999999997,44.42508
