,acc_overall,training_probe time,inference time,training_probe flops,inference flops
0,0.0684,48.10019326210022,7.5670485496521,0.10137600000000002,11.14044
