,acc_overall,training_probe time,inference time,training_probe flops,inference flops
0,0.1155,5132.032984018326,19.132508993148804,1.6220160000000003,744.03288
