,acc_overall,training_probe time,inference time,training_probe flops,inference flops
0,0.1135,5712.073867082596,27.324326992034912,1.6220160000000003,2658.45456
