,acc_overall,training_probe time,inference time,training_probe flops,inference flops
0,0.4819,48.04362106323242,0.07429099082946777,215.54422306133335,838.8608
