,acc_overall,training_probe time,inference time,training_probe flops,inference flops
0,0.4704,5.2990992069244385,0.020566463470458984,13.222278485333334,52.4288
