,acc_overall,training_probe time,inference time,training_probe flops,inference flops
0,0.4624,0.8528914451599121,0.02740931510925293,0.8269981013333334,3.2768
