,acc_overall,training_probe time,inference time,training_probe flops,inference flops
0,0.4702,43.83005094528198,0.06200861930847168,215.54422306133335,838.8608
