,acc_overall,training_probe time,inference time,training_probe flops,inference flops
0,10.93,19.368234872817993,0.05763435363769531,209715200,16384000000
