,acc_overall,training_probe time,inference time,training_probe flops,inference flops
0,10.52,19.81167721748352,0.06691598892211914,209715200,16384000000
