,acc_overall,training_probe time,inference time,training_probe flops,inference flops
0,0.0119,34.99280643463135,4.157217264175415,8.790562133333331,262.144
