,acc_overall,training_probe time,inference time,training_probe flops,inference flops
0,0.0078,414.3269507884979,32.386956453323364,10840.318498133332,67108.864
