,acc_overall,training_probe time,inference time,training_probe flops,inference flops
0,0.006,204.20936346054077,32.84819173812866,10840.318498133332,67108.864
