,acc_overall,training_probe time,inference time,training_probe flops,inference flops
0,0.01,425.0981774330139,65.16888093948364,10840.318498133332,67108.864
