,acc_overall,training_probe time,inference time,training_probe flops,inference flops
0,0.0073,557.940797328949,52.03189277648926,10840.318498133332,67108.864
