,acc_overall,training_probe time,inference time,training_probe flops,inference flops
0,0.0611,31.9238018989563,3.4688022136688232,8.790562133333331,262.144
