,acc_overall,training_probe time,inference time,training_probe flops,inference flops
0,0.3157,9.434436082839966,0.04302787780761719,3.3007848106666664,131.072
