,acc_overall,training_probe time,inference time,training_probe flops,inference flops
0,0.3241,343.3282070159912,0.46947479248046875,884.8785844906666,33554.432
