,acc_overall,training_probe time,inference time,training_probe flops,inference flops
0,0.3413,349.2164022922516,0.6796762943267822,884.8785844906666,33554.432
