,acc_overall,training_probe time,inference time,training_probe flops,inference flops
0,0.08060000091791153,0.008615970611572266,0.0003275871276855469,12825600,262120000
