,acc_overall,training_probe time,inference time,training_probe flops,inference flops
0,0.06300000101327896,0.013795137405395508,0.0012836456298828125,205209600,4178920000
