,acc_overall,training_probe time,inference time,training_probe flops,inference flops
0,0.05379999801516533,0.010964632034301758,0.0012829303741455078,205209600,4178920000
