,acc_overall,training_probe time,inference time,training_probe flops,inference flops
0,0.4400999844074249,0.0026481151580810547,0.0005714893341064453,102420480,245860000
