,acc_overall,training_probe time,inference time,training_probe flops,inference flops
0,0.4553999900817871,0.0026230812072753906,0.0005731582641601562,102420480,245860000
