,acc_overall,training_probe time,inference time,training_probe flops,inference flops
0,0.39069998264312744,0.0012006759643554688,0.0003199577331542969,6401280,15460000
