,acc_overall,training_probe time,inference time,training_probe flops,inference flops
0,0.4398999810218811,0.0014564990997314453,0.0003216266632080078,25605120,61540000
