,acc_overall,training_probe time,inference time,training_probe flops,inference flops
0,0.8531,2.565495729446411,0.01478719711303711,3.7754166666666666,12.5
