,acc_overall,training_probe time,inference time,training_probe flops,inference flops
0,0.8247,2.665417194366455,0.008147001266479492,3.7754166666666666,12.5
