,acc_overall,training_probe time,inference time,training_probe flops,inference flops
0,0.0949999988079071,0.021919965744018555,0.0017693042755126953,410419200,8275920000
