,acc_overall,training_probe time,inference time,training_probe flops,inference flops
0,0.09719999879598618,0.01751422882080078,0.00036978721618652344,25651200,519120000
