,acc_overall,training_probe time,inference time,training_probe flops,inference flops
0,0.0087,343.73919916152954,0.26683545112609863,1723.9441844906667,67108.864
