,acc_overall,training_probe time,inference time,training_probe flops,inference flops
0,0.0084,384.791944026947,0.29667186737060547,1723.9441844906667,67108.864
