,acc_overall,training_probe time,inference time,training_probe flops,inference flops
0,0.0136,6.849625587463379,0.03573751449584961,6.590384810666667,262.144
