,acc_overall,training_probe time,inference time,training_probe flops,inference flops
0,0.492,5.5217320919036865,0.021852731704711914,13.222278485333334,52.4288
