,acc_overall,training_probe time,inference time,training_probe flops,inference flops
0,0.4979,40.79233241081238,0.07839560508728027,215.54422306133335,838.8608
