,acc_overall,training_probe time,inference time,training_probe flops,inference flops
0,0.4843,0.8701975345611572,0.02442002296447754,0.8269981013333334,3.2768
