,acc_overall,training_probe time,inference time,training_probe flops,inference flops
0,0.5005,48.15675473213196,0.09938359260559082,215.54422306133335,838.8608
