,acc_overall,training_probe time,inference time,training_probe flops,inference flops
0,0.9456999897956848,0.004918575286865234,0.00045299530029296875,34565760,69220000
