,acc_overall,training_probe time,inference time,training_probe flops,inference flops
0,0.9704999923706055,0.0013098716735839844,0.0003147125244140625,15002500,30100000
