,acc_overall,training_probe time,inference time,training_probe flops,inference flops
0,0.9641000032424927,0.0013003349304199219,0.0003325939178466797,15002500,30100000
