,acc_overall,training_probe time,inference time,training_probe flops,inference flops
0,0.9631999731063843,0.0012867450714111328,0.0003418922424316406,15002500,30100000
