,acc_overall,training_probe time,inference time,training_probe flops,inference flops
0,4.65,19.513863563537598,0.05521416664123535,209715200,16384000000
