,acc_overall,training_probe time,inference time,training_probe flops,inference flops
0,0.5598999857902527,0.0012214183807373047,0.0003223419189453125,12502500,30100000
