,acc_overall,training_probe time,inference time,training_probe flops,inference flops
0,0.5733000040054321,0.0018367767333984375,0.000370025634765625,51210240,122980000
