,acc_overall,training_probe time,inference time,training_probe flops,inference flops
0,0.5852000117301941,0.0012545585632324219,0.00033926963806152344,12502500,30100000
