,acc_overall,training_probe time,inference time,training_probe flops,inference flops
0,0.5950999855995178,0.0012443065643310547,0.00030517578125,12502500,30100000
