,acc_overall,training_probe time,inference time,training_probe flops,inference flops
0,0.3713,53.31944012641907,0.7243320941925049,59.58707882666667,209.7152
