,acc_overall,training_probe time,inference time,training_probe flops,inference flops
0,0.9544,64.2081401348114,16.574172496795654,0.13685759999999997,43.62744
