,acc_overall,training_probe time,inference time,training_probe flops,inference flops
0,0.0215,236.93399047851562,0.2609870433807373,1723.9441844906667,67108.864
