,acc_overall,training_probe time,inference time,training_probe flops,inference flops
0,0.0165,236.39148211479187,0.27275848388671875,1723.9441844906667,67108.864
