,acc_overall,training_probe time,inference time,training_probe flops,inference flops
0,0.0426,3.8529930114746094,0.025149822235107422,6.590384810666667,262.144
