,acc_overall,training_probe time,inference time,training_probe flops,inference flops
0,0.4557,2.4851043224334717,0.16813325881958008,3.229166666666667,12.5
