,acc_overall,training_probe time,inference time,training_probe flops,inference flops
0,0.5631,1.6088669300079346,0.13286280632019043,3.229166666666667,12.5
