,acc_overall,training_probe time,inference time,training_probe flops,inference flops
0,0.4346,23.845064163208008,0.6756386756896973,59.58707882666667,209.7152
