,acc_overall,training_probe time,inference time,training_probe flops,inference flops
0,0.9546,2.0125436782836914,0.17437219619750977,3.854166666666667,12.5
