,acc_overall,training_probe time,inference time,training_probe flops,inference flops
0,0.0121,209.50420451164246,36.78988552093506,5420.159249066666,33554.432
