,acc_overall,training_probe time,inference time,training_probe flops,inference flops
0,0.0133,306.2085723876953,32.247113943099976,5420.159249066666,33554.432
