,acc_overall,training_probe time,inference time,training_probe flops,inference flops
0,0.1457,31.743069410324097,2.4788570404052734,4.395281066666666,131.072
