,acc_overall,training_probe time,inference time,training_probe flops,inference flops
0,0.0108,488.8674750328064,68.56387853622437,10840.318498133332,67108.864
