,acc_overall,training_probe time,inference time,training_probe flops,inference flops
0,0.0644,23.944419145584106,2.885057210922241,8.790562133333331,262.144
