,acc_overall,training_probe time,inference time,training_probe flops,inference flops
0,0.0073,456.95060324668884,62.152647495269775,10840.318498133332,67108.864
