,acc_overall,training_probe time,inference time,training_probe flops,inference flops
0,0.0476,5.563827753067017,0.041451454162597656,3.3007848106666664,131.072
