,acc_overall,training_probe time,inference time,training_probe flops,inference flops
0,0.0373,325.7706243991852,0.39302563667297363,884.8785844906666,33554.432
