,acc_overall,training_probe time,inference time,training_probe flops,inference flops
0,0.0368,299.7407126426697,0.34391212463378906,884.8785844906666,33554.432
