,acc_overall,training_probe time,inference time,training_probe flops,inference flops
0,0.3256,2549.5382239818573,31.82893395423889,0.8110079999999996,3106.284
