,acc_overall,training_probe time,inference time,training_probe flops,inference flops
0,0.2763,55.495919942855835,19.543012380599976,0.050687999999999976,53.70012
