,acc_overall,training_probe time,inference time,training_probe flops,inference flops
0,0.312,2131.6881902217865,28.956307888031006,0.8110079999999996,3274.87572
