,acc_overall,training_probe time,inference time,training_probe flops,inference flops
0,0.0858,5430.546188831329,19.381464958190918,1.622015999999999,884.43036
