,acc_overall,training_probe time,inference time,training_probe flops,inference flops
0,0.0792,4868.170341730118,25.011816263198853,1.622015999999999,3044.73204
