,acc_overall,training_probe time,inference time,training_probe flops,inference flops
0,0.0638,69.59496927261353,13.020025968551636,0.10137599999999994,11.9712
