,acc_overall,training_probe time,inference time,training_probe flops,inference flops
0,0.9538,69.77403497695923,16.406694173812866,0.13685759999999997,45.7198
