,acc_overall,training_probe time,inference time,training_probe flops,inference flops
0,0.1155,6002.9749314785,17.364009618759155,1.6220160000000003,744.03288
