,acc_overall,training_probe time,inference time,training_probe flops,inference flops
0,0.0684,72.33055233955383,11.347257137298584,0.10137600000000002,11.14044
