,acc_overall,training_probe time,inference time,training_probe flops,inference flops
0,0.1135,5533.316872119904,24.965412139892578,1.6220160000000003,2658.45456
