,acc_overall,training_probe time,inference time,training_probe flops,inference flops
0,0.9735,133.44783926010132,7.657238721847534,0.48660479999999995,18.204
