,acc_overall,training_probe time,inference time,training_probe flops,inference flops
0,0.9466,44.916258335113525,12.705920696258545,0.030412799999999997,1.3416
