,acc_overall,training_probe time,inference time,training_probe flops,inference flops
0,0.9676,54.13707160949707,11.425520896911621,0.12165119999999999,6.56892
