,acc_overall,training_probe time,inference time,training_probe flops,inference flops
0,0.9699,129.4968545436859,7.690747976303101,0.48660479999999995,3.895
