,acc_overall,training_probe time,inference time,training_probe flops,inference flops
0,0.5328,45.866535902023315,0.07431983947753906,215.54422306133335,838.8608
