,acc_overall,training_probe time,inference time,training_probe flops,inference flops
0,0.5362,47.45175051689148,0.08287858963012695,215.54422306133335,838.8608
