,acc_overall,training_probe time,inference time,training_probe flops,inference flops
0,0.5069,0.9901571273803711,0.004639148712158203,0.8269981013333334,3.2768
