,acc_overall,training_probe time,inference time,training_probe flops,inference flops
0,0.523,5.364359617233276,0.02045893669128418,13.222278485333334,52.4288
