,acc_overall,training_probe time,inference time,training_probe flops,inference flops
0,0.21,191.55043053627014,35.317458629608154,0.4055040000000001,648.087
