,acc_overall,training_probe time,inference time,training_probe flops,inference flops
0,0.5028,1590.9131491184235,32.787222146987915,1.6220160000000003,5826.09788
