,acc_overall,training_probe time,inference time,training_probe flops,inference flops
0,0.5758,8694.132025718689,53.16873335838318,3.2440320000000007,10670.89092
