,acc_overall,training_probe time,inference time,training_probe flops,inference flops
0,0.5713,4189.149206876755,50.13597226142883,3.2440320000000007,10190.78112
