,acc_overall,training_probe time,inference time,training_probe flops,inference flops
0,0.3297,731.6074333190918,31.57144832611084,0.8110080000000002,2224.47636
