,acc_overall,training_probe time,inference time,training_probe flops,inference flops
0,0.5351,5858.131201982498,44.432063579559326,3.2440320000000007,7967.85636
