,acc_overall,training_probe time,inference time,training_probe flops,inference flops
0,0.5658,3138.7296435832977,470.6626172065735,3.2440320000000007,11405.96688
