,acc_overall,training_probe time,inference time,training_probe flops,inference flops
0,0.1306,96.29553270339966,20.36526870727539,0.10137600000000002,37.73788
