,acc_overall,training_probe time,inference time,training_probe flops,inference flops
0,0.5734,8858.02687048912,52.81186628341675,3.2440320000000007,9364.92672
