,acc_overall,training_probe time,inference time,training_probe flops,inference flops
0,0.5275,57.84541726112366,12.751758337020874,0.20275199999999996,160.24068
