,acc_overall,training_probe time,inference time,training_probe flops,inference flops
0,0.2835,206.00733065605164,7.014539480209351,0.6082560000000001,351.11228
