,acc_overall,training_probe time,inference time,training_probe flops,inference flops
0,0.4543,99.44730305671692,1.64389967918396,266.9814306133333,838.8608
