,acc_overall,training_probe time,inference time,training_probe flops,inference flops
0,0.446,1.0937683582305908,0.10091304779052734,0.8331810133333333,3.2768
