,acc_overall,training_probe time,inference time,training_probe flops,inference flops
0,0.4602,5.026621341705322,0.31435608863830566,14.001984853333331,52.4288
