,acc_overall,training_probe time,inference time,training_probe flops,inference flops
0,0.4475,83.49300932884216,1.520906925201416,266.9814306133333,838.8608
