,acc_overall,training_probe time,inference time,training_probe flops,inference flops
0,0.9558,126.39748501777649,1.6588718891143799,308.9244706133333,838.8608
