,acc_overall,training_probe time,inference time,training_probe flops,inference flops
0,0.9494,109.68908381462097,1.6021225452423096,308.9244706133333,838.8608
