,acc_overall,training_probe time,inference time,training_probe flops,inference flops
0,0.9609,8.576759576797485,0.34250879287719727,16.623424853333333,52.4288
