,acc_overall,training_probe time,inference time,training_probe flops,inference flops
0,0.9226,0.7361917495727539,0.16491389274597168,0.9970210133333333,3.2768
