,acc_overall,training_probe time,inference time,training_probe flops,inference flops
0,0.9452999830245972,0.00555729866027832,0.0005331039428710938,34565760,69220000
