,acc_overall,training_probe time,inference time,training_probe flops,inference flops
0,0.9602999687194824,0.0012590885162353516,0.0003116130828857422,15002500,30100000
