,acc_overall,training_probe time,inference time,training_probe flops,inference flops
0,0.9375,0.0012958049774169922,0.0005159378051757812,15002500,30100000
