,acc_overall,training_probe time,inference time,training_probe flops,inference flops
0,0.9599999785423279,0.0012640953063964844,0.0003204345703125,15002500,30100000
