,acc_overall,training_probe time,inference time,training_probe flops,inference flops
0,0.8761,5.757147312164307,0.020737886428833008,3.7754166666666666,12.5
