,acc_overall,training_probe time,inference time,training_probe flops,inference flops
0,0.8829,7.6500585079193115,0.015156269073486328,3.7754166666666666,12.5
