,acc_overall,training_probe time,inference time,training_probe flops,inference flops
0,0.8715,3.4799094200134277,0.012110471725463867,3.7754166666666666,12.5
