,acc_overall,training_probe time,inference time,training_probe flops,inference flops
0,0.4987,114.40048503875732,7.860460519790649,0.4055039999999999,610.982
