,acc_overall,training_probe time,inference time,training_probe flops,inference flops
0,0.241,40.81793761253357,6.852221488952637,0.025343999999999995,3.0654
