,acc_overall,training_probe time,inference time,training_probe flops,inference flops
0,0.2835,218.049325466156,16.20338010787964,0.6082560000000001,351.11228
