,acc_overall,training_probe time,inference time,training_probe flops,inference flops
0,0.4031,36.252341747283936,8.18968939781189,0.10137599999999998,45.06752
