,acc_overall,training_probe time,inference time,training_probe flops,inference flops
0,0.4982,118.43990850448608,11.970167636871338,0.4055039999999999,377.282
