,acc_overall,training_probe time,inference time,training_probe flops,inference flops
0,0.0566,57.394070625305176,2.1784048080444336,4.395281066666666,131.072
