,acc_overall,training_probe time,inference time,training_probe flops,inference flops
0,0.0137,231.58227443695068,40.39233660697937,5420.159249066666,33554.432
