,acc_overall,training_probe time,inference time,training_probe flops,inference flops
0,0.0096,174.69729781150818,33.147706270217896,5420.159249066666,33554.432
