,acc_overall,training_probe time,inference time,training_probe flops,inference flops
0,0.1424,14.014100313186646,0.038275718688964844,6.590384810666667,262.144
