,acc_overall,training_probe time,inference time,training_probe flops,inference flops
0,0.1484,420.325035572052,0.48286962509155273,1723.9441844906667,67108.864
