,acc_overall,training_probe time,inference time,training_probe flops,inference flops
0,0.1413,484.3276174068451,0.40497493743896484,1723.9441844906667,67108.864
