,acc_overall,training_probe time,inference time,training_probe flops,inference flops
0,0.9534,65.54713177680969,14.147480487823486,0.13685759999999997,46.32092
