,acc_overall,training_probe time,inference time,training_probe flops,inference flops
0,0.8425,12.409250259399414,0.27391719818115234,3.854166666666667,12.5
