,acc_overall,training_probe time,inference time,training_probe flops,inference flops
0,0.8637,6.5097808837890625,0.27196431159973145,3.854166666666667,12.5
