,acc_overall,training_probe time,inference time,training_probe flops,inference flops
0,0.6288,53.182366132736206,11.622123956680298,0.030412799999999997,2.3582
