,acc_overall,training_probe time,inference time,training_probe flops,inference flops
0,0.6868,114.5363416671753,20.113200902938843,0.48660479999999995,706.881
