,acc_overall,training_probe time,inference time,training_probe flops,inference flops
0,0.7303,60.770143270492554,6.157877206802368,0.12165119999999999,43.47412
