,acc_overall,training_probe time,inference time,training_probe flops,inference flops
0,0.8017,99.18301963806152,15.561895847320557,0.48660479999999995,696.262
