,acc_overall,training_probe time,inference time,training_probe flops,inference flops
0,0.269,30.58786702156067,13.912065029144287,0.10137600000000002,47.58612
