,acc_overall,training_probe time,inference time,training_probe flops,inference flops
0,0.3611,96.75353622436523,20.586942195892334,0.4055040000000001,482.078
