,acc_overall,training_probe time,inference time,training_probe flops,inference flops
0,0.372,116.04537558555603,15.391751766204834,0.4055040000000001,674.983
