,acc_overall,training_probe time,inference time,training_probe flops,inference flops
0,0.1693,31.165608644485474,6.289551734924316,0.025344000000000005,3.0914
