,acc_overall,training_probe time,inference time,training_probe flops,inference flops
0,0.9666,112.16237282752991,1.589202642440796,308.9244706133333,838.8608
