,acc_overall,training_probe time,inference time,training_probe flops,inference flops
0,0.903,126.36819839477539,1.8106169700622559,308.9244706133333,838.8608
