,acc_overall,training_probe time,inference time,training_probe flops,inference flops
0,0.9604,1.4049572944641113,0.07941174507141113,0.9970210133333333,3.2768
