,acc_overall,training_probe time,inference time,training_probe flops,inference flops
0,0.9597,9.369855880737305,0.25083255767822266,16.623424853333333,52.4288
