,acc_overall,training_probe time,inference time,training_probe flops,inference flops
0,0.0103,401.83572697639465,41.14095377922058,10840.318498133332,67108.864
