,acc_overall,training_probe time,inference time,training_probe flops,inference flops
0,0.0066,313.5584886074066,69.19602966308594,10840.318498133332,67108.864
