,acc_overall,training_probe time,inference time,training_probe flops,inference flops
0,0.9243,1.8913469314575195,0.20782232284545898,3.854166666666667,12.5
