,acc_overall,training_probe time,inference time,training_probe flops,inference flops
0,0.9103,3.0613489151000977,0.12859535217285156,3.854166666666667,12.5
