,acc_overall,training_probe time,inference time,training_probe flops,inference flops
0,0.0165,352.76655316352844,38.912102460861206,5420.159249066666,33554.432
