,acc_overall,training_probe time,inference time,training_probe flops,inference flops
0,0.3551,32.269500732421875,2.9535088539123535,4.395281066666666,131.072
