,acc_overall,training_probe time,inference time,training_probe flops,inference flops
0,0.0157,253.8225121498108,40.53423595428467,5420.159249066666,33554.432
