,acc_overall,training_probe time,inference time,training_probe flops,inference flops
0,0.9464,7.295385122299194,0.016031742095947266,15.848838485333333,52.4288
