,acc_overall,training_probe time,inference time,training_probe flops,inference flops
0,0.9251,1.2840540409088135,0.03668832778930664,0.9921181013333333,3.2768
