,acc_overall,training_probe time,inference time,training_probe flops,inference flops
0,0.9533,53.1576886177063,0.07955527305603027,257.5077430613334,838.8608
