,acc_overall,training_probe time,inference time,training_probe flops,inference flops
0,0.9601,49.030961990356445,0.07901215553283691,257.5077430613334,838.8608
