,acc_overall,training_probe time,inference time,training_probe flops,inference flops
0,0.4212999939918518,0.0011990070343017578,0.0003249645233154297,6401280,15460000
