,acc_overall,training_probe time,inference time,training_probe flops,inference flops
0,0.4867999851703644,0.0014829635620117188,0.0003306865692138672,25605120,61540000
