,acc_overall,training_probe time,inference time,training_probe flops,inference flops
0,0.5324999690055847,0.0026214122772216797,0.0005772113800048828,102420480,245860000
