,acc_overall,training_probe time,inference time,training_probe flops,inference flops
0,0.5228999853134155,0.002692699432373047,0.0005762577056884766,102420480,245860000
