,acc_overall,training_probe time,inference time,training_probe flops,inference flops
0,0.1256,56.421663999557495,3.901954174041748,8.790562133333331,262.144
