,acc_overall,training_probe time,inference time,training_probe flops,inference flops
0,0.0156,609.3112812042236,55.83999586105347,10840.318498133332,67108.864
