,acc_overall,training_probe time,inference time,training_probe flops,inference flops
0,0.0099,501.8476228713989,49.96201825141907,10840.318498133332,67108.864
