,acc_overall,training_probe time,inference time,training_probe flops,inference flops
0,0.6002,12.19442892074585,0.03285956382751465,53.19582788266666,209.7152
