,acc_overall,training_probe time,inference time,training_probe flops,inference flops
0,0.4837,4.023938417434692,0.013043642044067383,3.1479166666666667,12.5
