,acc_overall,training_probe time,inference time,training_probe flops,inference flops
0,0.5175,2.4762418270111084,0.007875919342041016,3.1479166666666667,12.5
