,acc_overall,training_probe time,inference time,training_probe flops,inference flops
0,0.5433,2.109772205352783,0.012049436569213867,3.1479166666666667,12.5
