,acc_overall,training_probe time,inference time,training_probe flops,inference flops
0,0.5848,24.366767406463623,0.7241907119750977,59.58707882666667,209.7152
