,acc_overall,training_probe time,inference time,training_probe flops,inference flops
0,0.5673,5.3488383293151855,0.18714046478271484,3.229166666666667,12.5
