,acc_overall,training_probe time,inference time,training_probe flops,inference flops
0,0.4441,1.9860670566558838,0.16172003746032715,3.229166666666667,12.5
