,acc_overall,training_probe time,inference time,training_probe flops,inference flops
0,0.43719998002052307,0.0014748573303222656,0.00032711029052734375,25605120,61540000
