,acc_overall,training_probe time,inference time,training_probe flops,inference flops
0,0.44689998030662537,0.0069692134857177734,0.0006840229034423828,102420480,245860000
