,acc_overall,training_probe time,inference time,training_probe flops,inference flops
0,0.3893999755382538,0.0011949539184570312,0.00033545494079589844,6401280,15460000
