,acc_overall,training_probe time,inference time,training_probe flops,inference flops
0,0.9692,55.78384757041931,11.930999994277954,0.12165119999999999,6.26052
