,acc_overall,training_probe time,inference time,training_probe flops,inference flops
0,0.9521,52.50108528137207,11.09931755065918,0.030412799999999997,1.3676
