,acc_overall,training_probe time,inference time,training_probe flops,inference flops
0,0.965,117.87975883483887,22.670697450637817,0.48660479999999995,3.731
