,acc_overall,training_probe time,inference time,training_probe flops,inference flops
0,0.9707,131.74921011924744,14.129703998565674,0.48660479999999995,15.949
