,acc_overall,training_probe time,inference time,training_probe flops,inference flops
0,0.4012,294.96421694755554,0.5306365489959717,884.8785844906666,33554.432
