,acc_overall,training_probe time,inference time,training_probe flops,inference flops
0,0.3667,11.261820554733276,0.02914595603942871,3.3007848106666664,131.072
