,acc_overall,training_probe time,inference time,training_probe flops,inference flops
0,0.4037,309.23516726493835,0.5138170719146729,884.8785844906666,33554.432
