,acc_overall,training_probe time,inference time,training_probe flops,inference flops
0,0.9158,114.1722424030304,22.626014471054077,0.48660480000000006,673.384
