,acc_overall,training_probe time,inference time,training_probe flops,inference flops
0,0.9364,106.3147292137146,15.616370439529419,0.48660480000000006,675.803
