,acc_overall,training_probe time,inference time,training_probe flops,inference flops
0,0.9003,56.96466660499573,8.6294846534729,0.12165120000000001,43.5872
