,acc_overall,training_probe time,inference time,training_probe flops,inference flops
0,0.7058,54.274683237075806,8.52921748161316,0.030412800000000004,2.4544
