,acc_overall,training_probe time,inference time,training_probe flops,inference flops
0,0.5207,58.39554142951965,8.275330781936646,0.20275199999999996,164.01636
