,acc_overall,training_probe time,inference time,training_probe flops,inference flops
0,0.2835,163.58433413505554,6.935465574264526,0.6082560000000001,351.11228
