,acc_overall,training_probe time,inference time,training_probe flops,inference flops
0,0.3310000002384186,0.011095046997070312,0.0012750625610351562,205209600,4178920000
