,acc_overall,training_probe time,inference time,training_probe flops,inference flops
0,0.31709998846054077,0.008704185485839844,0.0003314018249511719,12825600,262120000
