,acc_overall,training_probe time,inference time,training_probe flops,inference flops
0,0.32979997992515564,0.011181831359863281,0.001287698745727539,205209600,4178920000
