,acc_overall,training_probe time,inference time,training_probe flops,inference flops
0,0.9538,67.07294154167175,9.823481798171997,0.13685759999999997,45.7198
