,acc_overall,training_probe time,inference time,training_probe flops,inference flops
0,0.969,124.6945571899414,1.4637339115142822,308.9244706133333,838.8608
