,acc_overall,training_probe time,inference time,training_probe flops,inference flops
0,0.9678,8.12718915939331,0.29427218437194824,16.623424853333333,52.4288
