,acc_overall,training_probe time,inference time,training_probe flops,inference flops
0,0.9553,0.8038849830627441,0.14470171928405762,0.9970210133333333,3.2768
