,acc_overall,training_probe time,inference time,training_probe flops,inference flops
0,0.9701,126.69063472747803,1.6492393016815186,308.9244706133333,838.8608
