,acc_overall,training_probe time,inference time,training_probe flops,inference flops
0,0.449,44.32422947883606,0.07206106185913086,215.54422306133335,838.8608
