,acc_overall,training_probe time,inference time,training_probe flops,inference flops
0,0.4422,5.122339963912964,0.02402782440185547,13.222278485333334,52.4288
