,acc_overall,training_probe time,inference time,training_probe flops,inference flops
0,0.4396,39.98533916473389,0.07410669326782227,215.54422306133335,838.8608
