,acc_overall,training_probe time,inference time,training_probe flops,inference flops
0,0.1302,5.713693141937256,0.027302265167236328,6.590384810666667,262.144
