,acc_overall,training_probe time,inference time,training_probe flops,inference flops
0,0.1327,386.15246200561523,0.40777039527893066,1723.9441844906667,67108.864
