,acc_overall,training_probe time,inference time,training_probe flops,inference flops
0,0.13,421.01254630088806,0.5797028541564941,1723.9441844906667,67108.864
