,acc_overall,training_probe time,inference time,training_probe flops,inference flops
0,0.8787,6.870161056518555,0.01794719696044922,3.7754166666666666,12.5
