,acc_overall,training_probe time,inference time,training_probe flops,inference flops
0,0.8799,3.5054004192352295,0.01201176643371582,3.7754166666666666,12.5
