,acc_overall,training_probe time,inference time,training_probe flops,inference flops
0,0.1658,38.680676221847534,3.3935141563415527,8.790562133333331,262.144
