,acc_overall,training_probe time,inference time,training_probe flops,inference flops
0,0.0089,333.1542401313782,65.05955123901367,10840.318498133332,67108.864
