,acc_overall,training_probe time,inference time,training_probe flops,inference flops
0,0.0147,472.59524154663086,46.492743492126465,10840.318498133332,67108.864
