,acc_overall,training_probe time,inference time,training_probe flops,inference flops
0,0.0235,228.27499771118164,0.2563321590423584,1723.9441844906667,67108.864
