,acc_overall,training_probe time,inference time,training_probe flops,inference flops
0,0.0197,377.1059648990631,0.2592043876647949,1723.9441844906667,67108.864
