,acc_overall,training_probe time,inference time,training_probe flops,inference flops
0,0.0536,4.455307483673096,0.025570154190063477,6.590384810666667,262.144
