,acc_overall,training_probe time,inference time,training_probe flops,inference flops
0,0.811,115.53724670410156,20.445339679718018,0.48660479999999995,688.759
