,acc_overall,training_probe time,inference time,training_probe flops,inference flops
0,0.7038,113.04653310775757,12.733463048934937,0.48660479999999995,704.585
