,acc_overall,training_probe time,inference time,training_probe flops,inference flops
0,0.6432,52.29032897949219,11.460041284561157,0.030412799999999997,2.2412
