,acc_overall,training_probe time,inference time,training_probe flops,inference flops
0,0.7498,53.936392068862915,11.875482082366943,0.12165119999999999,42.5078
