,acc_overall,training_probe time,inference time,training_probe flops,inference flops
0,0.965,118.42220735549927,21.047672748565674,0.48660479999999995,3.731
