,acc_overall,training_probe time,inference time,training_probe flops,inference flops
0,0.9692,51.836047887802124,12.50612735748291,0.12165119999999999,6.26052
