,acc_overall,training_probe time,inference time,training_probe flops,inference flops
0,0.9707,109.82997226715088,12.288753986358643,0.48660479999999995,15.949
