,acc_overall,training_probe time,inference time,training_probe flops,inference flops
0,0.9521,45.168235301971436,11.961758852005005,0.030412799999999997,1.3676
