,acc_overall,training_probe time,inference time,training_probe flops,inference flops
0,0.3593,2.0411062240600586,0.15115618705749512,3.229166666666667,12.5
