,acc_overall,training_probe time,inference time,training_probe flops,inference flops
0,0.4764,21.10393500328064,0.6896805763244629,59.58707882666667,209.7152
