,acc_overall,training_probe time,inference time,training_probe flops,inference flops
0,0.0264,4406.616438150406,32.67518854141235,1.622015999999999,1214.72916
