,acc_overall,training_probe time,inference time,training_probe flops,inference flops
0,0.0234,49.81328821182251,16.518907070159912,0.10137599999999994,10.43868
