,acc_overall,training_probe time,inference time,training_probe flops,inference flops
0,0.0287,3957.394160270691,22.400591135025024,1.622015999999999,317.10324
