,acc_overall,training_probe time,inference time,training_probe flops,inference flops
0,0.0789,78.10371208190918,11.471734523773193,0.10137600000000002,11.61516
