,acc_overall,training_probe time,inference time,training_probe flops,inference flops
0,0.1323,5836.636992454529,20.279507875442505,1.6220160000000003,907.87092
