,acc_overall,training_probe time,inference time,training_probe flops,inference flops
0,0.1268,6204.427140712738,29.69998836517334,1.6220160000000003,2990.7204
