,acc_overall,training_probe time,inference time,training_probe flops,inference flops
0,2.41,17.975470066070557,0.055330753326416016,209715200,16384000000
