,acc_overall,training_probe time,inference time,training_probe flops,inference flops
0,0.811,127.67951345443726,16.560601472854614,0.48660479999999995,688.759
