,acc_overall,training_probe time,inference time,training_probe flops,inference flops
0,0.7498,60.92005372047424,9.035578966140747,0.12165119999999999,42.5078
