,acc_overall,training_probe time,inference time,training_probe flops,inference flops
0,0.7038,111.86238169670105,24.35414433479309,0.48660479999999995,704.585
