,acc_overall,training_probe time,inference time,training_probe flops,inference flops
0,0.6432,50.32536864280701,12.166054487228394,0.030412799999999997,2.2412
