,acc_overall,training_probe time,inference time,training_probe flops,inference flops
0,0.4349,1.0285992622375488,0.04480624198913574,0.8269981013333334,3.2768
