,acc_overall,training_probe time,inference time,training_probe flops,inference flops
0,0.3808,41.349530935287476,0.07346534729003906,215.54422306133335,838.8608
