,acc_overall,training_probe time,inference time,training_probe flops,inference flops
0,0.417,6.692637920379639,0.01530313491821289,13.222278485333334,52.4288
