,acc_overall,training_probe time,inference time,training_probe flops,inference flops
0,0.3883,44.27236604690552,0.05878853797912598,215.54422306133335,838.8608
