,acc_overall,training_probe time,inference time,training_probe flops,inference flops
0,0.13259999454021454,0.0659341812133789,0.0018908977508544922,410419200,8275920000
