,acc_overall,training_probe time,inference time,training_probe flops,inference flops
0,0.12799999117851257,0.078125,0.0003566741943359375,25651200,519120000
