,acc_overall,training_probe time,inference time,training_probe flops,inference flops
0,0.13109999895095825,0.02418231964111328,0.0017986297607421875,410419200,8275920000
