,acc_overall,training_probe time,inference time,training_probe flops,inference flops
0,0.3667,8.26036548614502,0.03130221366882324,3.3007848106666664,131.072
