,acc_overall,training_probe time,inference time,training_probe flops,inference flops
0,0.4037,333.1211817264557,0.3390471935272217,884.8785844906666,33554.432
