,acc_overall,training_probe time,inference time,training_probe flops,inference flops
0,0.4012,330.28402066230774,0.3269784450531006,884.8785844906666,33554.432
