,acc_overall,training_probe time,inference time,training_probe flops,inference flops
0,0.9404000043869019,0.0029370784759521484,0.0005753040313720703,122900480,245860000
