,acc_overall,training_probe time,inference time,training_probe flops,inference flops
0,0.9491999745368958,0.002940654754638672,0.0005664825439453125,122900480,245860000
