,acc_overall,training_probe time,inference time,training_probe flops,inference flops
0,0.9204999804496765,0.0015959739685058594,0.0003254413604736328,30725120,61540000
