,acc_overall,training_probe time,inference time,training_probe flops,inference flops
0,0.8901000022888184,0.0012259483337402344,0.00032806396484375,7681280,15460000
