,acc_overall,training_probe time,inference time,training_probe flops,inference flops
0,0.8975,3.1053707599639893,0.01577019691467285,3.7754166666666666,12.5
