,acc_overall,training_probe time,inference time,training_probe flops,inference flops
0,0.9052,3.2480392456054688,0.016657114028930664,3.7754166666666666,12.5
