,acc_overall,training_probe time,inference time,training_probe flops,inference flops
0,0.9038,45.48672127723694,12.75079607963562,0.12165120000000001,43.10404
