,acc_overall,training_probe time,inference time,training_probe flops,inference flops
0,0.9398,121.32987546920776,16.07504677772522,0.48660480000000006,673.548
