,acc_overall,training_probe time,inference time,training_probe flops,inference flops
0,0.9232,111.13746857643127,23.55173373222351,0.48660480000000006,675.188
