,acc_overall,training_probe time,inference time,training_probe flops,inference flops
0,0.0575999990105629,0.011218786239624023,0.0012853145599365234,205209600,4178920000
