,acc_overall,training_probe time,inference time,training_probe flops,inference flops
0,0.04809999838471413,0.03395271301269531,0.001416921615600586,205209600,4178920000
