,acc_overall,training_probe time,inference time,training_probe flops,inference flops
0,0.10489999502897263,0.00868535041809082,0.0003616809844970703,12825600,262120000
