,acc_overall,training_probe time,inference time,training_probe flops,inference flops
0,0.9475999474525452,0.002888202667236328,0.0005626678466796875,122900480,245860000
