,acc_overall,training_probe time,inference time,training_probe flops,inference flops
0,0.8888999819755554,0.001249551773071289,0.00031876564025878906,7681280,15460000
