,acc_overall,training_probe time,inference time,training_probe flops,inference flops
0,0.920799970626831,0.0017161369323730469,0.00037407875061035156,30725120,61540000
