,acc_overall,training_probe time,inference time,training_probe flops,inference flops
0,0.9391999840736389,0.0029289722442626953,0.0005750656127929688,122900480,245860000
