,acc_overall,training_probe time,inference time,training_probe flops,inference flops
0,0.6791,19.308818817138672,0.08373403549194336,53.19582788266666,209.7152
