,acc_overall,training_probe time,inference time,training_probe flops,inference flops
0,0.6376,2.762709617614746,0.009880304336547852,3.1479166666666667,12.5
