,acc_overall,training_probe time,inference time,training_probe flops,inference flops
0,0.6224,3.1323249340057373,0.02149176597595215,3.1479166666666667,12.5
