,acc_overall,training_probe time,inference time,training_probe flops,inference flops
0,0.6421,2.4790878295898438,0.00840306282043457,3.1479166666666667,12.5
