,acc_overall,training_probe time,inference time,training_probe flops,inference flops
0,0.035,16.309475421905518,3.401301860809326,8.790562133333331,262.144
