,acc_overall,training_probe time,inference time,training_probe flops,inference flops
0,0.0108,245.63371419906616,36.80175828933716,10840.318498133332,67108.864
