,acc_overall,training_probe time,inference time,training_probe flops,inference flops
0,0.007,468.13784074783325,34.93607020378113,10840.318498133332,67108.864
