,acc_overall,training_probe time,inference time,training_probe flops,inference flops
0,0.3797,102.45387244224548,20.0281879901886,0.4055040000000001,678.878
