,acc_overall,training_probe time,inference time,training_probe flops,inference flops
0,0.1682,42.73633122444153,7.721685886383057,0.025344000000000005,3.0966
