,acc_overall,training_probe time,inference time,training_probe flops,inference flops
0,0.2634,43.34616494178772,8.408188343048096,0.10137600000000002,47.63752
