,acc_overall,training_probe time,inference time,training_probe flops,inference flops
0,0.3643,100.80724167823792,10.118632316589355,0.4055040000000001,480.028
