,acc_overall,training_probe time,inference time,training_probe flops,inference flops
0,0.9645,2.6315460205078125,0.009607791900634766,3.7754166666666666,12.5
