,acc_overall,training_probe time,inference time,training_probe flops,inference flops
0,0.9702,118.87051677703857,7.467355012893677,0.48660479999999995,17.548
