,acc_overall,training_probe time,inference time,training_probe flops,inference flops
0,0.9451,42.49859619140625,13.689175605773926,0.030412799999999997,1.3572
