,acc_overall,training_probe time,inference time,training_probe flops,inference flops
0,0.9656,56.55853343009949,11.006291151046753,0.12165119999999999,6.58948
