,acc_overall,training_probe time,inference time,training_probe flops,inference flops
0,0.9672,144.62342071533203,22.957624435424805,0.48660479999999995,3.854
