,acc_overall,training_probe time,inference time,training_probe flops,inference flops
0,0.1178,4986.319160461426,25.39495611190796,1.6220160000000003,2739.67692
