,acc_overall,training_probe time,inference time,training_probe flops,inference flops
0,0.0628,75.17110800743103,8.741905450820923,0.10137600000000002,11.01144
