,acc_overall,training_probe time,inference time,training_probe flops,inference flops
0,0.1209,5626.37642121315,18.575724124908447,1.6220160000000003,770.91576
