,acc_overall,training_probe time,inference time,training_probe flops,inference flops
0,0.489,2.2276816368103027,0.008014440536499023,3.1479166666666667,12.5
