,acc_overall,training_probe time,inference time,training_probe flops,inference flops
0,0.5475,2.173999071121216,0.007474184036254883,3.1479166666666667,12.5
