,acc_overall,training_probe time,inference time,training_probe flops,inference flops
0,0.5249,2.479437828063965,0.012121915817260742,3.1479166666666667,12.5
