,acc_overall,training_probe time,inference time,training_probe flops,inference flops
0,0.6152,13.765308141708374,0.054665327072143555,53.19582788266666,209.7152
