,acc_overall,training_probe time,inference time,training_probe flops,inference flops
0,0.8883000016212463,0.0012695789337158203,0.00031280517578125,15002500,30100000
