,acc_overall,training_probe time,inference time,training_probe flops,inference flops
0,0.9108999967575073,0.0012733936309814453,0.0003142356872558594,15002500,30100000
