,acc_overall,training_probe time,inference time,training_probe flops,inference flops
0,0.7195000052452087,0.008338451385498047,0.0003859996795654297,15002500,30100000
