,acc_overall,training_probe time,inference time,training_probe flops,inference flops
0,0.9302999973297119,0.001661539077758789,0.0003159046173095703,34565760,69220000
