,acc_overall,training_probe time,inference time,training_probe flops,inference flops
0,0.9619,65.04629707336426,12.918835401535034,0.13685760000000002,41.00332
