,acc_overall,training_probe time,inference time,training_probe flops,inference flops
0,0.8321,64.40468978881836,11.448689699172974,0.18627839999999998,25.35636
