,acc_overall,training_probe time,inference time,training_probe flops,inference flops
0,0.0194,329.61841464042664,28.490253925323486,5420.159249066666,33554.432
