,acc_overall,training_probe time,inference time,training_probe flops,inference flops
0,0.0198,312.37812900543213,23.009081840515137,5420.159249066666,33554.432
