,acc_overall,training_probe time,inference time,training_probe flops,inference flops
0,0.377,29.344430208206177,2.148890972137451,4.395281066666666,131.072
