,acc_overall,training_probe time,inference time,training_probe flops,inference flops
0,0.12029999494552612,0.017384767532348633,0.0003688335418701172,25651200,519120000
