,acc_overall,training_probe time,inference time,training_probe flops,inference flops
0,0.12309999763965607,0.021672725677490234,0.0017781257629394531,410419200,8275920000
