,acc_overall,training_probe time,inference time,training_probe flops,inference flops
0,0.12379999458789825,0.022649288177490234,0.0017769336700439453,410419200,8275920000
