,acc_overall,training_probe time,inference time,training_probe flops,inference flops
0,0.039799999445676804,0.025977373123168945,0.0017828941345214844,410419200,8275920000
