,acc_overall,training_probe time,inference time,training_probe flops,inference flops
0,0.04399999976158142,0.017664194107055664,0.0003669261932373047,25651200,519120000
