,acc_overall,training_probe time,inference time,training_probe flops,inference flops
0,0.5006999969482422,0.0012836456298828125,0.00034046173095703125,12502500,30100000
