,acc_overall,training_probe time,inference time,training_probe flops,inference flops
0,0.41439998149871826,0.0013942718505859375,0.0003685951232910156,12502500,30100000
