,acc_overall,training_probe time,inference time,training_probe flops,inference flops
0,0.5400999784469604,0.0012464523315429688,0.0003120899200439453,12502500,30100000
