,acc_overall,training_probe time,inference time,training_probe flops,inference flops
0,0.1096,97.87791275978088,5.322427988052368,8.790562133333331,262.144
