,acc_overall,training_probe time,inference time,training_probe flops,inference flops
0,0.0089,462.29891300201416,31.74622893333435,10840.318498133332,67108.864
