,acc_overall,training_probe time,inference time,training_probe flops,inference flops
0,0.0111,644.7047109603882,54.854026794433594,10840.318498133332,67108.864
