,acc_overall,training_probe time,inference time,training_probe flops,inference flops
0,0.4936999976634979,0.001272439956665039,0.0003135204315185547,12502500,30100000
