,acc_overall,training_probe time,inference time,training_probe flops,inference flops
0,0.53329998254776,0.0012516975402832031,0.0003266334533691406,12502500,30100000
