,acc_overall,training_probe time,inference time,training_probe flops,inference flops
0,0.529699981212616,0.0054111480712890625,0.00048470497131347656,51210240,122980000
