,acc_overall,training_probe time,inference time,training_probe flops,inference flops
0,0.398499995470047,0.0013322830200195312,0.0003333091735839844,12502500,30100000
