,acc_overall,training_probe time,inference time,training_probe flops,inference flops
0,0.803,40.74579405784607,11.095326662063599,0.13685759999999997,44.99152
