,acc_overall,training_probe time,inference time,training_probe flops,inference flops
0,0.2835,167.2354757785797,5.2463538646698,0.6082560000000001,351.11228
