,acc_overall,training_probe time,inference time,training_probe flops,inference flops
0,0.5207,59.99721717834473,7.617732524871826,0.20275199999999996,164.01636
