,acc_overall,training_probe time,inference time,training_probe flops,inference flops
0,0.7701999545097351,0.001283884048461914,0.00033020973205566406,15002500,30100000
