,acc_overall,training_probe time,inference time,training_probe flops,inference flops
0,0.7622999548912048,0.0012803077697753906,0.0003142356872558594,15002500,30100000
