,acc_overall,training_probe time,inference time,training_probe flops,inference flops
0,0.7507999539375305,0.0016586780548095703,0.0003368854522705078,34565760,69220000
