,acc_overall,training_probe time,inference time,training_probe flops,inference flops
0,0.5879999995231628,0.0012979507446289062,0.0003681182861328125,15002500,30100000
