,acc_overall,training_probe time,inference time,training_probe flops,inference flops
0,0.029,2978.2159638404846,23.833757162094116,1.622015999999999,1377.82956
