,acc_overall,training_probe time,inference time,training_probe flops,inference flops
0,0.0271,64.32970190048218,14.505393028259277,0.10137599999999994,11.54292
