,acc_overall,training_probe time,inference time,training_probe flops,inference flops
0,0.0305,2453.179784297943,18.51710534095764,1.622015999999999,348.24804
