,acc_overall,training_probe time,inference time,training_probe flops,inference flops
0,0.8011,41.691123723983765,11.54053783416748,0.13685759999999997,44.42508
