,acc_overall,training_probe time,inference time,training_probe flops,inference flops
0,0.9274,6.419139385223389,0.019053220748901367,15.848838485333333,52.4288
