,acc_overall,training_probe time,inference time,training_probe flops,inference flops
0,0.8187,49.76963949203491,0.0837254524230957,257.5077430613334,838.8608
