,acc_overall,training_probe time,inference time,training_probe flops,inference flops
0,0.7067,49.150301694869995,0.06893420219421387,257.5077430613334,838.8608
