,acc_overall,training_probe time,inference time,training_probe flops,inference flops
0,0.9119,1.2258868217468262,0.024297475814819336,0.9921181013333333,3.2768
