,acc_overall,training_probe time,inference time,training_probe flops,inference flops
0,0.8321,32.16185021400452,9.189356803894043,0.18627839999999998,25.35636
