,acc_overall,training_probe time,inference time,training_probe flops,inference flops
0,0.4781,2.7620460987091064,0.16599202156066895,3.229166666666667,12.5
