,acc_overall,training_probe time,inference time,training_probe flops,inference flops
0,0.6543,4.0015974044799805,0.16927671432495117,3.229166666666667,12.5
