,acc_overall,training_probe time,inference time,training_probe flops,inference flops
0,0.426,34.92318153381348,0.7438416481018066,59.58707882666667,209.7152
