,acc_overall,training_probe time,inference time,training_probe flops,inference flops
0,0.6522,3.4195046424865723,0.12908482551574707,3.229166666666667,12.5
