,acc_overall,training_probe time,inference time,training_probe flops,inference flops
0,0.0836,5860.923233270645,18.739381790161133,1.622015999999999,779.76744
