,acc_overall,training_probe time,inference time,training_probe flops,inference flops
0,0.0782,5546.779597043991,27.31983232498169,1.622015999999999,2804.6712
