,acc_overall,training_probe time,inference time,training_probe flops,inference flops
0,0.1413,510.56658577919006,0.6172194480895996,1723.9441844906667,67108.864
