,acc_overall,training_probe time,inference time,training_probe flops,inference flops
0,0.1342,7.25556206703186,0.031223297119140625,6.590384810666667,262.144
