,acc_overall,training_probe time,inference time,training_probe flops,inference flops
0,0.1347,539.0195627212524,0.3926980495452881,1723.9441844906667,67108.864
