,acc_overall,training_probe time,inference time,training_probe flops,inference flops
0,0.3945,77.03009629249573,7.620797872543335,0.20275200000000004,167.01228
