,acc_overall,training_probe time,inference time,training_probe flops,inference flops
0,0.6831,53.734437227249146,13.685378313064575,0.18627840000000004,51.68736
