,acc_overall,training_probe time,inference time,training_probe flops,inference flops
0,0.0695,7.487473487854004,0.02982473373413086,6.590384810666667,262.144
