,acc_overall,training_probe time,inference time,training_probe flops,inference flops
0,0.0434,398.39769744873047,0.4154202938079834,1723.9441844906667,67108.864
