,acc_overall,training_probe time,inference time,training_probe flops,inference flops
0,0.0466,481.52814960479736,0.47186851501464844,1723.9441844906667,67108.864
