,acc_overall,training_probe time,inference time,training_probe flops,inference flops
0,0.9274,2.104214906692505,0.009959220886230469,3.7754166666666666,12.5
