,acc_overall,training_probe time,inference time,training_probe flops,inference flops
0,0.9644,2.3396966457366943,0.008522748947143555,3.7754166666666666,12.5
