,acc_overall,training_probe time,inference time,training_probe flops,inference flops
0,0.4701,131.72155094146729,30.385888814926147,0.4055039999999999,631.769
