,acc_overall,training_probe time,inference time,training_probe flops,inference flops
0,0.5461,576.9646365642548,47.04318451881409,0.8110079999999998,2158.08876
