,acc_overall,training_probe time,inference time,training_probe flops,inference flops
0,0.6697,8774.987409591675,61.16408705711365,3.2440319999999994,11378.4384
