,acc_overall,training_probe time,inference time,training_probe flops,inference flops
0,0.6582,7811.33896112442,58.97432065010071,3.2440319999999994,11008.44252
