,acc_overall,training_probe time,inference time,training_probe flops,inference flops
0,0.66,1761.2404928207397,28.389522790908813,1.6220159999999997,5648.61584
