,acc_overall,training_probe time,inference time,training_probe flops,inference flops
0,0.6316,8288.319181203842,44.65669846534729,3.2440319999999994,8148.7578
