,acc_overall,training_probe time,inference time,training_probe flops,inference flops
0,0.2628,49.696738481521606,4.991454124450684,0.10137599999999998,36.62764
