,acc_overall,training_probe time,inference time,training_probe flops,inference flops
0,0.6659,5302.471559286118,58.861374616622925,3.2440319999999994,9402.2868
