,acc_overall,training_probe time,inference time,training_probe flops,inference flops
0,0.674,3945.761676311493,47.9086332321167,3.2440319999999994,10014.79548
