,acc_overall,training_probe time,inference time,training_probe flops,inference flops
0,0.8278,51.950786113739014,0.05745506286621094,257.5077430613334,838.8608
