,acc_overall,training_probe time,inference time,training_probe flops,inference flops
0,0.7155,55.054394245147705,0.07330179214477539,257.5077430613334,838.8608
