,acc_overall,training_probe time,inference time,training_probe flops,inference flops
0,0.9143,1.2114686965942383,0.02874922752380371,0.9921181013333333,3.2768
