,acc_overall,training_probe time,inference time,training_probe flops,inference flops
0,0.9309,6.68760871887207,0.013238668441772461,15.848838485333333,52.4288
