,acc_overall,training_probe time,inference time,training_probe flops,inference flops
0,0.0782,5392.964982748032,28.50135374069214,1.622015999999999,2804.6712
