,acc_overall,training_probe time,inference time,training_probe flops,inference flops
0,0.0556,68.4935085773468,12.300107955932617,0.10137599999999994,10.61412
