,acc_overall,training_probe time,inference time,training_probe flops,inference flops
0,0.0836,5443.1273810863495,18.152053594589233,1.622015999999999,779.76744
