,acc_overall,training_probe time,inference time,training_probe flops,inference flops
0,0.36399999260902405,0.03882145881652832,0.0013897418975830078,205209600,4178920000
