,acc_overall,training_probe time,inference time,training_probe flops,inference flops
0,0.34039998054504395,0.03474593162536621,0.0005972385406494141,12825600,262120000
