,acc_overall,training_probe time,inference time,training_probe flops,inference flops
0,0.3568999767303467,0.04158473014831543,0.00160980224609375,205209600,4178920000
