,acc_overall,training_probe time,inference time,training_probe flops,inference flops
0,0.9884,2.7684946060180664,0.17791128158569336,3.854166666666667,12.5
