,acc_overall,training_probe time,inference time,training_probe flops,inference flops
0,0.9383,2.4282963275909424,0.011491775512695312,3.7754166666666666,12.5
