,acc_overall,training_probe time,inference time,training_probe flops,inference flops
0,0.9583,2.2043709754943848,0.009426116943359375,3.7754166666666666,12.5
