,acc_overall,training_probe time,inference time,training_probe flops,inference flops
0,0.8757,2.6154110431671143,0.00676274299621582,3.7754166666666666,12.5
