,acc_overall,training_probe time,inference time,training_probe flops,inference flops
0,0.2937999963760376,0.00864267349243164,0.00033974647521972656,12825600,262120000
