,acc_overall,training_probe time,inference time,training_probe flops,inference flops
0,0.3304999768733978,0.013469934463500977,0.001299142837524414,205209600,4178920000
