,acc_overall,training_probe time,inference time,training_probe flops,inference flops
0,0.32259997725486755,0.01106119155883789,0.0013129711151123047,205209600,4178920000
