,acc_overall,training_probe time,inference time,training_probe flops,inference flops
0,0.014099999330937862,0.021839141845703125,0.0017766952514648438,410419200,8275920000
