,acc_overall,training_probe time,inference time,training_probe flops,inference flops
0,0.013499999418854713,0.017370223999023438,0.0003674030303955078,25651200,519120000
