,acc_overall,training_probe time,inference time,training_probe flops,inference flops
0,0.012000000104308128,0.022007465362548828,0.0017924308776855469,410419200,8275920000
