,acc_overall,training_probe time,inference time,training_probe flops,inference flops
0,0.5263,54.546722412109375,9.448524236679077,0.20275199999999996,168.81804
