,acc_overall,training_probe time,inference time,training_probe flops,inference flops
0,0.2835,163.31718039512634,5.491724014282227,0.6082560000000001,351.11228
