,acc_overall,training_probe time,inference time,training_probe flops,inference flops
0,0.46,115.30298352241516,1.6593139171600342,266.9814306133333,838.8608
