,acc_overall,training_probe time,inference time,training_probe flops,inference flops
0,0.4687,111.23685908317566,1.7195525169372559,266.9814306133333,838.8608
