,acc_overall,training_probe time,inference time,training_probe flops,inference flops
0,0.4598,0.6786003112792969,0.15109539031982422,0.8331810133333333,3.2768
