,acc_overall,training_probe time,inference time,training_probe flops,inference flops
0,0.4758,8.524887323379517,0.31696176528930664,14.001984853333331,52.4288
