,acc_overall,training_probe time,inference time,training_probe flops,inference flops
0,0.2855,246.85390448570251,0.33831048011779785,884.8785844906666,33554.432
