,acc_overall,training_probe time,inference time,training_probe flops,inference flops
0,0.2895,7.072614908218384,0.042944908142089844,3.3007848106666664,131.072
