,acc_overall,training_probe time,inference time,training_probe flops,inference flops
0,0.2871,293.44940638542175,0.6263856887817383,884.8785844906666,33554.432
