,acc_overall,training_probe time,inference time,training_probe flops,inference flops
0,0.7983,47.313138484954834,11.596177577972412,0.13685759999999997,45.44236
