,acc_overall,training_probe time,inference time,training_probe flops,inference flops
0,0.6831,58.96204352378845,11.739180088043213,0.18627840000000004,51.68736
