,acc_overall,training_probe time,inference time,training_probe flops,inference flops
0,0.3945,56.931063175201416,15.541167974472046,0.20275200000000004,167.01228
