,acc_overall,training_probe time,inference time,training_probe flops,inference flops
0,0.0155,233.29222655296326,27.494677782058716,5420.159249066666,33554.432
