,acc_overall,training_probe time,inference time,training_probe flops,inference flops
0,0.1403,21.909868240356445,3.01788330078125,4.395281066666666,131.072
