,acc_overall,training_probe time,inference time,training_probe flops,inference flops
0,0.0123,205.42648792266846,26.02358865737915,5420.159249066666,33554.432
