,acc_overall,training_probe time,inference time,training_probe flops,inference flops
0,0.9593,6.618431329727173,0.3385770320892334,16.623424853333333,52.4288
