,acc_overall,training_probe time,inference time,training_probe flops,inference flops
0,0.9425,118.14466691017151,1.6420700550079346,308.9244706133333,838.8608
