,acc_overall,training_probe time,inference time,training_probe flops,inference flops
0,0.9568,0.7082431316375732,0.07671117782592773,0.9970210133333333,3.2768
