,acc_overall,training_probe time,inference time,training_probe flops,inference flops
0,0.9634,120.56178975105286,1.6441230773925781,308.9244706133333,838.8608
