,acc_overall,training_probe time,inference time,training_probe flops,inference flops
0,0.8937,10.348181962966919,0.38722896575927734,16.623424853333333,52.4288
