,acc_overall,training_probe time,inference time,training_probe flops,inference flops
0,0.6704,100.26469826698303,1.6488580703735352,308.9244706133333,838.8608
