,acc_overall,training_probe time,inference time,training_probe flops,inference flops
0,0.6239,109.6900646686554,1.679187536239624,308.9244706133333,838.8608
