,acc_overall,training_probe time,inference time,training_probe flops,inference flops
0,0.8574,0.6617963314056396,0.0469968318939209,0.9970210133333333,3.2768
