,acc_overall,training_probe time,inference time,training_probe flops,inference flops
0,0.0136,314.62957429885864,39.733418464660645,5420.159249066666,33554.432
