,acc_overall,training_probe time,inference time,training_probe flops,inference flops
0,0.0138,352.352707862854,42.09606742858887,5420.159249066666,33554.432
