,acc_overall,training_probe time,inference time,training_probe flops,inference flops
0,0.3464,18.519084215164185,2.6412112712860107,4.395281066666666,131.072
