,acc_overall,training_probe time,inference time,training_probe flops,inference flops
0,0.4690999984741211,0.0015993118286132812,0.0003414154052734375,25605120,61540000
