,acc_overall,training_probe time,inference time,training_probe flops,inference flops
0,0.49609997868537903,0.0026602745056152344,0.0005679130554199219,102420480,245860000
