,acc_overall,training_probe time,inference time,training_probe flops,inference flops
0,0.4957999885082245,0.0026280879974365234,0.0005910396575927734,102420480,245860000
