,acc_overall,training_probe time,inference time,training_probe flops,inference flops
0,0.40469998121261597,0.0012049674987792969,0.0003235340118408203,6401280,15460000
