,acc_overall,training_probe time,inference time,training_probe flops,inference flops
0,0.6764999628067017,0.001268148422241211,0.0003199577331542969,12502500,30100000
