,acc_overall,training_probe time,inference time,training_probe flops,inference flops
0,0.6164999604225159,0.0018351078033447266,0.0003724098205566406,51210240,122980000
