,acc_overall,training_probe time,inference time,training_probe flops,inference flops
0,0.6559000015258789,0.010810136795043945,0.0006668567657470703,12502500,30100000
