,acc_overall,training_probe time,inference time,training_probe flops,inference flops
0,0.9636,126.01830792427063,1.5467517375946045,308.9244706133333,838.8608
