,acc_overall,training_probe time,inference time,training_probe flops,inference flops
0,0.9201,0.8244662284851074,0.0752413272857666,0.9970210133333333,3.2768
