,acc_overall,training_probe time,inference time,training_probe flops,inference flops
0,0.9599,129.70592951774597,1.4936823844909668,308.9244706133333,838.8608
