,acc_overall,training_probe time,inference time,training_probe flops,inference flops
0,0.8851,9.259660959243774,0.3074934482574463,16.623424853333333,52.4288
