,acc_overall,training_probe time,inference time,training_probe flops,inference flops
0,0.8321,64.34773182868958,3.4503109455108643,0.18627839999999998,25.35636
