,acc_overall,training_probe time,inference time,training_probe flops,inference flops
0,0.1631,33.36758303642273,2.4227232933044434,4.395281066666666,131.072
