,acc_overall,training_probe time,inference time,training_probe flops,inference flops
0,0.0133,288.0621237754822,23.927413940429688,5420.159249066666,33554.432
