,acc_overall,training_probe time,inference time,training_probe flops,inference flops
0,0.016,214.18501043319702,33.52426314353943,5420.159249066666,33554.432
