,acc_overall,training_probe time,inference time,training_probe flops,inference flops
0,0.2139,2.2567453384399414,0.015238523483276367,3.1479166666666667,12.5
