,acc_overall,training_probe time,inference time,training_probe flops,inference flops
0,0.3258,14.453444957733154,0.030629396438598633,53.19582788266666,209.7152
