,acc_overall,training_probe time,inference time,training_probe flops,inference flops
0,0.1824,2.1655542850494385,0.02449774742126465,3.1479166666666667,12.5
