,acc_overall,training_probe time,inference time,training_probe flops,inference flops
0,0.2181,1.8550329208374023,0.016013145446777344,3.1479166666666667,12.5
