,acc_overall,training_probe time,inference time,training_probe flops,inference flops
0,0.3626999855041504,0.0012221336364746094,0.0003294944763183594,6401280,15460000
