,acc_overall,training_probe time,inference time,training_probe flops,inference flops
0,0.3887999951839447,0.00264739990234375,0.0005662441253662109,102420480,245860000
