,acc_overall,training_probe time,inference time,training_probe flops,inference flops
0,0.412200003862381,0.0026149749755859375,0.0005638599395751953,102420480,245860000
