,acc_overall,training_probe time,inference time,training_probe flops,inference flops
0,0.9534,70.63366270065308,9.47990107536316,0.13685759999999997,46.32092
