,acc_overall,training_probe time,inference time,training_probe flops,inference flops
0,0.9592,121.63355159759521,23.33863925933838,0.48660479999999995,604.955
