,acc_overall,training_probe time,inference time,training_probe flops,inference flops
0,0.9549,134.4714171886444,10.245023250579834,0.48660479999999995,634.229
