,acc_overall,training_probe time,inference time,training_probe flops,inference flops
0,0.9327,61.341694831848145,8.230005741119385,0.12165119999999999,42.20968
