,acc_overall,training_probe time,inference time,training_probe flops,inference flops
0,0.8007,55.42762231826782,8.582085371017456,0.030412799999999997,2.3868
