,acc_overall,training_probe time,inference time,training_probe flops,inference flops
0,0.9676,55.435139656066895,11.360553979873657,0.12165119999999999,6.56892
