,acc_overall,training_probe time,inference time,training_probe flops,inference flops
0,0.9699,109.94842958450317,9.815230131149292,0.48660479999999995,3.895
