,acc_overall,training_probe time,inference time,training_probe flops,inference flops
0,0.9466,58.840529441833496,7.3195788860321045,0.030412799999999997,1.3416
