,acc_overall,training_probe time,inference time,training_probe flops,inference flops
0,0.9735,147.49753499031067,6.5872650146484375,0.48660479999999995,18.204
