,acc_overall,training_probe time,inference time,training_probe flops,inference flops
0,0.9641000032424927,0.0012950897216796875,0.0003292560577392578,15002500,30100000
