,acc_overall,training_probe time,inference time,training_probe flops,inference flops
0,0.9624999761581421,0.004411220550537109,0.0004336833953857422,15002500,30100000
