,acc_overall,training_probe time,inference time,training_probe flops,inference flops
0,0.9472999572753906,0.0017023086547851562,0.00033593177795410156,34565760,69220000
