,acc_overall,training_probe time,inference time,training_probe flops,inference flops
0,0.8501999974250793,0.0012524127960205078,0.0003104209899902344,15002500,30100000
