,acc_overall,training_probe time,inference time,training_probe flops,inference flops
0,0.8378999829292297,0.0012955665588378906,0.0003407001495361328,15002500,30100000
