,acc_overall,training_probe time,inference time,training_probe flops,inference flops
0,0.8271999955177307,0.0012736320495605469,0.0003190040588378906,15002500,30100000
