,acc_overall,training_probe time,inference time,training_probe flops,inference flops
0,0.8113999962806702,0.0016584396362304688,0.0003273487091064453,34565760,69220000
