,acc_overall,training_probe time,inference time,training_probe flops,inference flops
0,0.9799,49.697779417037964,0.08299779891967773,257.5077430613334,838.8608
