,acc_overall,training_probe time,inference time,training_probe flops,inference flops
0,0.9797,53.290852069854736,0.10214352607727051,257.5077430613334,838.8608
