,acc_overall,training_probe time,inference time,training_probe flops,inference flops
0,0.9515,1.0076971054077148,0.024767398834228516,0.9921181013333333,3.2768
