,acc_overall,training_probe time,inference time,training_probe flops,inference flops
0,0.9717,6.509563207626343,0.019016742706298828,15.848838485333333,52.4288
