,acc_overall,training_probe time,inference time,training_probe flops,inference flops
0,0.4924,3.090186834335327,0.015621423721313477,3.1479166666666667,12.5
