,acc_overall,training_probe time,inference time,training_probe flops,inference flops
0,0.6003,11.826486110687256,0.04568195343017578,53.19582788266666,209.7152
