,acc_overall,training_probe time,inference time,training_probe flops,inference flops
0,0.5483,2.327073574066162,0.00793147087097168,3.1479166666666667,12.5
