,acc_overall,training_probe time,inference time,training_probe flops,inference flops
0,0.7477999925613403,0.0012733936309814453,0.0003292560577392578,12502500,30100000
