,acc_overall,training_probe time,inference time,training_probe flops,inference flops
0,0.6643999814987183,0.0018711090087890625,0.0003635883331298828,51210240,122980000
