,acc_overall,training_probe time,inference time,training_probe flops,inference flops
0,0.7063999772071838,0.0012784004211425781,0.00033974647521972656,12502500,30100000
