,acc_overall,training_probe time,inference time,training_probe flops,inference flops
0,0.7372999787330627,0.001325368881225586,0.0003249645233154297,12502500,30100000
