,acc_overall,training_probe time,inference time,training_probe flops,inference flops
0,0.82,17.92042350769043,0.055789947509765625,209715200,16384000000
