,acc_overall,training_probe time,inference time,training_probe flops,inference flops
0,0.72,18.092047929763794,0.05529928207397461,209715200,16384000000
