,acc_overall,training_probe time,inference time,training_probe flops,inference flops
0,0.7406,2.5045225620269775,0.17253446578979492,3.854166666666667,12.5
