,acc_overall,training_probe time,inference time,training_probe flops,inference flops
0,0.9328,1.6370518207550049,0.15924739837646484,3.854166666666667,12.5
