,acc_overall,training_probe time,inference time,training_probe flops,inference flops
0,0.9599,2.152555465698242,0.013325691223144531,3.7754166666666666,12.5
