,acc_overall,training_probe time,inference time,training_probe flops,inference flops
0,0.9682,2.476760149002075,0.013353347778320312,3.7754166666666666,12.5
