,acc_overall,training_probe time,inference time,training_probe flops,inference flops
0,0.9457,2.5974221229553223,0.006639957427978516,3.7754166666666666,12.5
