,acc_overall,training_probe time,inference time,training_probe flops,inference flops
0,0.9288,1.0651366710662842,0.023632049560546875,0.9921181013333333,3.2768
