,acc_overall,training_probe time,inference time,training_probe flops,inference flops
0,0.9699,51.83941102027893,0.06464457511901855,257.5077430613334,838.8608
