,acc_overall,training_probe time,inference time,training_probe flops,inference flops
0,0.9582,7.14117956161499,0.013821601867675781,15.848838485333333,52.4288
