,acc_overall,training_probe time,inference time,training_probe flops,inference flops
0,0.969,54.12311768531799,0.06490135192871094,257.5077430613334,838.8608
