,acc_overall,training_probe time,inference time,training_probe flops,inference flops
0,0.1844,9.708963871002197,0.03437066078186035,6.590384810666667,262.144
