,acc_overall,training_probe time,inference time,training_probe flops,inference flops
0,0.1979,322.1908133029938,0.528963565826416,1723.9441844906667,67108.864
