,acc_overall,training_probe time,inference time,training_probe flops,inference flops
0,0.2056,440.2895498275757,0.38747501373291016,1723.9441844906667,67108.864
