,acc_overall,training_probe time,inference time,training_probe flops,inference flops
0,0.9073999524116516,0.0012764930725097656,0.000347137451171875,15002500,30100000
