,acc_overall,training_probe time,inference time,training_probe flops,inference flops
0,0.8316999673843384,0.0016696453094482422,0.00032138824462890625,34565760,69220000
