,acc_overall,training_probe time,inference time,training_probe flops,inference flops
0,0.8930000066757202,0.0013070106506347656,0.00032973289489746094,15002500,30100000
