,acc_overall,training_probe time,inference time,training_probe flops,inference flops
0,0.8716999888420105,0.0012891292572021484,0.00032639503479003906,15002500,30100000
