,acc_overall,training_probe time,inference time,training_probe flops,inference flops
0,0.295199990272522,0.008618354797363281,0.0003180503845214844,12825600,262120000
