,acc_overall,training_probe time,inference time,training_probe flops,inference flops
0,0.32109999656677246,0.011306524276733398,0.001291036605834961,205209600,4178920000
