,acc_overall,training_probe time,inference time,training_probe flops,inference flops
0,0.32919999957084656,0.01750469207763672,0.0013010501861572266,205209600,4178920000
