,acc_overall,training_probe time,inference time,training_probe flops,inference flops
0,0.9138999581336975,0.0019121170043945312,0.00032401084899902344,30725120,61540000
