,acc_overall,training_probe time,inference time,training_probe flops,inference flops
0,0.9341999888420105,0.0029163360595703125,0.0007121562957763672,122900480,245860000
