,acc_overall,training_probe time,inference time,training_probe flops,inference flops
0,0.9264000058174133,0.0034189224243164062,0.0007045269012451172,122900480,245860000
