,acc_overall,training_probe time,inference time,training_probe flops,inference flops
0,0.8883000016212463,0.00513768196105957,0.000621795654296875,7681280,15460000
