,acc_overall,training_probe time,inference time,training_probe flops,inference flops
0,0.803,45.92252802848816,12.167011737823486,0.13685759999999997,44.99152
