,acc_overall,training_probe time,inference time,training_probe flops,inference flops
0,0.9003,50.262869358062744,10.91697907447815,0.12165120000000001,43.5872
