,acc_overall,training_probe time,inference time,training_probe flops,inference flops
0,0.7058,52.08055067062378,11.004069566726685,0.030412800000000004,2.4544
