,acc_overall,training_probe time,inference time,training_probe flops,inference flops
0,0.9364,130.44412517547607,9.379876613616943,0.48660480000000006,675.803
