,acc_overall,training_probe time,inference time,training_probe flops,inference flops
0,0.9158,117.58469462394714,11.250603914260864,0.48660480000000006,673.384
