,acc_overall,training_probe time,inference time,training_probe flops,inference flops
0,0.3806,108.60788130760193,12.219117403030396,0.4055040000000001,676.049
