,acc_overall,training_probe time,inference time,training_probe flops,inference flops
0,0.2615,38.568620443344116,7.665005922317505,0.10137600000000002,47.55528
