,acc_overall,training_probe time,inference time,training_probe flops,inference flops
0,0.1675,35.03889012336731,14.496456623077393,0.025344000000000005,3.0992
