,acc_overall,training_probe time,inference time,training_probe flops,inference flops
0,0.4984,99.80489349365234,11.468570232391357,0.4055039999999999,616.681
