,acc_overall,training_probe time,inference time,training_probe flops,inference flops
0,0.2835,188.00521993637085,7.409102916717529,0.6082560000000001,351.11228
