,acc_overall,training_probe time,inference time,training_probe flops,inference flops
0,0.4065,50.01873850822449,10.122458696365356,0.10137599999999998,45.4376
