,acc_overall,training_probe time,inference time,training_probe flops,inference flops
0,0.5081,123.26749086380005,14.924538612365723,0.4055039999999999,390.566
