,acc_overall,training_probe time,inference time,training_probe flops,inference flops
0,0.2404,30.939651250839233,13.779558420181274,0.025343999999999995,3.055
