,acc_overall,training_probe time,inference time,training_probe flops,inference flops
0,0.9668,1.9397969245910645,0.017700672149658203,3.7754166666666666,12.5
