,acc_overall,training_probe time,inference time,training_probe flops,inference flops
0,0.9716,2.4876599311828613,0.006872653961181641,3.7754166666666666,12.5
