,acc_overall,training_probe time,inference time,training_probe flops,inference flops
0,0.9716,2.2856266498565674,0.006605386734008789,3.7754166666666666,12.5
