,acc_overall,training_probe time,inference time,training_probe flops,inference flops
0,0.8698999881744385,0.00127410888671875,0.00032401084899902344,15002500,30100000
