,acc_overall,training_probe time,inference time,training_probe flops,inference flops
0,0.8192999958992004,0.0016443729400634766,0.0003268718719482422,34565760,69220000
