,acc_overall,training_probe time,inference time,training_probe flops,inference flops
0,0.8695999979972839,0.001283407211303711,0.00034046173095703125,15002500,30100000
