,acc_overall,training_probe time,inference time,training_probe flops,inference flops
0,0.851099967956543,0.0012807846069335938,0.0003821849822998047,15002500,30100000
