,acc_overall,training_probe time,inference time,training_probe flops,inference flops
0,0.0444,74.0513527393341,20.0239155292511,0.05068799999999999,96.60552
