,acc_overall,training_probe time,inference time,training_probe flops,inference flops
0,0.0637,2327.499420642853,25.75648808479309,0.8110079999999998,1513.88316
