,acc_overall,training_probe time,inference time,training_probe flops,inference flops
0,0.0516,2756.4546830654144,22.151909828186035,0.8110079999999998,991.87992
