,acc_overall,training_probe time,inference time,training_probe flops,inference flops
0,0.9898,3.3070263862609863,0.22276926040649414,3.854166666666667,12.5
