,acc_overall,training_probe time,inference time,training_probe flops,inference flops
0,0.924,2.1653788089752197,0.00828242301940918,3.7754166666666666,12.5
