,acc_overall,training_probe time,inference time,training_probe flops,inference flops
0,0.9473,2.455401659011841,0.011395454406738281,3.7754166666666666,12.5
