,acc_overall,training_probe time,inference time,training_probe flops,inference flops
0,0.7875,2.825091600418091,0.016167402267456055,3.7754166666666666,12.5
