,acc_overall,training_probe time,inference time,training_probe flops,inference flops
0,0.9359,53.697054624557495,12.089404582977295,0.12165119999999999,41.87044
