,acc_overall,training_probe time,inference time,training_probe flops,inference flops
0,0.7823,48.6724419593811,10.704344987869263,0.030412799999999997,2.3426
