,acc_overall,training_probe time,inference time,training_probe flops,inference flops
0,0.9597,125.45132541656494,15.803365230560303,0.48660479999999995,635.746
