,acc_overall,training_probe time,inference time,training_probe flops,inference flops
0,0.9605,114.22142696380615,13.549118518829346,0.48660479999999995,606.349
