,acc_overall,training_probe time,inference time,training_probe flops,inference flops
0,0.2763,46.87791872024536,16.20501208305359,0.050687999999999976,53.70012
