,acc_overall,training_probe time,inference time,training_probe flops,inference flops
0,0.3256,1856.4925785064697,28.65956974029541,0.8110079999999996,3106.284
