,acc_overall,training_probe time,inference time,training_probe flops,inference flops
0,0.312,2072.3942999839783,32.71440029144287,0.8110079999999996,3274.87572
