,acc_overall,training_probe time,inference time,training_probe flops,inference flops
0,0.303,84.43693470954895,1.5733392238616943,266.9814306133333,838.8608
