,acc_overall,training_probe time,inference time,training_probe flops,inference flops
0,0.2423,96.67045140266418,1.559386968612671,266.9814306133333,838.8608
