,acc_overall,training_probe time,inference time,training_probe flops,inference flops
0,0.3358,1.0765907764434814,0.06937217712402344,0.8331810133333333,3.2768
