,acc_overall,training_probe time,inference time,training_probe flops,inference flops
0,0.332,6.347294330596924,0.329679012298584,14.001984853333331,52.4288
