,acc_overall,training_probe time,inference time,training_probe flops,inference flops
0,0.3756,3320.904137134552,35.494877576828,0.8110079999999998,3369.53952
