,acc_overall,training_probe time,inference time,training_probe flops,inference flops
0,0.3289,57.354329109191895,13.889857292175293,0.05068799999999999,60.77448
