,acc_overall,training_probe time,inference time,training_probe flops,inference flops
0,0.3831,2626.5770075321198,31.41134738922119,0.8110079999999998,3281.18664
