,acc_overall,training_probe time,inference time,training_probe flops,inference flops
0,0.095,490.5478723049164,0.47017359733581543,1723.9441844906667,67108.864
