,acc_overall,training_probe time,inference time,training_probe flops,inference flops
0,0.0995,10.810763835906982,0.039525508880615234,6.590384810666667,262.144
