,acc_overall,training_probe time,inference time,training_probe flops,inference flops
0,0.0908,602.0478258132935,0.5361664295196533,1723.9441844906667,67108.864
