,acc_overall,training_probe time,inference time,training_probe flops,inference flops
0,0.604,32.83258104324341,0.6505696773529053,59.58707882666667,209.7152
