,acc_overall,training_probe time,inference time,training_probe flops,inference flops
0,0.7376,3.9965732097625732,0.17096567153930664,3.229166666666667,12.5
