,acc_overall,training_probe time,inference time,training_probe flops,inference flops
0,0.3666,3.3125314712524414,0.19075608253479004,3.229166666666667,12.5
