,acc_overall,training_probe time,inference time,training_probe flops,inference flops
0,0.4916,2.507847785949707,0.010155439376831055,3.7754166666666666,12.5
