,acc_overall,training_probe time,inference time,training_probe flops,inference flops
0,0.8948,2.558713674545288,0.0069599151611328125,3.7754166666666666,12.5
