,acc_overall,training_probe time,inference time,training_probe flops,inference flops
0,0.7951,2.7353527545928955,0.008891582489013672,3.7754166666666666,12.5
