,acc_overall,training_probe time,inference time,training_probe flops,inference flops
0,0.4862,0.8187239170074463,0.01667475700378418,0.8269981013333334,3.2768
