,acc_overall,training_probe time,inference time,training_probe flops,inference flops
0,0.5009,44.55698299407959,0.13635849952697754,215.54422306133335,838.8608
