,acc_overall,training_probe time,inference time,training_probe flops,inference flops
0,0.4978,5.635025262832642,0.019181251525878906,13.222278485333334,52.4288
