,acc_overall,training_probe time,inference time,training_probe flops,inference flops
0,0.5091,42.68173265457153,0.09642672538757324,215.54422306133335,838.8608
