,acc_overall,training_probe time,inference time,training_probe flops,inference flops
0,0.69,17.833314895629883,0.02831435203552246,53.19582788266666,209.7152
