,acc_overall,training_probe time,inference time,training_probe flops,inference flops
0,0.6614,2.572438955307007,0.021101713180541992,3.1479166666666667,12.5
