,acc_overall,training_probe time,inference time,training_probe flops,inference flops
0,0.9514999985694885,0.0029354095458984375,0.0005681514739990234,122900480,245860000
