,acc_overall,training_probe time,inference time,training_probe flops,inference flops
0,0.8894000053405762,0.00492548942565918,0.0006279945373535156,7681280,15460000
