,acc_overall,training_probe time,inference time,training_probe flops,inference flops
0,0.9208999872207642,0.0018510818481445312,0.00033164024353027344,30725120,61540000
