,acc_overall,training_probe time,inference time,training_probe flops,inference flops
0,0.9423999786376953,0.003374814987182617,0.0007500648498535156,122900480,245860000
