,acc_overall,training_probe time,inference time,training_probe flops,inference flops
0,0.523,6.0548319816589355,0.02107071876525879,13.222278485333334,52.4288
