,acc_overall,training_probe time,inference time,training_probe flops,inference flops
0,0.5328,44.02511811256409,0.07631850242614746,215.54422306133335,838.8608
