,acc_overall,training_probe time,inference time,training_probe flops,inference flops
0,0.5362,45.988253593444824,0.0816812515258789,215.54422306133335,838.8608
