,acc_overall,training_probe time,inference time,training_probe flops,inference flops
0,0.5069,0.9741575717926025,0.004781484603881836,0.8269981013333334,3.2768
