,acc_overall,training_probe time,inference time,training_probe flops,inference flops
0,0.05419999733567238,0.01700878143310547,0.0003657341003417969,25651200,519120000
