,acc_overall,training_probe time,inference time,training_probe flops,inference flops
0,0.05009999871253967,0.0227510929107666,0.0017936229705810547,410419200,8275920000
