,acc_overall,training_probe time,inference time,training_probe flops,inference flops
0,0.3445,11.627963304519653,0.04492926597595215,3.3007848106666664,131.072
