,acc_overall,training_probe time,inference time,training_probe flops,inference flops
0,0.3672,286.4637784957886,0.33111095428466797,884.8785844906666,33554.432
