,acc_overall,training_probe time,inference time,training_probe flops,inference flops
0,0.377,355.9413356781006,0.420147180557251,884.8785844906666,33554.432
