,acc_overall,training_probe time,inference time,training_probe flops,inference flops
0,7.52,19.238237142562866,0.06850028038024902,209715200,16384000000
