,acc_overall,training_probe time,inference time,training_probe flops,inference flops
0,0.905,133.7740352153778,1.7339117527008057,308.9244706133333,838.8608
