,acc_overall,training_probe time,inference time,training_probe flops,inference flops
0,0.8472,122.00043869018555,1.664299488067627,308.9244706133333,838.8608
