,acc_overall,training_probe time,inference time,training_probe flops,inference flops
0,0.9318,1.5068533420562744,0.13051724433898926,0.9970210133333333,3.2768
