,acc_overall,training_probe time,inference time,training_probe flops,inference flops
0,0.942,7.918702125549316,0.34123682975769043,16.623424853333333,52.4288
