,acc_overall,training_probe time,inference time,training_probe flops,inference flops
0,0.372,96.14294290542603,18.855534076690674,0.4055040000000001,674.983
