,acc_overall,training_probe time,inference time,training_probe flops,inference flops
0,0.269,44.21516704559326,10.53577208518982,0.10137600000000002,47.58612
