,acc_overall,training_probe time,inference time,training_probe flops,inference flops
0,0.3611,104.58094215393066,20.56458020210266,0.4055040000000001,482.078
