,acc_overall,training_probe time,inference time,training_probe flops,inference flops
0,0.1693,43.38183832168579,11.470882415771484,0.025344000000000005,3.0914
