,acc_overall,training_probe time,inference time,training_probe flops,inference flops
0,0.1699,9.448770999908447,0.0469813346862793,3.3007848106666664,131.072
