,acc_overall,training_probe time,inference time,training_probe flops,inference flops
0,0.135,321.02802658081055,0.3516054153442383,884.8785844906666,33554.432
