,acc_overall,training_probe time,inference time,training_probe flops,inference flops
0,0.1344,350.608115196228,0.38469433784484863,884.8785844906666,33554.432
