,acc_overall,training_probe time,inference time,training_probe flops,inference flops
0,0.9004999995231628,0.011489152908325195,0.0007679462432861328,122900480,245860000
