,acc_overall,training_probe time,inference time,training_probe flops,inference flops
0,0.899399995803833,0.002932310104370117,0.0005602836608886719,122900480,245860000
