,acc_overall,training_probe time,inference time,training_probe flops,inference flops
0,0.8935999870300293,0.004904270172119141,0.00036144256591796875,30725120,61540000
