,acc_overall,training_probe time,inference time,training_probe flops,inference flops
0,0.877299964427948,0.0012552738189697266,0.0003364086151123047,7681280,15460000
