,acc_overall,training_probe time,inference time,training_probe flops,inference flops
0,0.9344,55.757145404815674,6.421473026275635,0.12165119999999999,42.919
