,acc_overall,training_probe time,inference time,training_probe flops,inference flops
0,0.8042,52.90843462944031,10.928725719451904,0.030412799999999997,2.4258
