,acc_overall,training_probe time,inference time,training_probe flops,inference flops
0,0.9618,130.97392344474792,23.947531700134277,0.48660479999999995,598.231
