,acc_overall,training_probe time,inference time,training_probe flops,inference flops
0,0.9618,128.60038709640503,18.033682107925415,0.48660479999999995,636.648
