,acc_overall,training_probe time,inference time,training_probe flops,inference flops
0,0.8610999584197998,0.002941131591796875,0.0005793571472167969,122900480,245860000
