,acc_overall,training_probe time,inference time,training_probe flops,inference flops
0,0.8704999685287476,0.0016283988952636719,0.00035452842712402344,30725120,61540000
