,acc_overall,training_probe time,inference time,training_probe flops,inference flops
0,0.873199999332428,0.0029358863830566406,0.0005724430084228516,122900480,245860000
