,acc_overall,training_probe time,inference time,training_probe flops,inference flops
0,0.8643999695777893,0.004527568817138672,0.00047659873962402344,7681280,15460000
