,acc_overall,training_probe time,inference time,training_probe flops,inference flops
0,0.6323,57.22280263900757,9.279043197631836,0.030412799999999997,2.4258
