,acc_overall,training_probe time,inference time,training_probe flops,inference flops
0,0.7978,129.7005603313446,11.862643003463745,0.48660479999999995,691.547
