,acc_overall,training_probe time,inference time,training_probe flops,inference flops
0,0.6998,122.28277897834778,21.264903783798218,0.48660479999999995,702.371
