,acc_overall,training_probe time,inference time,training_probe flops,inference flops
0,0.7169,51.37990403175354,7.739334583282471,0.12165119999999999,43.76196
