,acc_overall,training_probe time,inference time,training_probe flops,inference flops
0,0.3960999846458435,0.0012562274932861328,0.00031828880310058594,12502500,30100000
