,acc_overall,training_probe time,inference time,training_probe flops,inference flops
0,0.3077999949455261,0.01409006118774414,0.0008089542388916016,12502500,30100000
