,acc_overall,training_probe time,inference time,training_probe flops,inference flops
0,0.42579999566078186,0.0012669563293457031,0.0003237724304199219,12502500,30100000
