,acc_overall,training_probe time,inference time,training_probe flops,inference flops
0,0.44269999861717224,0.0018682479858398438,0.0003745555877685547,51210240,122980000
