,acc_overall,training_probe time,inference time,training_probe flops,inference flops
0,0.2404,43.72639560699463,5.045117616653442,0.025343999999999995,3.055
