,acc_overall,training_probe time,inference time,training_probe flops,inference flops
0,0.2835,160.27668952941895,11.202566146850586,0.6082560000000001,351.11228
