,acc_overall,training_probe time,inference time,training_probe flops,inference flops
0,0.4984,134.69076013565063,9.34697937965393,0.4055039999999999,616.681
