,acc_overall,training_probe time,inference time,training_probe flops,inference flops
0,0.4065,42.115187644958496,7.3223652839660645,0.10137599999999998,45.4376
