,acc_overall,training_probe time,inference time,training_probe flops,inference flops
0,0.5081,105.10924458503723,10.471805334091187,0.4055039999999999,390.566
