,acc_overall,training_probe time,inference time,training_probe flops,inference flops
0,0.0117,415.9098913669586,65.63877654075623,10840.318498133332,67108.864
