,acc_overall,training_probe time,inference time,training_probe flops,inference flops
0,0.1324,73.47025942802429,4.127173662185669,8.790562133333331,262.144
