,acc_overall,training_probe time,inference time,training_probe flops,inference flops
0,0.0105,452.6026089191437,66.56274127960205,10840.318498133332,67108.864
