,acc_overall,training_probe time,inference time,training_probe flops,inference flops
0,0.9689,52.95820593833923,0.07563614845275879,257.5077430613334,838.8608
