,acc_overall,training_probe time,inference time,training_probe flops,inference flops
0,0.9553,6.359974384307861,0.02303624153137207,15.848838485333333,52.4288
