,acc_overall,training_probe time,inference time,training_probe flops,inference flops
0,0.9699,48.05153775215149,0.05826902389526367,257.5077430613334,838.8608
