,acc_overall,training_probe time,inference time,training_probe flops,inference flops
0,0.9363,1.002553939819336,0.011411905288696289,0.9921181013333333,3.2768
