,acc_overall,training_probe time,inference time,training_probe flops,inference flops
0,0.0806,6015.2537751197815,18.518991231918335,1.622015999999999,714.93708
