,acc_overall,training_probe time,inference time,training_probe flops,inference flops
0,0.0787,5856.4340534210205,29.19548988342285,1.622015999999999,2798.68812
