,acc_overall,training_probe time,inference time,training_probe flops,inference flops
0,0.0507,73.89132142066956,12.006242036819458,0.10137599999999994,10.8102
