,acc_overall,training_probe time,inference time,training_probe flops,inference flops
0,0.33869999647140503,0.001890420913696289,0.00032210350036621094,25605120,61540000
