,acc_overall,training_probe time,inference time,training_probe flops,inference flops
0,0.19990000128746033,0.0026335716247558594,0.0005767345428466797,102420480,245860000
