,acc_overall,training_probe time,inference time,training_probe flops,inference flops
0,0.311599999666214,0.003156423568725586,0.0007140636444091797,102420480,245860000
