,acc_overall,training_probe time,inference time,training_probe flops,inference flops
0,0.7823,52.52284550666809,9.529950141906738,0.030412799999999997,2.3426
