,acc_overall,training_probe time,inference time,training_probe flops,inference flops
0,0.9597,119.76662039756775,21.650949954986572,0.48660479999999995,635.746
