,acc_overall,training_probe time,inference time,training_probe flops,inference flops
0,0.9359,62.96490788459778,11.801166772842407,0.12165119999999999,41.87044
