,acc_overall,training_probe time,inference time,training_probe flops,inference flops
0,0.9605,109.3697338104248,8.835726499557495,0.48660479999999995,606.349
