,acc_overall,training_probe time,inference time,training_probe flops,inference flops
0,0.0249,125.9198489189148,22.922146797180176,0.10137599999999994,10.92372
