,acc_overall,training_probe time,inference time,training_probe flops,inference flops
0,0.0268,6316.935160636902,31.53229784965515,1.622015999999999,259.73124
