,acc_overall,training_probe time,inference time,training_probe flops,inference flops
0,0.0263,6185.187242269516,32.91410851478577,1.622015999999999,968.02956
