,acc_overall,training_probe time,inference time,training_probe flops,inference flops
0,0.5331,36.06690692901611,0.6722633838653564,59.58707882666667,209.7152
