,acc_overall,training_probe time,inference time,training_probe flops,inference flops
0,0.7326,51.041412353515625,12.383897304534912,0.030412800000000004,2.4544
