,acc_overall,training_probe time,inference time,training_probe flops,inference flops
0,0.9398,117.46669268608093,8.804232120513916,0.48660480000000006,673.548
