,acc_overall,training_probe time,inference time,training_probe flops,inference flops
0,0.9038,49.220499992370605,7.337554216384888,0.12165120000000001,43.10404
