,acc_overall,training_probe time,inference time,training_probe flops,inference flops
0,0.9232,121.0478093624115,13.72411847114563,0.48660480000000006,675.188
