,acc_overall,training_probe time,inference time,training_probe flops,inference flops
0,0.4007,62.807427167892456,16.33049178123474,0.20275200000000004,154.2078
