,acc_overall,training_probe time,inference time,training_probe flops,inference flops
0,0.9088999629020691,0.0015692710876464844,0.0003159046173095703,30725120,61540000
