,acc_overall,training_probe time,inference time,training_probe flops,inference flops
0,0.9333999752998352,0.002928495407104492,0.0005612373352050781,122900480,245860000
