,acc_overall,training_probe time,inference time,training_probe flops,inference flops
0,0.8812999725341797,0.0012755393981933594,0.00033020973205566406,7681280,15460000
