,acc_overall,training_probe time,inference time,training_probe flops,inference flops
0,0.9269999861717224,0.0029251575469970703,0.0005776882171630859,122900480,245860000
