,acc_overall,training_probe time,inference time,training_probe flops,inference flops
0,0.09399999678134918,0.02228546142578125,0.0018100738525390625,410419200,8275920000
