,acc_overall,training_probe time,inference time,training_probe flops,inference flops
0,0.10049999505281448,0.017391681671142578,0.0003688335418701172,25651200,519120000
