,acc_overall,training_probe time,inference time,training_probe flops,inference flops
0,0.0989999994635582,0.023391246795654297,0.0017855167388916016,410419200,8275920000
