,acc_overall,training_probe time,inference time,training_probe flops,inference flops
0,0.222,10.048410654067993,0.04683542251586914,3.3007848106666664,131.072
