,acc_overall,training_probe time,inference time,training_probe flops,inference flops
0,0.1735,363.02130341529846,0.2769021987915039,884.8785844906666,33554.432
