,acc_overall,training_probe time,inference time,training_probe flops,inference flops
0,0.2068,375.63773679733276,0.3631742000579834,884.8785844906666,33554.432
