,acc_overall,training_probe time,inference time,training_probe flops,inference flops
0,0.9485,7.051769256591797,0.026987791061401367,15.848838485333333,52.4288
