,acc_overall,training_probe time,inference time,training_probe flops,inference flops
0,0.9264,0.9463095664978027,0.01139688491821289,0.9921181013333333,3.2768
