,acc_overall,training_probe time,inference time,training_probe flops,inference flops
0,0.9347,55.39637875556946,0.05141758918762207,257.5077430613334,838.8608
