,acc_overall,training_probe time,inference time,training_probe flops,inference flops
0,0.8999,49.3927583694458,0.05355334281921387,257.5077430613334,838.8608
