,acc_overall,training_probe time,inference time,training_probe flops,inference flops
0,0.1371,309.7251331806183,0.5690908432006836,884.8785844906666,33554.432
