,acc_overall,training_probe time,inference time,training_probe flops,inference flops
0,0.1537,10.265321969985962,0.037581682205200195,3.3007848106666664,131.072
