,acc_overall,training_probe time,inference time,training_probe flops,inference flops
0,0.5241000056266785,0.0012583732604980469,0.0003211498260498047,12502500,30100000
