,acc_overall,training_probe time,inference time,training_probe flops,inference flops
0,0.4633999764919281,0.006333351135253906,0.0006542205810546875,12502500,30100000
