,acc_overall,training_probe time,inference time,training_probe flops,inference flops
0,0.5389999747276306,0.00127410888671875,0.0003216266632080078,12502500,30100000
