,acc_overall,training_probe time,inference time,training_probe flops,inference flops
0,0.5317000150680542,0.0018641948699951172,0.00035953521728515625,51210240,122980000
