,acc_overall,training_probe time,inference time,training_probe flops,inference flops
0,0.5985999703407288,0.0012488365173339844,0.0003151893615722656,12502500,30100000
