,acc_overall,training_probe time,inference time,training_probe flops,inference flops
0,0.5498999953269958,0.003615856170654297,0.0003523826599121094,12502500,30100000
