,acc_overall,training_probe time,inference time,training_probe flops,inference flops
0,0.5893999934196472,0.0018496513366699219,0.00037384033203125,51210240,122980000
