,acc_overall,training_probe time,inference time,training_probe flops,inference flops
0,0.6031000018119812,0.0012316703796386719,0.000308990478515625,12502500,30100000
