,acc_overall,training_probe time,inference time,training_probe flops,inference flops
0,0.04,6.671422719955444,0.05111503601074219,3.3007848106666664,131.072
