,acc_overall,training_probe time,inference time,training_probe flops,inference flops
0,0.0316,272.89478945732117,0.4298532009124756,884.8785844906666,33554.432
