,acc_overall,training_probe time,inference time,training_probe flops,inference flops
0,0.0302,303.9362037181854,0.369128942489624,884.8785844906666,33554.432
