,acc_overall,training_probe time,inference time,training_probe flops,inference flops
0,0.0087,447.29071617126465,55.541203022003174,10840.318498133332,67108.864
