,acc_overall,training_probe time,inference time,training_probe flops,inference flops
0,0.0061,416.4255940914154,50.53905749320984,10840.318498133332,67108.864
