,acc_overall,training_probe time,inference time,training_probe flops,inference flops
0,0.0827,41.05324363708496,4.443829536437988,8.790562133333331,262.144
