,acc_overall,training_probe time,inference time,training_probe flops,inference flops
0,0.0152,44.54099106788635,5.758967161178589,8.790562133333331,262.144
