,acc_overall,training_probe time,inference time,training_probe flops,inference flops
0,0.006,294.66161489486694,50.1859495639801,10840.318498133332,67108.864
