,acc_overall,training_probe time,inference time,training_probe flops,inference flops
0,0.0067,297.2515115737915,43.744667530059814,10840.318498133332,67108.864
