,acc_overall,training_probe time,inference time,training_probe flops,inference flops
0,0.8773,4.3645524978637695,0.14324426651000977,3.854166666666667,12.5
