,acc_overall,training_probe time,inference time,training_probe flops,inference flops
0,0.9699,116.78497815132141,9.989859819412231,0.48660479999999995,3.895
