,acc_overall,training_probe time,inference time,training_probe flops,inference flops
0,0.9466,51.85336422920227,10.172974586486816,0.030412799999999997,1.3416
