,acc_overall,training_probe time,inference time,training_probe flops,inference flops
0,0.9676,57.96007037162781,11.089424848556519,0.12165119999999999,6.56892
