,acc_overall,training_probe time,inference time,training_probe flops,inference flops
0,0.9735,111.83851838111877,6.7883899211883545,0.48660479999999995,18.204
