,acc_overall,training_probe time,inference time,training_probe flops,inference flops
0,0.4212999939918518,0.0012161731719970703,0.000331878662109375,6401280,15460000
