,acc_overall,training_probe time,inference time,training_probe flops,inference flops
0,0.5228999853134155,0.0026395320892333984,0.0005655288696289062,102420480,245860000
