,acc_overall,training_probe time,inference time,training_probe flops,inference flops
0,0.4867999851703644,0.0014801025390625,0.00032448768615722656,25605120,61540000
