,acc_overall,training_probe time,inference time,training_probe flops,inference flops
0,0.5324999690055847,0.005581855773925781,0.0006864070892333984,102420480,245860000
