,acc_overall,training_probe time,inference time,training_probe flops,inference flops
0,0.0303,62.804001569747925,19.179216623306274,0.05068799999999999,94.08744
