,acc_overall,training_probe time,inference time,training_probe flops,inference flops
0,0.0313,1890.7562682628632,8.07297945022583,0.8110079999999998,365.78748
