,acc_overall,training_probe time,inference time,training_probe flops,inference flops
0,0.0383,2158.354520559311,18.07304549217224,0.8110079999999998,1174.24092
