,acc_overall,training_probe time,inference time,training_probe flops,inference flops
0,0.8321,53.561755895614624,3.50919508934021,0.18627839999999998,25.35636
