,acc_overall,training_probe time,inference time,training_probe flops,inference flops
0,0.9666,122.93111515045166,1.5997955799102783,308.9244706133333,838.8608
