,acc_overall,training_probe time,inference time,training_probe flops,inference flops
0,0.9583,1.197450876235962,0.14386558532714844,0.9970210133333333,3.2768
