,acc_overall,training_probe time,inference time,training_probe flops,inference flops
0,0.9613,8.742973804473877,0.3355593681335449,16.623424853333333,52.4288
