,acc_overall,training_probe time,inference time,training_probe flops,inference flops
0,0.9678,127.91609239578247,2.028291702270508,308.9244706133333,838.8608
