,acc_overall,training_probe time,inference time,training_probe flops,inference flops
0,0.3789,20.708800077438354,0.6249887943267822,59.58707882666667,209.7152
