,acc_overall,training_probe time,inference time,training_probe flops,inference flops
0,0.2615,59.50449323654175,10.509180784225464,0.10137600000000002,47.55528
