,acc_overall,training_probe time,inference time,training_probe flops,inference flops
0,0.1675,37.3751015663147,11.544745206832886,0.025344000000000005,3.0992
