,acc_overall,training_probe time,inference time,training_probe flops,inference flops
0,0.3806,100.91893148422241,9.160104513168335,0.4055040000000001,676.049
