,acc_overall,training_probe time,inference time,training_probe flops,inference flops
0,0.4031,53.24604296684265,10.185799360275269,0.10137599999999998,45.06752
