,acc_overall,training_probe time,inference time,training_probe flops,inference flops
0,0.2835,163.416024684906,8.160801410675049,0.6082560000000001,351.11228
