,acc_overall,training_probe time,inference time,training_probe flops,inference flops
0,0.241,42.24678635597229,6.7965922355651855,0.025343999999999995,3.0654
