,acc_overall,training_probe time,inference time,training_probe flops,inference flops
0,0.4982,103.17336416244507,7.109928131103516,0.4055039999999999,377.282
