,acc_overall,training_probe time,inference time,training_probe flops,inference flops
0,0.4987,133.08650541305542,15.42814826965332,0.4055039999999999,610.982
