,acc_overall,training_probe time,inference time,training_probe flops,inference flops
0,8.92,19.381856679916382,0.057387590408325195,209715200,16384000000
