,acc_overall,training_probe time,inference time,training_probe flops,inference flops
0,0.9093,11.304768323898315,0.22863030433654785,3.854166666666667,12.5
