,acc_overall,training_probe time,inference time,training_probe flops,inference flops
0,0.9515,1.031489610671997,0.03786969184875488,0.9921181013333333,3.2768
