,acc_overall,training_probe time,inference time,training_probe flops,inference flops
0,0.9799,51.04773283004761,0.08238554000854492,257.5077430613334,838.8608
