,acc_overall,training_probe time,inference time,training_probe flops,inference flops
0,0.9797,50.4696090221405,0.06937909126281738,257.5077430613334,838.8608
