,acc_overall,training_probe time,inference time,training_probe flops,inference flops
0,0.9534,56.10172891616821,12.105852127075195,0.13685759999999997,46.32092
