,acc_overall,training_probe time,inference time,training_probe flops,inference flops
0,0.7735999822616577,0.0012962818145751953,0.0003218650817871094,15002500,30100000
