,acc_overall,training_probe time,inference time,training_probe flops,inference flops
0,0.5550999641418457,0.00128936767578125,0.0003426074981689453,15002500,30100000
