,acc_overall,training_probe time,inference time,training_probe flops,inference flops
0,0.7569999694824219,0.001678466796875,0.0003337860107421875,34565760,69220000
