,acc_overall,training_probe time,inference time,training_probe flops,inference flops
0,0.7892999649047852,0.001300811767578125,0.00034356117248535156,15002500,30100000
