,acc_overall,training_probe time,inference time,training_probe flops,inference flops
0,0.9038,60.37139964103699,8.362579345703125,0.12165120000000001,43.10404
