,acc_overall,training_probe time,inference time,training_probe flops,inference flops
0,0.7326,31.16914653778076,12.376900672912598,0.030412800000000004,2.4544
