,acc_overall,training_probe time,inference time,training_probe flops,inference flops
0,0.9232,117.65710306167603,9.572561979293823,0.48660480000000006,675.188
