,acc_overall,training_probe time,inference time,training_probe flops,inference flops
0,0.0163,231.18775343894958,31.440656423568726,5420.159249066666,33554.432
