,acc_overall,training_probe time,inference time,training_probe flops,inference flops
0,0.0141,268.1229133605957,24.291095495224,5420.159249066666,33554.432
