,acc_overall,training_probe time,inference time,training_probe flops,inference flops
0,0.1904,30.681347846984863,2.5110504627227783,4.395281066666666,131.072
