,acc_overall,training_probe time,inference time,training_probe flops,inference flops
0,0.8700999617576599,0.0012559890747070312,0.0003180503845214844,15002500,30100000
