,acc_overall,training_probe time,inference time,training_probe flops,inference flops
0,0.8721999526023865,0.0012624263763427734,0.0003237724304199219,15002500,30100000
