,acc_overall,training_probe time,inference time,training_probe flops,inference flops
0,0.852400004863739,0.0012760162353515625,0.0003247261047363281,15002500,30100000
