,acc_overall,training_probe time,inference time,training_probe flops,inference flops
0,0.8185999989509583,0.0016222000122070312,0.00031566619873046875,34565760,69220000
