,acc_overall,training_probe time,inference time,training_probe flops,inference flops
0,0.7983,39.03782367706299,11.577943801879883,0.13685759999999997,45.44236
