,acc_overall,training_probe time,inference time,training_probe flops,inference flops
0,0.2953999936580658,0.011337995529174805,0.0012919902801513672,205209600,4178920000
