,acc_overall,training_probe time,inference time,training_probe flops,inference flops
0,0.27809998393058777,0.008690357208251953,0.0003452301025390625,12825600,262120000
