,acc_overall,training_probe time,inference time,training_probe flops,inference flops
0,0.2969000041484833,0.04803800582885742,0.0013821125030517578,205209600,4178920000
