,acc_overall,training_probe time,inference time,training_probe flops,inference flops
0,0.0118,18.350754737854004,3.3738150596618652,8.790562133333331,262.144
