,acc_overall,training_probe time,inference time,training_probe flops,inference flops
0,0.0074,191.25117015838623,32.323147773742676,10840.318498133332,67108.864
