,acc_overall,training_probe time,inference time,training_probe flops,inference flops
0,0.0061,188.8020920753479,32.028924226760864,10840.318498133332,67108.864
