,acc_overall,training_probe time,inference time,training_probe flops,inference flops
0,0.4726,39.103402614593506,0.07660913467407227,215.54422306133335,838.8608
