,acc_overall,training_probe time,inference time,training_probe flops,inference flops
0,0.459,43.80926036834717,0.07149553298950195,215.54422306133335,838.8608
