,acc_overall,training_probe time,inference time,training_probe flops,inference flops
0,0.4779,0.8531675338745117,0.011655807495117188,0.8269981013333334,3.2768
