,acc_overall,training_probe time,inference time,training_probe flops,inference flops
0,0.4792,4.921647310256958,0.018107175827026367,13.222278485333334,52.4288
