,acc_overall,training_probe time,inference time,training_probe flops,inference flops
0,0.5088,116.19642901420593,1.5856387615203857,266.9814306133333,838.8608
