,acc_overall,training_probe time,inference time,training_probe flops,inference flops
0,0.4842,0.9125733375549316,0.11418747901916504,0.8331810133333333,3.2768
