,acc_overall,training_probe time,inference time,training_probe flops,inference flops
0,0.5063,8.292643308639526,0.30391931533813477,14.001984853333331,52.4288
