,acc_overall,training_probe time,inference time,training_probe flops,inference flops
0,0.5122,107.58079528808594,1.6555614471435547,266.9814306133333,838.8608
