,acc_overall,training_probe time,inference time,training_probe flops,inference flops
0,0.0077,474.35868978500366,56.05624341964722,10840.318498133332,67108.864
