,acc_overall,training_probe time,inference time,training_probe flops,inference flops
0,0.0105,464.43774604797363,51.03728151321411,10840.318498133332,67108.864
