,acc_overall,training_probe time,inference time,training_probe flops,inference flops
0,0.8561,3.2532246112823486,0.009160995483398438,3.7754166666666666,12.5
