,acc_overall,training_probe time,inference time,training_probe flops,inference flops
0,0.8608,3.8733761310577393,0.009253263473510742,3.7754166666666666,12.5
