,acc_overall,training_probe time,inference time,training_probe flops,inference flops
0,0.949999988079071,0.0029103755950927734,0.0005598068237304688,122900480,245860000
