,acc_overall,training_probe time,inference time,training_probe flops,inference flops
0,0.9419999718666077,0.0029282569885253906,0.0005636215209960938,122900480,245860000
