,acc_overall,training_probe time,inference time,training_probe flops,inference flops
0,0.8896999955177307,0.0012729167938232422,0.00032973289489746094,7681280,15460000
