,acc_overall,training_probe time,inference time,training_probe flops,inference flops
0,0.9192000031471252,0.0015461444854736328,0.00032019615173339844,30725120,61540000
