,acc_overall,training_probe time,inference time,training_probe flops,inference flops
0,0.7536999583244324,0.001270294189453125,0.0003123283386230469,15002500,30100000
