,acc_overall,training_probe time,inference time,training_probe flops,inference flops
0,0.7915999889373779,0.0016374588012695312,0.0003199577331542969,34565760,69220000
