,acc_overall,training_probe time,inference time,training_probe flops,inference flops
0,0.8226999640464783,0.0012712478637695312,0.00033164024353027344,15002500,30100000
