,acc_overall,training_probe time,inference time,training_probe flops,inference flops
0,0.8172000050544739,0.0013155937194824219,0.0003275871276855469,15002500,30100000
