,acc_overall,training_probe time,inference time,training_probe flops,inference flops
0,0.6831,44.082860708236694,10.581933736801147,0.18627840000000004,51.68736
