,acc_overall,training_probe time,inference time,training_probe flops,inference flops
0,0.3075999915599823,0.002643585205078125,0.0005636215209960938,102420480,245860000
