,acc_overall,training_probe time,inference time,training_probe flops,inference flops
0,0.343999981880188,0.0012059211730957031,0.00032520294189453125,6401280,15460000
