,acc_overall,training_probe time,inference time,training_probe flops,inference flops
0,0.33640000224113464,0.0014939308166503906,0.00033736228942871094,25605120,61540000
