,acc_overall,training_probe time,inference time,training_probe flops,inference flops
0,0.19659999012947083,0.0026273727416992188,0.0005738735198974609,102420480,245860000
