,acc_overall,training_probe time,inference time,training_probe flops,inference flops
0,0.2763,58.4586079120636,15.64431118965149,0.050687999999999976,53.70012
