,acc_overall,training_probe time,inference time,training_probe flops,inference flops
0,0.3256,2350.307488679886,24.380778551101685,0.8110079999999996,3106.284
