,acc_overall,training_probe time,inference time,training_probe flops,inference flops
0,0.312,2366.9699766635895,26.43975806236267,0.8110079999999996,3274.87572
