,acc_overall,training_probe time,inference time,training_probe flops,inference flops
0,0.334,61.339768171310425,18.920835494995117,0.05068799999999999,49.2522
