,acc_overall,training_probe time,inference time,training_probe flops,inference flops
0,0.3744,2210.9497575759888,46.27897620201111,0.8110079999999998,3044.65008
