,acc_overall,training_probe time,inference time,training_probe flops,inference flops
0,0.3863,2541.566820859909,26.89236617088318,0.8110079999999998,2830.65252
