,acc_overall,training_probe time,inference time,training_probe flops,inference flops
0,0.4108,286.48133659362793,0.5511596202850342,884.8785844906666,33554.432
