,acc_overall,training_probe time,inference time,training_probe flops,inference flops
0,0.3814,6.119566202163696,0.05464458465576172,3.3007848106666664,131.072
