,acc_overall,training_probe time,inference time,training_probe flops,inference flops
0,0.4167,251.70745825767517,0.5356583595275879,884.8785844906666,33554.432
