,acc_overall,training_probe time,inference time,training_probe flops,inference flops
0,0.399,2.0447938442230225,0.020091533660888672,3.1479166666666667,12.5
