,acc_overall,training_probe time,inference time,training_probe flops,inference flops
0,0.5266,13.036259412765503,0.05153536796569824,53.19582788266666,209.7152
