,acc_overall,training_probe time,inference time,training_probe flops,inference flops
0,0.3299,2.309443235397339,0.017351865768432617,3.1479166666666667,12.5
