,acc_overall,training_probe time,inference time,training_probe flops,inference flops
0,0.2634,44.97276592254639,14.940813779830933,0.10137600000000002,47.63752
