,acc_overall,training_probe time,inference time,training_probe flops,inference flops
0,0.3643,131.8573660850525,9.572617292404175,0.4055040000000001,480.028
