,acc_overall,training_probe time,inference time,training_probe flops,inference flops
0,0.1682,42.849719285964966,8.17116403579712,0.025344000000000005,3.0966
