,acc_overall,training_probe time,inference time,training_probe flops,inference flops
0,0.3797,114.1712875366211,11.65762448310852,0.4055040000000001,678.878
