,acc_overall,training_probe time,inference time,training_probe flops,inference flops
0,0.9087,1.0751681327819824,0.024825096130371094,0.9921181013333333,3.2768
