,acc_overall,training_probe time,inference time,training_probe flops,inference flops
0,0.942,48.94199895858765,0.07341241836547852,257.5077430613334,838.8608
