,acc_overall,training_probe time,inference time,training_probe flops,inference flops
0,0.9541,55.07300519943237,0.06608152389526367,257.5077430613334,838.8608
