,acc_overall,training_probe time,inference time,training_probe flops,inference flops
0,0.9327,52.65489196777344,12.67276668548584,0.12165119999999999,42.20968
