,acc_overall,training_probe time,inference time,training_probe flops,inference flops
0,0.9592,136.33230209350586,12.734860897064209,0.48660479999999995,604.955
