,acc_overall,training_probe time,inference time,training_probe flops,inference flops
0,0.8007,40.32108807563782,12.214574098587036,0.030412799999999997,2.3868
