,acc_overall,training_probe time,inference time,training_probe flops,inference flops
0,0.9549,120.23642826080322,9.701504230499268,0.48660479999999995,634.229
