,acc_overall,training_probe time,inference time,training_probe flops,inference flops
0,0.0937,6.72327446937561,0.04943370819091797,6.590384810666667,262.144
