,acc_overall,training_probe time,inference time,training_probe flops,inference flops
0,0.0892,378.9421453475952,0.34648561477661133,1723.9441844906667,67108.864
