,acc_overall,training_probe time,inference time,training_probe flops,inference flops
0,0.0911,378.4325964450836,0.37261414527893066,1723.9441844906667,67108.864
