,acc_overall,training_probe time,inference time,training_probe flops,inference flops
0,0.4987,5.101706266403198,0.2870340347290039,14.001984853333331,52.4288
