,acc_overall,training_probe time,inference time,training_probe flops,inference flops
0,0.5135,104.59014320373535,1.6056432723999023,266.9814306133333,838.8608
