,acc_overall,training_probe time,inference time,training_probe flops,inference flops
0,0.508,107.323983669281,1.5363259315490723,266.9814306133333,838.8608
