,acc_overall,training_probe time,inference time,training_probe flops,inference flops
0,0.4833,0.8431448936462402,0.1378335952758789,0.8331810133333333,3.2768
