,acc_overall,training_probe time,inference time,training_probe flops,inference flops
0,0.803,46.28011655807495,11.911733865737915,0.13685759999999997,44.99152
