,acc_overall,training_probe time,inference time,training_probe flops,inference flops
0,0.9716,2.5290939807891846,0.009503602981567383,3.7754166666666666,12.5
