,acc_overall,training_probe time,inference time,training_probe flops,inference flops
0,0.97,2.1968424320220947,0.007892847061157227,3.7754166666666666,12.5
