,acc_overall,training_probe time,inference time,training_probe flops,inference flops
0,0.9621,2.3698482513427734,0.00834345817565918,3.7754166666666666,12.5
