,acc_overall,training_probe time,inference time,training_probe flops,inference flops
0,0.0139,7.568668842315674,0.03769373893737793,6.590384810666667,262.144
