,acc_overall,training_probe time,inference time,training_probe flops,inference flops
0,0.0078,297.91337537765503,0.27054667472839355,1723.9441844906667,67108.864
