,acc_overall,training_probe time,inference time,training_probe flops,inference flops
0,0.0077,228.1194622516632,0.2513093948364258,1723.9441844906667,67108.864
