,acc_overall,training_probe time,inference time,training_probe flops,inference flops
0,9.16,19.070804119110107,0.05698394775390625,209715200,16384000000
