,acc_overall,training_probe time,inference time,training_probe flops,inference flops
0,9.03,19.211726188659668,0.05768227577209473,209715200,16384000000
