,acc_overall,training_probe time,inference time,training_probe flops,inference flops
0,0.2975,9.382858037948608,0.03738808631896973,3.3007848106666664,131.072
