,acc_overall,training_probe time,inference time,training_probe flops,inference flops
0,0.3054,301.52573895454407,0.3555867671966553,884.8785844906666,33554.432
