,acc_overall,training_probe time,inference time,training_probe flops,inference flops
0,0.3022,329.2831554412842,0.45733141899108887,884.8785844906666,33554.432
