,acc_overall,training_probe time,inference time,training_probe flops,inference flops
0,0.7498,51.9384925365448,9.675910472869873,0.12165119999999999,42.5078
