,acc_overall,training_probe time,inference time,training_probe flops,inference flops
0,0.7038,112.003732919693,21.41706919670105,0.48660479999999995,704.585
