,acc_overall,training_probe time,inference time,training_probe flops,inference flops
0,0.811,118.45863032341003,11.816332817077637,0.48660479999999995,688.759
