,acc_overall,training_probe time,inference time,training_probe flops,inference flops
0,0.6432,50.385570764541626,11.984460592269897,0.030412799999999997,2.2412
