,acc_overall,training_probe time,inference time,training_probe flops,inference flops
0,0.6831,47.786505699157715,2.798126459121704,0.18627840000000004,51.68736
