,acc_overall,training_probe time,inference time,training_probe flops,inference flops
0,0.9534,2.2174322605133057,0.08274626731872559,3.854166666666667,12.5
