,acc_overall,training_probe time,inference time,training_probe flops,inference flops
0,0.9721,2.2364039421081543,0.008446931838989258,3.7754166666666666,12.5
