,acc_overall,training_probe time,inference time,training_probe flops,inference flops
0,0.9668,2.0171499252319336,0.016145944595336914,3.7754166666666666,12.5
