,acc_overall,training_probe time,inference time,training_probe flops,inference flops
0,0.4415,0.828709602355957,0.014989376068115234,0.8269981013333334,3.2768
