,acc_overall,training_probe time,inference time,training_probe flops,inference flops
0,0.4194,5.719501972198486,0.03314781188964844,13.222278485333334,52.4288
