,acc_overall,training_probe time,inference time,training_probe flops,inference flops
0,0.3766,43.91402864456177,0.08092999458312988,215.54422306133335,838.8608
