,acc_overall,training_probe time,inference time,training_probe flops,inference flops
0,0.3872,45.16918230056763,0.10107207298278809,215.54422306133335,838.8608
