,acc_overall,training_probe time,inference time,training_probe flops,inference flops
0,0.9556,8.642258167266846,0.32433581352233887,16.623424853333333,52.4288
