,acc_overall,training_probe time,inference time,training_probe flops,inference flops
0,0.9622,1.114194393157959,0.16761302947998047,0.9970210133333333,3.2768
