,acc_overall,training_probe time,inference time,training_probe flops,inference flops
0,0.9493,120.48131036758423,1.7390551567077637,308.9244706133333,838.8608
