,acc_overall,training_probe time,inference time,training_probe flops,inference flops
0,0.6323,29.732991456985474,12.716751098632812,0.030412799999999997,2.4258
