,acc_overall,training_probe time,inference time,training_probe flops,inference flops
0,0.6998,130.19435214996338,12.93511152267456,0.48660479999999995,702.371
