,acc_overall,training_probe time,inference time,training_probe flops,inference flops
0,0.7978,118.39960503578186,11.998867511749268,0.48660479999999995,691.547
