,acc_overall,training_probe time,inference time,training_probe flops,inference flops
0,0.7169,57.659239053726196,12.356369018554688,0.12165119999999999,43.76196
