,acc_overall,training_probe time,inference time,training_probe flops,inference flops
0,0.9307999610900879,0.0016222000122070312,0.0003299713134765625,34565760,69220000
