,acc_overall,training_probe time,inference time,training_probe flops,inference flops
0,0.8527999520301819,0.0012750625610351562,0.0003218650817871094,15002500,30100000
