,acc_overall,training_probe time,inference time,training_probe flops,inference flops
0,0.9485999941825867,0.001280069351196289,0.00032591819763183594,15002500,30100000
