,acc_overall,training_probe time,inference time,training_probe flops,inference flops
0,0.9371999502182007,0.0013136863708496094,0.0003266334533691406,15002500,30100000
