,acc_overall,training_probe time,inference time,training_probe flops,inference flops
0,0.7824999690055847,0.0013172626495361328,0.0003299713134765625,15002500,30100000
