,acc_overall,training_probe time,inference time,training_probe flops,inference flops
0,0.6287999749183655,0.0011980533599853516,0.00031828880310058594,15002500,30100000
