,acc_overall,training_probe time,inference time,training_probe flops,inference flops
0,0.7705999612808228,0.0016901493072509766,0.0003654956817626953,34565760,69220000
