,acc_overall,training_probe time,inference time,training_probe flops,inference flops
0,0.7764999866485596,0.0013327598571777344,0.00035500526428222656,15002500,30100000
