,acc_overall,training_probe time,inference time,training_probe flops,inference flops
0,0.0411,87.62470078468323,4.472975730895996,8.790562133333331,262.144
