,acc_overall,training_probe time,inference time,training_probe flops,inference flops
0,0.0086,597.2237758636475,65.45725560188293,10840.318498133332,67108.864
