,acc_overall,training_probe time,inference time,training_probe flops,inference flops
0,0.0067,464.9785828590393,52.967185735702515,10840.318498133332,67108.864
