,acc_overall,training_probe time,inference time,training_probe flops,inference flops
0,0.2853,24.58276081085205,0.749936580657959,59.58707882666667,209.7152
