,acc_overall,training_probe time,inference time,training_probe flops,inference flops
0,0.3017,1.9915440082550049,0.18288826942443848,3.229166666666667,12.5
