,acc_overall,training_probe time,inference time,training_probe flops,inference flops
0,0.8202,3.0994362831115723,0.11652517318725586,3.854166666666667,12.5
