,acc_overall,training_probe time,inference time,training_probe flops,inference flops
0,0.7268,2.9022598266601562,0.10443234443664551,3.854166666666667,12.5
