,acc_overall,training_probe time,inference time,training_probe flops,inference flops
0,0.8012,2.7591819763183594,0.16952013969421387,3.854166666666667,12.5
