,acc_overall,training_probe time,inference time,training_probe flops,inference flops
0,0.8263999819755554,0.0040662288665771484,0.0003559589385986328,15002500,30100000
