,acc_overall,training_probe time,inference time,training_probe flops,inference flops
0,0.8376999497413635,0.0013055801391601562,0.00032591819763183594,15002500,30100000
