,acc_overall,training_probe time,inference time,training_probe flops,inference flops
0,0.8468999862670898,0.0012383460998535156,0.0003113746643066406,15002500,30100000
