,acc_overall,training_probe time,inference time,training_probe flops,inference flops
0,0.8150999546051025,0.0016460418701171875,0.00033402442932128906,34565760,69220000
