,acc_overall,training_probe time,inference time,training_probe flops,inference flops
0,0.14270000159740448,0.013703584671020508,0.0012919902801513672,205209600,4178920000
