,acc_overall,training_probe time,inference time,training_probe flops,inference flops
0,0.16820000112056732,0.00870203971862793,0.00036787986755371094,12825600,262120000
