,acc_overall,training_probe time,inference time,training_probe flops,inference flops
0,0.14729999005794525,0.011206388473510742,0.001283884048461914,205209600,4178920000
