,acc_overall,training_probe time,inference time,training_probe flops,inference flops
0,0.3848,66.18393754959106,15.13423776626587,0.20275200000000004,167.05332
