,acc_overall,training_probe time,inference time,training_probe flops,inference flops
0,0.492499977350235,0.0026466846466064453,0.0005772113800048828,102420480,245860000
