,acc_overall,training_probe time,inference time,training_probe flops,inference flops
0,0.49889999628067017,0.0026018619537353516,0.0005717277526855469,102420480,245860000
