,acc_overall,training_probe time,inference time,training_probe flops,inference flops
0,0.46050000190734863,0.0014827251434326172,0.00033402442932128906,25605120,61540000
