,acc_overall,training_probe time,inference time,training_probe flops,inference flops
0,0.40549999475479126,0.0011920928955078125,0.0003504753112792969,6401280,15460000
