,acc_overall,training_probe time,inference time,training_probe flops,inference flops
0,0.8779999613761902,0.0012989044189453125,0.0003123283386230469,15002500,30100000
