,acc_overall,training_probe time,inference time,training_probe flops,inference flops
0,0.8371999859809875,0.005076169967651367,0.00046825408935546875,34565760,69220000
