,acc_overall,training_probe time,inference time,training_probe flops,inference flops
0,0.8946999907493591,0.0012829303741455078,0.0003237724304199219,15002500,30100000
