,acc_overall,training_probe time,inference time,training_probe flops,inference flops
0,0.9068999886512756,0.0012841224670410156,0.00033020973205566406,15002500,30100000
