,acc_overall,training_probe time,inference time,training_probe flops,inference flops
0,0.9401,7.102827548980713,0.019657373428344727,15.848838485333333,52.4288
