,acc_overall,training_probe time,inference time,training_probe flops,inference flops
0,0.9042,1.0107829570770264,0.04499530792236328,0.9921181013333333,3.2768
