,acc_overall,training_probe time,inference time,training_probe flops,inference flops
0,0.9387,55.504090309143066,0.07182836532592773,257.5077430613334,838.8608
