,acc_overall,training_probe time,inference time,training_probe flops,inference flops
0,0.9514,53.217817544937134,0.08795809745788574,257.5077430613334,838.8608
