,acc_overall,training_probe time,inference time,training_probe flops,inference flops
0,0.3198,300.94813108444214,0.6119990348815918,884.8785844906666,33554.432
