,acc_overall,training_probe time,inference time,training_probe flops,inference flops
0,0.3059,336.42422103881836,0.5325727462768555,884.8785844906666,33554.432
