,acc_overall,training_probe time,inference time,training_probe flops,inference flops
0,0.2962,9.228123188018799,0.07964897155761719,3.3007848106666664,131.072
