,acc_overall,training_probe time,inference time,training_probe flops,inference flops
0,0.8198,2.519354820251465,0.009058237075805664,3.7754166666666666,12.5
