,acc_overall,training_probe time,inference time,training_probe flops,inference flops
0,0.8061,3.020681619644165,0.010978221893310547,3.7754166666666666,12.5
