,acc_overall,training_probe time,inference time,training_probe flops,inference flops
0,0.683,2.4169583320617676,0.01510310173034668,3.7754166666666666,12.5
