,acc_overall,training_probe time,inference time,training_probe flops,inference flops
0,0.0108,180.36472821235657,39.14149832725525,5420.159249066666,33554.432
