,acc_overall,training_probe time,inference time,training_probe flops,inference flops
0,0.012,130.97081851959229,36.98443794250488,5420.159249066666,33554.432
