,acc_overall,training_probe time,inference time,training_probe flops,inference flops
0,0.278,27.212235689163208,1.9668781757354736,4.395281066666666,131.072
