,acc_overall,training_probe time,inference time,training_probe flops,inference flops
0,0.0145,364.17912316322327,66.06128478050232,10840.318498133332,67108.864
