,acc_overall,training_probe time,inference time,training_probe flops,inference flops
0,0.0106,387.9294877052307,55.28228783607483,10840.318498133332,67108.864
