,acc_overall,training_probe time,inference time,training_probe flops,inference flops
0,0.1218,38.55807971954346,4.337520599365234,8.790562133333331,262.144
