,acc_overall,training_probe time,inference time,training_probe flops,inference flops
0,0.8321,72.84450221061707,12.087948560714722,0.18627839999999998,25.35636
