,acc_overall,training_probe time,inference time,training_probe flops,inference flops
0,0.9619,26.88289451599121,13.06905746459961,0.13685760000000002,41.00332
