,acc_overall,training_probe time,inference time,training_probe flops,inference flops
0,0.020999999716877937,0.017087936401367188,0.0003724098205566406,25651200,519120000
