,acc_overall,training_probe time,inference time,training_probe flops,inference flops
0,0.01730000041425228,0.021997451782226562,0.001775979995727539,410419200,8275920000
