,acc_overall,training_probe time,inference time,training_probe flops,inference flops
0,0.020899999886751175,0.021747827529907227,0.0017747879028320312,410419200,8275920000
