,acc_overall,training_probe time,inference time,training_probe flops,inference flops
0,0.9052,3.4456145763397217,0.015452861785888672,3.7754166666666666,12.5
