,acc_overall,training_probe time,inference time,training_probe flops,inference flops
0,0.9104,6.740859031677246,0.020014524459838867,3.7754166666666666,12.5
