,acc_overall,training_probe time,inference time,training_probe flops,inference flops
0,0.8975,3.386065721511841,0.01504659652709961,3.7754166666666666,12.5
