,acc_overall,training_probe time,inference time,training_probe flops,inference flops
0,0.6831,41.662734031677246,9.264236450195312,0.18627840000000004,51.68736
