,acc_overall,training_probe time,inference time,training_probe flops,inference flops
0,0.3945,75.59370255470276,4.671092748641968,0.20275200000000004,167.01228
