,acc_overall,training_probe time,inference time,training_probe flops,inference flops
0,0.2835,153.0084035396576,6.385607004165649,0.6082560000000001,351.11228
