,acc_overall,training_probe time,inference time,training_probe flops,inference flops
0,0.5207,54.10993003845215,8.494667768478394,0.20275199999999996,164.01636
