,acc_overall,training_probe time,inference time,training_probe flops,inference flops
0,0.7989999651908875,0.0016546249389648438,0.0003337860107421875,34565760,69220000
