,acc_overall,training_probe time,inference time,training_probe flops,inference flops
0,0.8482999801635742,0.001285552978515625,0.0003204345703125,15002500,30100000
