,acc_overall,training_probe time,inference time,training_probe flops,inference flops
0,0.8285999894142151,0.0012617111206054688,0.0003173351287841797,15002500,30100000
