,acc_overall,training_probe time,inference time,training_probe flops,inference flops
0,0.8367999792098999,0.0013511180877685547,0.00034928321838378906,15002500,30100000
