,acc_overall,training_probe time,inference time,training_probe flops,inference flops
0,0.1178,5000.247690439224,27.471769332885742,1.6220160000000003,2739.67692
