,acc_overall,training_probe time,inference time,training_probe flops,inference flops
0,0.0628,68.72189736366272,10.668677806854248,0.10137600000000002,11.01144
