,acc_overall,training_probe time,inference time,training_probe flops,inference flops
0,0.1209,5332.285050153732,19.202521562576294,1.6220160000000003,770.91576
