,acc_overall,training_probe time,inference time,training_probe flops,inference flops
0,0.9217000007629395,0.0012919902801513672,0.0003159046173095703,15002500,30100000
