,acc_overall,training_probe time,inference time,training_probe flops,inference flops
0,0.724399983882904,0.0013000965118408203,0.0003199577331542969,15002500,30100000
