,acc_overall,training_probe time,inference time,training_probe flops,inference flops
0,0.9257999658584595,0.0016765594482421875,0.00032258033752441406,34565760,69220000
