,acc_overall,training_probe time,inference time,training_probe flops,inference flops
0,0.8895999789237976,0.0012848377227783203,0.00032711029052734375,15002500,30100000
