,acc_overall,training_probe time,inference time,training_probe flops,inference flops
0,0.6831,58.903900384902954,11.437874794006348,0.18627840000000004,51.68736
