,acc_overall,training_probe time,inference time,training_probe flops,inference flops
0,0.27699998021125793,0.01140737533569336,0.0012857913970947266,205209600,4178920000
