,acc_overall,training_probe time,inference time,training_probe flops,inference flops
0,0.2759999930858612,0.012207984924316406,0.0012829303741455078,205209600,4178920000
