,acc_overall,training_probe time,inference time,training_probe flops,inference flops
0,0.2615000009536743,0.008828878402709961,0.0003647804260253906,12825600,262120000
