,acc_overall,training_probe time,inference time,training_probe flops,inference flops
0,0.9538,64.24786376953125,13.63782548904419,0.13685759999999997,45.7198
