,acc_overall,training_probe time,inference time,training_probe flops,inference flops
0,0.955299973487854,0.0013127326965332031,0.00032019615173339844,15002500,30100000
