,acc_overall,training_probe time,inference time,training_probe flops,inference flops
0,0.9202999472618103,0.0012753009796142578,0.0003299713134765625,15002500,30100000
