,acc_overall,training_probe time,inference time,training_probe flops,inference flops
0,0.9447000026702881,0.0016331672668457031,0.00032258033752441406,34565760,69220000
