,acc_overall,training_probe time,inference time,training_probe flops,inference flops
0,0.9532999992370605,0.0012850761413574219,0.0003330707550048828,15002500,30100000
