,acc_overall,training_probe time,inference time,training_probe flops,inference flops
0,37.68,8.751574754714966,0.055269718170166016,104857600,8192000000
