,acc_overall,training_probe time,inference time,training_probe flops,inference flops
0,0.9521,52.328577518463135,7.047228097915649,0.030412799999999997,1.3676
