,acc_overall,training_probe time,inference time,training_probe flops,inference flops
0,0.9692,54.18376040458679,11.953315496444702,0.12165119999999999,6.26052
