,acc_overall,training_probe time,inference time,training_probe flops,inference flops
0,0.9707,105.98318767547607,6.230186939239502,0.48660479999999995,15.949
