,acc_overall,training_probe time,inference time,training_probe flops,inference flops
0,0.6559,3.5973808765411377,0.15346670150756836,3.854166666666667,12.5
