,acc_overall,training_probe time,inference time,training_probe flops,inference flops
0,0.8321,54.05324125289917,13.839109420776367,0.18627839999999998,25.35636
