,acc_overall,training_probe time,inference time,training_probe flops,inference flops
0,0.962,51.31959295272827,16.11185359954834,0.13685760000000002,43.09568
