,acc_overall,training_probe time,inference time,training_probe flops,inference flops
0,0.9393,2.4543330669403076,0.15757131576538086,3.854166666666667,12.5
