,acc_overall,training_probe time,inference time,training_probe flops,inference flops
0,0.8733,2.0126466751098633,0.15190744400024414,3.854166666666667,12.5
