,acc_overall,training_probe time,inference time,training_probe flops,inference flops
0,0.9421,2.1272783279418945,0.14682722091674805,3.854166666666667,12.5
