,acc_overall,training_probe time,inference time,training_probe flops,inference flops
0,0.3806,87.38560056686401,17.345864057540894,0.4055040000000001,676.049
