,acc_overall,training_probe time,inference time,training_probe flops,inference flops
0,0.3627,94.01610565185547,7.338307619094849,0.4055040000000001,476.092
