,acc_overall,training_probe time,inference time,training_probe flops,inference flops
0,0.1675,31.16731834411621,10.598822832107544,0.025344000000000005,3.0992
