,acc_overall,training_probe time,inference time,training_probe flops,inference flops
0,0.2615,48.37213325500488,7.043100357055664,0.10137600000000002,47.55528
