,acc_overall,training_probe time,inference time,training_probe flops,inference flops
0,0.6105999946594238,0.0012822151184082031,0.00032210350036621094,12502500,30100000
