,acc_overall,training_probe time,inference time,training_probe flops,inference flops
0,0.5318999886512756,0.00125885009765625,0.0003154277801513672,12502500,30100000
