,acc_overall,training_probe time,inference time,training_probe flops,inference flops
0,0.5896999835968018,0.005384206771850586,0.0005083084106445312,51210240,122980000
