,acc_overall,training_probe time,inference time,training_probe flops,inference flops
0,0.5909000039100647,0.0012671947479248047,0.0003204345703125,12502500,30100000
