,acc_overall,training_probe time,inference time,training_probe flops,inference flops
0,0.0638,76.24231719970703,13.353527069091797,0.10137599999999994,11.9712
