,acc_overall,training_probe time,inference time,training_probe flops,inference flops
0,0.0858,6200.3296666145325,18.382288932800293,1.622015999999999,884.43036
