,acc_overall,training_probe time,inference time,training_probe flops,inference flops
0,0.0792,5841.857661724091,29.248274564743042,1.622015999999999,3044.73204
