,acc_overall,training_probe time,inference time,training_probe flops,inference flops
0,0.12520000338554382,0.023117780685424805,0.0017848014831542969,410419200,8275920000
