,acc_overall,training_probe time,inference time,training_probe flops,inference flops
0,0.12129999697208405,0.016869544982910156,0.0003643035888671875,25651200,519120000
