,acc_overall,training_probe time,inference time,training_probe flops,inference flops
0,0.121799997985363,0.021535873413085938,0.0017824172973632812,410419200,8275920000
