,acc_overall,training_probe time,inference time,training_probe flops,inference flops
0,0.3713,342.83154106140137,0.4385495185852051,884.8785844906666,33554.432
