,acc_overall,training_probe time,inference time,training_probe flops,inference flops
0,0.3393,7.7296669483184814,0.03838777542114258,3.3007848106666664,131.072
