,acc_overall,training_probe time,inference time,training_probe flops,inference flops
0,0.3561,325.3001718521118,0.5021481513977051,884.8785844906666,33554.432
