,acc_overall,training_probe time,inference time,training_probe flops,inference flops
0,0.0836,5920.070638895035,18.892770767211914,1.622015999999999,779.76744
