,acc_overall,training_probe time,inference time,training_probe flops,inference flops
0,0.0782,5858.731152772903,28.226030826568604,1.622015999999999,2804.6712
