,acc_overall,training_probe time,inference time,training_probe flops,inference flops
0,0.0556,59.44931602478027,6.629011869430542,0.10137599999999994,10.61412
