,acc_overall,training_probe time,inference time,training_probe flops,inference flops
0,0.8792999982833862,0.001459360122680664,0.0005934238433837891,7681280,15460000
