,acc_overall,training_probe time,inference time,training_probe flops,inference flops
0,0.9036999940872192,0.002988100051879883,0.0005929470062255859,122900480,245860000
