,acc_overall,training_probe time,inference time,training_probe flops,inference flops
0,0.9027000069618225,0.002897024154663086,0.0005714893341064453,122900480,245860000
