,acc_overall,training_probe time,inference time,training_probe flops,inference flops
0,0.8985999822616577,0.0015861988067626953,0.0003306865692138672,30725120,61540000
