,acc_overall,training_probe time,inference time,training_probe flops,inference flops
0,0.1268,5165.673380613327,29.968486785888672,1.6220160000000003,2990.7204
