,acc_overall,training_probe time,inference time,training_probe flops,inference flops
0,0.1323,5547.394548654556,18.634892225265503,1.6220160000000003,907.87092
