,acc_overall,training_probe time,inference time,training_probe flops,inference flops
0,0.0789,69.5430908203125,9.043261766433716,0.10137600000000002,11.61516
