,acc_overall,training_probe time,inference time,training_probe flops,inference flops
0,0.5203,5.3585045337677,0.01741337776184082,13.222278485333334,52.4288
