,acc_overall,training_probe time,inference time,training_probe flops,inference flops
0,0.5058,0.9410207271575928,0.021311521530151367,0.8269981013333334,3.2768
