,acc_overall,training_probe time,inference time,training_probe flops,inference flops
0,0.5329,48.6356987953186,0.07142424583435059,215.54422306133335,838.8608
