,acc_overall,training_probe time,inference time,training_probe flops,inference flops
0,0.9933,2.7468864917755127,0.020670413970947266,3.7754166666666666,12.5
