,acc_overall,training_probe time,inference time,training_probe flops,inference flops
0,0.9924,2.418227434158325,0.024977922439575195,3.7754166666666666,12.5
