,acc_overall,training_probe time,inference time,training_probe flops,inference flops
0,0.1574999988079071,0.011199474334716797,0.0012950897216796875,205209600,4178920000
