,acc_overall,training_probe time,inference time,training_probe flops,inference flops
0,0.16519999504089355,0.01133418083190918,0.0013098716735839844,205209600,4178920000
