,acc_overall,training_probe time,inference time,training_probe flops,inference flops
0,0.18930000066757202,0.008545160293579102,0.00034356117248535156,12825600,262120000
