,acc_overall,training_probe time,inference time,training_probe flops,inference flops
0,0.9422000050544739,0.0016562938690185547,0.0003237724304199219,34565760,69220000
