,acc_overall,training_probe time,inference time,training_probe flops,inference flops
0,0.9328999519348145,0.0012788772583007812,0.00032901763916015625,15002500,30100000
