,acc_overall,training_probe time,inference time,training_probe flops,inference flops
0,0.9459999799728394,0.0013418197631835938,0.0003292560577392578,15002500,30100000
