,acc_overall,training_probe time,inference time,training_probe flops,inference flops
0,0.8671000003814697,0.013997077941894531,0.0006480216979980469,15002500,30100000
