,acc_overall,training_probe time,inference time,training_probe flops,inference flops
0,0.8152,2.5406715869903564,0.14033007621765137,3.854166666666667,12.5
