,acc_overall,training_probe time,inference time,training_probe flops,inference flops
0,0.5221,3.8712596893310547,0.24481701850891113,3.229166666666667,12.5
