,acc_overall,training_probe time,inference time,training_probe flops,inference flops
0,0.4797,2.5912230014801025,0.15703773498535156,3.229166666666667,12.5
