,acc_overall,training_probe time,inference time,training_probe flops,inference flops
0,0.4451,2.8519089221954346,0.14012980461120605,3.229166666666667,12.5
