,acc_overall,training_probe time,inference time,training_probe flops,inference flops
0,0.4941,28.86296057701111,0.8620808124542236,59.58707882666667,209.7152
