,acc_overall,training_probe time,inference time,training_probe flops,inference flops
0,0.0638,70.04320478439331,13.984594345092773,0.10137599999999994,11.9712
