,acc_overall,training_probe time,inference time,training_probe flops,inference flops
0,0.0858,5457.410586595535,19.290775299072266,1.622015999999999,884.43036
