,acc_overall,training_probe time,inference time,training_probe flops,inference flops
0,0.0792,5786.735644340515,29.816081523895264,1.622015999999999,3044.73204
