,acc_overall,training_probe time,inference time,training_probe flops,inference flops
0,0.8409,2.9074811935424805,0.013233423233032227,3.7754166666666666,12.5
