,acc_overall,training_probe time,inference time,training_probe flops,inference flops
0,0.8129,2.8071041107177734,0.008613824844360352,3.7754166666666666,12.5
