,acc_overall,training_probe time,inference time,training_probe flops,inference flops
0,0.8155999779701233,0.0012853145599365234,0.0003323554992675781,15002500,30100000
