,acc_overall,training_probe time,inference time,training_probe flops,inference flops
0,0.7518999576568604,0.0012750625610351562,0.0003275871276855469,15002500,30100000
