,acc_overall,training_probe time,inference time,training_probe flops,inference flops
0,0.788100004196167,0.005211591720581055,0.0004754066467285156,34565760,69220000
