,acc_overall,training_probe time,inference time,training_probe flops,inference flops
0,0.8150999546051025,0.0012907981872558594,0.00033020973205566406,15002500,30100000
