,acc_overall,training_probe time,inference time,training_probe flops,inference flops
0,0.9713,7.737276554107666,0.024079322814941406,15.848838485333333,52.4288
