,acc_overall,training_probe time,inference time,training_probe flops,inference flops
0,0.9805,50.21840953826904,0.09485363960266113,257.5077430613334,838.8608
