,acc_overall,training_probe time,inference time,training_probe flops,inference flops
0,0.9811,51.58241581916809,0.062209367752075195,257.5077430613334,838.8608
