,acc_overall,training_probe time,inference time,training_probe flops,inference flops
0,0.9517,1.4433236122131348,0.027255535125732422,0.9921181013333333,3.2768
