,acc_overall,training_probe time,inference time,training_probe flops,inference flops
0,0.9618,127.56893515586853,8.95125937461853,0.48660479999999995,598.231
