,acc_overall,training_probe time,inference time,training_probe flops,inference flops
0,0.8042,50.45156645774841,11.818992137908936,0.030412799999999997,2.4258
