,acc_overall,training_probe time,inference time,training_probe flops,inference flops
0,0.9618,107.94859480857849,7.057017803192139,0.48660479999999995,636.648
