,acc_overall,training_probe time,inference time,training_probe flops,inference flops
0,0.9344,57.61353158950806,13.034542798995972,0.12165119999999999,42.919
