,acc_overall,training_probe time,inference time,training_probe flops,inference flops
0,0.0313,1546.3025131225586,12.985090255737305,0.8110079999999998,365.78748
