,acc_overall,training_probe time,inference time,training_probe flops,inference flops
0,0.0383,1537.8850195407867,17.032195568084717,0.8110079999999998,1174.24092
