,acc_overall,training_probe time,inference time,training_probe flops,inference flops
0,0.0303,22.695411443710327,4.620742082595825,0.05068799999999999,94.08744
