,acc_overall,training_probe time,inference time,training_probe flops,inference flops
0,0.4007,63.883177280426025,14.906515836715698,0.20275200000000004,154.2078
