,acc_overall,training_probe time,inference time,training_probe flops,inference flops
0,0.334,46.00382900238037,12.028387308120728,0.05068799999999999,49.2522
