,acc_overall,training_probe time,inference time,training_probe flops,inference flops
0,0.3744,2671.6853744983673,27.230016946792603,0.8110079999999998,3044.65008
