,acc_overall,training_probe time,inference time,training_probe flops,inference flops
0,0.3863,2377.472288608551,36.59979605674744,0.8110079999999998,2830.65252
