,acc_overall,training_probe time,inference time,training_probe flops,inference flops
0,0.4003,92.63457012176514,1.4813628196716309,266.9814306133333,838.8608
