,acc_overall,training_probe time,inference time,training_probe flops,inference flops
0,0.4182,94.28657460212708,1.7049133777618408,266.9814306133333,838.8608
