,acc_overall,training_probe time,inference time,training_probe flops,inference flops
0,0.4323,6.237119197845459,0.29652929306030273,14.001984853333331,52.4288
