,acc_overall,training_probe time,inference time,training_probe flops,inference flops
0,0.4284,0.697094202041626,0.10561490058898926,0.8331810133333333,3.2768
