,acc_overall,training_probe time,inference time,training_probe flops,inference flops
0,0.9231,1.152817964553833,0.012784481048583984,0.9921181013333333,3.2768
