,acc_overall,training_probe time,inference time,training_probe flops,inference flops
0,0.897,53.89634990692139,0.07834029197692871,257.5077430613334,838.8608
