,acc_overall,training_probe time,inference time,training_probe flops,inference flops
0,0.9465,6.74309515953064,0.016164302825927734,15.848838485333333,52.4288
