,acc_overall,training_probe time,inference time,training_probe flops,inference flops
0,0.927,55.5462863445282,0.12792444229125977,257.5077430613334,838.8608
