,acc_overall,training_probe time,inference time,training_probe flops,inference flops
0,0.5207,39.92069482803345,6.888110160827637,0.20275199999999996,164.01636
