,acc_overall,training_probe time,inference time,training_probe flops,inference flops
0,0.2835,162.72327136993408,7.301416873931885,0.6082560000000001,351.11228
