,acc_overall,training_probe time,inference time,training_probe flops,inference flops
0,0.9487,8.344317436218262,0.28455305099487305,16.623424853333333,52.4288
