,acc_overall,training_probe time,inference time,training_probe flops,inference flops
0,0.9589,0.9129211902618408,0.09361577033996582,0.9970210133333333,3.2768
