,acc_overall,training_probe time,inference time,training_probe flops,inference flops
0,0.9481,122.69744205474854,1.689521074295044,308.9244706133333,838.8608
