,acc_overall,training_probe time,inference time,training_probe flops,inference flops
0,0.9499,119.45134449005127,1.6247186660766602,308.9244706133333,838.8608
