,acc_overall,training_probe time,inference time,training_probe flops,inference flops
0,0.6288,55.71018743515015,6.6748130321502686,0.030412799999999997,2.3582
