,acc_overall,training_probe time,inference time,training_probe flops,inference flops
0,0.6868,133.6003007888794,18.173380851745605,0.48660479999999995,706.881
