,acc_overall,training_probe time,inference time,training_probe flops,inference flops
0,0.8017,116.92567443847656,12.345117568969727,0.48660479999999995,696.262
