,acc_overall,training_probe time,inference time,training_probe flops,inference flops
0,0.4799,1.0125398635864258,0.031098127365112305,0.8269981013333334,3.2768
