,acc_overall,training_probe time,inference time,training_probe flops,inference flops
0,0.4645,45.90227293968201,0.06887316703796387,215.54422306133335,838.8608
