,acc_overall,training_probe time,inference time,training_probe flops,inference flops
0,0.4731,6.211345434188843,0.015852689743041992,13.222278485333334,52.4288
