,acc_overall,training_probe time,inference time,training_probe flops,inference flops
0,0.4546,38.73841691017151,0.06175541877746582,215.54422306133335,838.8608
