,acc_overall,training_probe time,inference time,training_probe flops,inference flops
0,0.3457,5.355838060379028,0.053971290588378906,3.3007848106666664,131.072
