,acc_overall,training_probe time,inference time,training_probe flops,inference flops
0,0.362,356.73653268814087,0.446483850479126,884.8785844906666,33554.432
