,acc_overall,training_probe time,inference time,training_probe flops,inference flops
0,0.3688,271.46667432785034,0.5910887718200684,884.8785844906666,33554.432
