,acc_overall,training_probe time,inference time,training_probe flops,inference flops
0,28.92,9.588264465332031,0.061078548431396484,104857600,8192000000
