,acc_overall,training_probe time,inference time,training_probe flops,inference flops
0,0.4239,5.008972406387329,0.26258420944213867,14.001984853333331,52.4288
