,acc_overall,training_probe time,inference time,training_probe flops,inference flops
0,0.3974,88.79436254501343,1.5713715553283691,266.9814306133333,838.8608
