,acc_overall,training_probe time,inference time,training_probe flops,inference flops
0,0.4229,0.8969988822937012,0.15414214134216309,0.8331810133333333,3.2768
