,acc_overall,training_probe time,inference time,training_probe flops,inference flops
0,0.4156,87.18684387207031,1.5373685359954834,266.9814306133333,838.8608
