,acc_overall,training_probe time,inference time,training_probe flops,inference flops
0,0.22499999403953552,0.0013184547424316406,0.0003352165222167969,12502500,30100000
