,acc_overall,training_probe time,inference time,training_probe flops,inference flops
0,0.43459999561309814,0.005200624465942383,0.00046539306640625,51210240,122980000
