,acc_overall,training_probe time,inference time,training_probe flops,inference flops
0,0.42069998383522034,0.0013048648834228516,0.000335693359375,12502500,30100000
