,acc_overall,training_probe time,inference time,training_probe flops,inference flops
0,0.33660000562667847,0.0012805461883544922,0.00032973289489746094,12502500,30100000
