,acc_overall,training_probe time,inference time,training_probe flops,inference flops
0,0.0287,5467.737365961075,19.142436027526855,1.622015999999999,317.10324
