,acc_overall,training_probe time,inference time,training_probe flops,inference flops
0,0.0234,88.15003824234009,19.960150718688965,0.10137599999999994,10.43868
