,acc_overall,training_probe time,inference time,training_probe flops,inference flops
0,0.0264,3733.7581934928894,21.870202779769897,1.622015999999999,1214.72916
