,acc_overall,training_probe time,inference time,training_probe flops,inference flops
0,0.2705000042915344,0.008743047714233398,0.0003428459167480469,12825600,262120000
