,acc_overall,training_probe time,inference time,training_probe flops,inference flops
0,0.2842999994754791,0.01139211654663086,0.0012979507446289062,205209600,4178920000
