,acc_overall,training_probe time,inference time,training_probe flops,inference flops
0,0.281499981880188,0.011106729507446289,0.0012819766998291016,205209600,4178920000
