,acc_overall,training_probe time,inference time,training_probe flops,inference flops
0,0.5039,98.64411473274231,15.850645542144775,0.4055039999999999,380.849
