,acc_overall,training_probe time,inference time,training_probe flops,inference flops
0,0.5015,120.35427498817444,12.234508991241455,0.4055039999999999,613.319
