,acc_overall,training_probe time,inference time,training_probe flops,inference flops
0,0.2423,48.94612383842468,11.712394952774048,0.025343999999999995,3.0576
