,acc_overall,training_probe time,inference time,training_probe flops,inference flops
0,0.2835,187.75601816177368,6.881223201751709,0.6082560000000001,351.11228
