,acc_overall,training_probe time,inference time,training_probe flops,inference flops
0,0.4012,45.888179779052734,12.218142986297607,0.10137599999999998,45.53012
