,acc_overall,training_probe time,inference time,training_probe flops,inference flops
0,0.5332,23.44353222846985,0.04911231994628906,53.19582788266666,209.7152
