,acc_overall,training_probe time,inference time,training_probe flops,inference flops
0,0.4281,1.8887114524841309,0.006648540496826172,3.1479166666666667,12.5
