,acc_overall,training_probe time,inference time,training_probe flops,inference flops
0,0.4555,2.1588501930236816,0.013746976852416992,3.1479166666666667,12.5
