,acc_overall,training_probe time,inference time,training_probe flops,inference flops
0,0.3855,3.9054293632507324,0.008059978485107422,3.1479166666666667,12.5
