,acc_overall,training_probe time,inference time,training_probe flops,inference flops
0,0.6831,67.38316082954407,11.535343885421753,0.18627840000000004,51.68736
