,acc_overall,training_probe time,inference time,training_probe flops,inference flops
0,0.241,41.01214671134949,11.510468482971191,0.025343999999999995,3.0654
