,acc_overall,training_probe time,inference time,training_probe flops,inference flops
0,0.2835,201.22393822669983,5.910021543502808,0.6082560000000001,351.11228
