,acc_overall,training_probe time,inference time,training_probe flops,inference flops
0,0.4982,112.59580159187317,10.292110443115234,0.4055039999999999,377.282
