,acc_overall,training_probe time,inference time,training_probe flops,inference flops
0,0.4987,98.85259103775024,6.738164663314819,0.4055039999999999,610.982
