,acc_overall,training_probe time,inference time,training_probe flops,inference flops
0,0.4031,42.45479607582092,10.347468137741089,0.10137599999999998,45.06752
