,acc_overall,training_probe time,inference time,training_probe flops,inference flops
0,0.1533,55.682615995407104,4.145723104476929,8.790562133333331,262.144
