,acc_overall,training_probe time,inference time,training_probe flops,inference flops
0,0.0107,627.9785559177399,65.26556086540222,10840.318498133332,67108.864
