,acc_overall,training_probe time,inference time,training_probe flops,inference flops
0,0.0108,398.89873480796814,66.79966759681702,10840.318498133332,67108.864
