,acc_overall,training_probe time,inference time,training_probe flops,inference flops
0,0.8788,4.061928987503052,0.01413726806640625,3.7754166666666666,12.5
