,acc_overall,training_probe time,inference time,training_probe flops,inference flops
0,0.8762,3.3171045780181885,0.019141197204589844,3.7754166666666666,12.5
