,acc_overall,training_probe time,inference time,training_probe flops,inference flops
0,0.8786,3.5093493461608887,0.012267827987670898,3.7754166666666666,12.5
