,acc_overall,training_probe time,inference time,training_probe flops,inference flops
0,0.1268,5915.864661931992,30.45244789123535,1.6220160000000003,2990.7204
