,acc_overall,training_probe time,inference time,training_probe flops,inference flops
0,0.0789,67.05511474609375,6.688769340515137,0.10137600000000002,11.61516
