,acc_overall,training_probe time,inference time,training_probe flops,inference flops
0,0.1323,5471.295058727264,20.88382363319397,1.6220160000000003,907.87092
