,acc_overall,training_probe time,inference time,training_probe flops,inference flops
0,0.5349,40.48281121253967,0.08974790573120117,215.54422306133335,838.8608
