,acc_overall,training_probe time,inference time,training_probe flops,inference flops
0,0.5074,0.8351466655731201,0.0417933464050293,0.8269981013333334,3.2768
