,acc_overall,training_probe time,inference time,training_probe flops,inference flops
0,0.5361,40.33310055732727,0.0678718090057373,215.54422306133335,838.8608
