,acc_overall,training_probe time,inference time,training_probe flops,inference flops
0,0.5248,4.867258787155151,0.028966188430786133,13.222278485333334,52.4288
