,acc_overall,training_probe time,inference time,training_probe flops,inference flops
0,0.1103,533.0520884990692,0.5150232315063477,1723.9441844906667,67108.864
