,acc_overall,training_probe time,inference time,training_probe flops,inference flops
0,0.1119,13.605546951293945,0.04176950454711914,6.590384810666667,262.144
