,acc_overall,training_probe time,inference time,training_probe flops,inference flops
0,0.1022,573.5076839923859,0.3694608211517334,1723.9441844906667,67108.864
