,acc_overall,training_probe time,inference time,training_probe flops,inference flops
0,0.8031,2.2746469974517822,0.16046428680419922,3.854166666666667,12.5
