,acc_overall,training_probe time,inference time,training_probe flops,inference flops
0,0.9911,3.1616194248199463,0.15698862075805664,3.854166666666667,12.5
