,acc_overall,training_probe time,inference time,training_probe flops,inference flops
0,0.1655000001192093,0.010965824127197266,0.001291036605834961,205209600,4178920000
