,acc_overall,training_probe time,inference time,training_probe flops,inference flops
0,0.19749999046325684,0.008587360382080078,0.00033926963806152344,12825600,262120000
