,acc_overall,training_probe time,inference time,training_probe flops,inference flops
0,0.17080000042915344,0.011255502700805664,0.0012903213500976562,205209600,4178920000
