,acc_overall,training_probe time,inference time,training_probe flops,inference flops
0,0.4995,51.349337577819824,0.05692863464355469,257.5077430613334,838.8608
