,acc_overall,training_probe time,inference time,training_probe flops,inference flops
0,0.37,52.262436866760254,0.07011055946350098,257.5077430613334,838.8608
