,acc_overall,training_probe time,inference time,training_probe flops,inference flops
0,0.8628,1.0512316226959229,0.017296791076660156,0.9921181013333333,3.2768
