,acc_overall,training_probe time,inference time,training_probe flops,inference flops
0,0.8366,7.130908966064453,0.017136812210083008,15.848838485333333,52.4288
