,acc_overall,training_probe time,inference time,training_probe flops,inference flops
0,0.7425,3.1081440448760986,0.11950349807739258,3.229166666666667,12.5
