,acc_overall,training_probe time,inference time,training_probe flops,inference flops
0,0.5688,19.331298351287842,0.9834034442901611,59.58707882666667,209.7152
