,acc_overall,training_probe time,inference time,training_probe flops,inference flops
0,0.0138,190.2974817752838,32.10253167152405,5420.159249066666,33554.432
