,acc_overall,training_probe time,inference time,training_probe flops,inference flops
0,0.3032,25.105425357818604,2.863394021987915,4.395281066666666,131.072
