,acc_overall,training_probe time,inference time,training_probe flops,inference flops
0,0.0135,157.7651002407074,36.313403606414795,5420.159249066666,33554.432
