,acc_overall,training_probe time,inference time,training_probe flops,inference flops
0,0.9432,10.250696420669556,0.3381786346435547,16.623424853333333,52.4288
