,acc_overall,training_probe time,inference time,training_probe flops,inference flops
0,0.9557,120.2595911026001,1.582390308380127,308.9244706133333,838.8608
