,acc_overall,training_probe time,inference time,training_probe flops,inference flops
0,0.9567,123.49475193023682,1.5334997177124023,308.9244706133333,838.8608
