,acc_overall,training_probe time,inference time,training_probe flops,inference flops
0,0.9191,1.2518463134765625,0.05472445487976074,0.9970210133333333,3.2768
