,acc_overall,training_probe time,inference time,training_probe flops,inference flops
0,0.5329,50.215606689453125,0.09211993217468262,215.54422306133335,838.8608
