,acc_overall,training_probe time,inference time,training_probe flops,inference flops
0,0.5058,0.9612307548522949,0.012611150741577148,0.8269981013333334,3.2768
