,acc_overall,training_probe time,inference time,training_probe flops,inference flops
0,0.5271,48.06230115890503,0.09714579582214355,215.54422306133335,838.8608
