,acc_overall,training_probe time,inference time,training_probe flops,inference flops
0,0.8321,42.13374662399292,3.6968483924865723,0.18627839999999998,25.35636
