,acc_overall,training_probe time,inference time,training_probe flops,inference flops
0,0.9359,0.9823341369628906,0.01674652099609375,0.9921181013333333,3.2768
