,acc_overall,training_probe time,inference time,training_probe flops,inference flops
0,0.9706,46.38316631317139,0.09123086929321289,257.5077430613334,838.8608
