,acc_overall,training_probe time,inference time,training_probe flops,inference flops
0,0.9691,53.988783836364746,0.0968782901763916,257.5077430613334,838.8608
