,acc_overall,training_probe time,inference time,training_probe flops,inference flops
0,0.9562,6.521902322769165,0.020362138748168945,15.848838485333333,52.4288
