,acc_overall,training_probe time,inference time,training_probe flops,inference flops
0,0.9725,7.321939945220947,0.026268959045410156,15.848838485333333,52.4288
