,acc_overall,training_probe time,inference time,training_probe flops,inference flops
0,0.9805,56.535871744155884,0.08203673362731934,257.5077430613334,838.8608
