,acc_overall,training_probe time,inference time,training_probe flops,inference flops
0,0.981,47.24298858642578,0.05595541000366211,257.5077430613334,838.8608
