,acc_overall,training_probe time,inference time,training_probe flops,inference flops
0,0.9525,1.0237908363342285,0.01157069206237793,0.9921181013333333,3.2768
