,acc_overall,training_probe time,inference time,training_probe flops,inference flops
0,0.1767,42.721806049346924,0.07017707824707031,215.54422306133335,838.8608
