,acc_overall,training_probe time,inference time,training_probe flops,inference flops
0,0.2181,5.003406524658203,0.018998384475708008,13.222278485333334,52.4288
