,acc_overall,training_probe time,inference time,training_probe flops,inference flops
0,0.2493,0.8652627468109131,0.03207516670227051,0.8269981013333334,3.2768
