,acc_overall,training_probe time,inference time,training_probe flops,inference flops
0,0.1823,40.37089967727661,0.044216156005859375,215.54422306133335,838.8608
