,acc_overall,training_probe time,inference time,training_probe flops,inference flops
0,0.4984,105.43356990814209,18.83506989479065,0.4055039999999999,616.681
