,acc_overall,training_probe time,inference time,training_probe flops,inference flops
0,0.4065,59.66638422012329,4.436257362365723,0.10137599999999998,45.4376
