,acc_overall,training_probe time,inference time,training_probe flops,inference flops
0,0.2835,157.5800609588623,7.469878435134888,0.6082560000000001,351.11228
