,acc_overall,training_probe time,inference time,training_probe flops,inference flops
0,0.2404,38.452319860458374,9.987537145614624,0.025343999999999995,3.055
