,acc_overall,training_probe time,inference time,training_probe flops,inference flops
0,0.5081,120.70981907844543,9.993094682693481,0.4055039999999999,390.566
