,acc_overall,training_probe time,inference time,training_probe flops,inference flops
0,0.2187,8.160916328430176,0.04786062240600586,3.3007848106666664,131.072
