,acc_overall,training_probe time,inference time,training_probe flops,inference flops
0,0.2045,351.7023882865906,0.4166250228881836,884.8785844906666,33554.432
