,acc_overall,training_probe time,inference time,training_probe flops,inference flops
0,0.1735,358.2966730594635,0.37166261672973633,884.8785844906666,33554.432
