,acc_overall,training_probe time,inference time,training_probe flops,inference flops
0,0.949,2.345207929611206,0.008162498474121094,3.7754166666666666,12.5
