,acc_overall,training_probe time,inference time,training_probe flops,inference flops
0,0.9182,2.2237305641174316,0.00882577896118164,3.7754166666666666,12.5
