,acc_overall,training_probe time,inference time,training_probe flops,inference flops
0,0.7848,2.292004108428955,0.0063936710357666016,3.7754166666666666,12.5
