,acc_overall,training_probe time,inference time,training_probe flops,inference flops
0,0.1772,40.65651488304138,0.07295346260070801,215.54422306133335,838.8608
