,acc_overall,training_probe time,inference time,training_probe flops,inference flops
0,0.1818,39.35125255584717,0.06127023696899414,215.54422306133335,838.8608
