,acc_overall,training_probe time,inference time,training_probe flops,inference flops
0,0.2146,5.8934006690979,0.031485795974731445,13.222278485333334,52.4288
