,acc_overall,training_probe time,inference time,training_probe flops,inference flops
0,0.253,0.7901089191436768,0.011715412139892578,0.8269981013333334,3.2768
