,acc_overall,training_probe time,inference time,training_probe flops,inference flops
0,0.5081,114.03024339675903,1.683434247970581,266.9814306133333,838.8608
