,acc_overall,training_probe time,inference time,training_probe flops,inference flops
0,0.4989,5.142897844314575,0.3013577461242676,14.001984853333331,52.4288
