,acc_overall,training_probe time,inference time,training_probe flops,inference flops
0,0.5047,102.08525800704956,1.5627331733703613,266.9814306133333,838.8608
