,acc_overall,training_probe time,inference time,training_probe flops,inference flops
0,0.4794,0.7766323089599609,0.06681013107299805,0.8331810133333333,3.2768
