,acc_overall,training_probe time,inference time,training_probe flops,inference flops
0,0.5935999751091003,0.001253366470336914,0.0003135204315185547,12502500,30100000
