,acc_overall,training_probe time,inference time,training_probe flops,inference flops
0,0.5911999940872192,0.001275777816772461,0.00031638145446777344,12502500,30100000
