,acc_overall,training_probe time,inference time,training_probe flops,inference flops
0,0.5408999919891357,0.0012769699096679688,0.0003337860107421875,12502500,30100000
