,acc_overall,training_probe time,inference time,training_probe flops,inference flops
0,0.5726999640464783,0.0019130706787109375,0.0003731250762939453,51210240,122980000
