,acc_overall,training_probe time,inference time,training_probe flops,inference flops
0,0.4470999836921692,0.0019526481628417969,0.0003407001495361328,25605120,61540000
