,acc_overall,training_probe time,inference time,training_probe flops,inference flops
0,0.4578000009059906,0.0031311511993408203,0.0007097721099853516,102420480,245860000
