,acc_overall,training_probe time,inference time,training_probe flops,inference flops
0,0.4253999888896942,0.0026242733001708984,0.0005729198455810547,102420480,245860000
