,acc_overall,training_probe time,inference time,training_probe flops,inference flops
0,0.3937000036239624,0.004058361053466797,0.0004918575286865234,6401280,15460000
