,acc_overall,training_probe time,inference time,training_probe flops,inference flops
0,0.8611,2.6636202335357666,0.008743047714233398,3.7754166666666666,12.5
