,acc_overall,training_probe time,inference time,training_probe flops,inference flops
0,0.8613,2.727850914001465,0.023530244827270508,3.7754166666666666,12.5
