,acc_overall,training_probe time,inference time,training_probe flops,inference flops
0,0.8434,2.5231072902679443,0.006654977798461914,3.7754166666666666,12.5
