,acc_overall,training_probe time,inference time,training_probe flops,inference flops
0,0.9675,2.6601555347442627,0.018907546997070312,3.7754166666666666,12.5
