,acc_overall,training_probe time,inference time,training_probe flops,inference flops
0,0.9714,2.7968900203704834,0.008754491806030273,3.7754166666666666,12.5
