,acc_overall,training_probe time,inference time,training_probe flops,inference flops
0,0.9716,2.208960771560669,0.012163400650024414,3.7754166666666666,12.5
