,acc_overall,training_probe time,inference time,training_probe flops,inference flops
0,0.3179,3198.57333278656,32.21929478645325,0.8110079999999996,2610.91776
