,acc_overall,training_probe time,inference time,training_probe flops,inference flops
0,0.2742,52.33132076263428,17.429179191589355,0.050687999999999976,48.66912
