,acc_overall,training_probe time,inference time,training_probe flops,inference flops
0,0.9534,72.5321717262268,7.965441465377808,0.13685759999999997,46.32092
