,acc_overall,training_probe time,inference time,training_probe flops,inference flops
0,0.9702,98.49325060844421,8.331566333770752,0.48660479999999995,17.548
