,acc_overall,training_probe time,inference time,training_probe flops,inference flops
0,0.9656,43.96195673942566,13.18998408317566,0.12165119999999999,6.58948
