,acc_overall,training_probe time,inference time,training_probe flops,inference flops
0,0.9672,125.40464615821838,4.9694554805755615,0.48660479999999995,3.854
