,acc_overall,training_probe time,inference time,training_probe flops,inference flops
0,0.9451,51.56692147254944,10.559588193893433,0.030412799999999997,1.3572
