,acc_overall,training_probe time,inference time,training_probe flops,inference flops
0,0.1364,360.9119248390198,0.5054922103881836,884.8785844906666,33554.432
