,acc_overall,training_probe time,inference time,training_probe flops,inference flops
0,0.1754,5.737437725067139,0.04080367088317871,3.3007848106666664,131.072
