,acc_overall,training_probe time,inference time,training_probe flops,inference flops
0,0.1432,357.78978872299194,0.5403313636779785,884.8785844906666,33554.432
