,acc_overall,training_probe time,inference time,training_probe flops,inference flops
0,0.6467,14.554398775100708,0.05968904495239258,53.19582788266666,209.7152
