,acc_overall,training_probe time,inference time,training_probe flops,inference flops
0,0.5851,2.0414459705352783,0.010974407196044922,3.1479166666666667,12.5
