,acc_overall,training_probe time,inference time,training_probe flops,inference flops
0,0.5739,2.1453936100006104,0.008626937866210938,3.1479166666666667,12.5
