,acc_overall,training_probe time,inference time,training_probe flops,inference flops
0,0.5979,4.449570655822754,0.017892837524414062,3.1479166666666667,12.5
