,acc_overall,training_probe time,inference time,training_probe flops,inference flops
0,0.4852,29.35692548751831,0.7175805568695068,59.58707882666667,209.7152
