,acc_overall,training_probe time,inference time,training_probe flops,inference flops
0,0.4234,2.8401997089385986,0.16175341606140137,3.229166666666667,12.5
