,acc_overall,training_probe time,inference time,training_probe flops,inference flops
0,0.3863,1536.984376192093,23.357401132583618,0.8110079999999998,2830.65252
