,acc_overall,training_probe time,inference time,training_probe flops,inference flops
0,0.3744,2432.9367582798004,29.679277420043945,0.8110079999999998,3044.65008
