,acc_overall,training_probe time,inference time,training_probe flops,inference flops
0,0.334,21.53554105758667,6.46075963973999,0.05068799999999999,49.2522
