,acc_overall,training_probe time,inference time,training_probe flops,inference flops
0,0.008799999952316284,0.021648406982421875,0.0017745494842529297,410419200,8275920000
