,acc_overall,training_probe time,inference time,training_probe flops,inference flops
0,0.00969999935477972,0.021916627883911133,0.0017812252044677734,410419200,8275920000
