,acc_overall,training_probe time,inference time,training_probe flops,inference flops
0,0.010599999688565731,0.01886773109436035,0.0003998279571533203,25651200,519120000
