,acc_overall,training_probe time,inference time,training_probe flops,inference flops
0,0.0073,443.1789472103119,47.36373782157898,10840.318498133332,67108.864
