,acc_overall,training_probe time,inference time,training_probe flops,inference flops
0,0.0077,412.7010877132416,45.48305559158325,10840.318498133332,67108.864
