,acc_overall,training_probe time,inference time,training_probe flops,inference flops
0,0.5767,7898.241659879684,55.95706057548523,3.2440320000000007,10664.0088
