,acc_overall,training_probe time,inference time,training_probe flops,inference flops
0,0.5788,4038.9839634895325,49.96722626686096,3.2440320000000007,10073.12964
