,acc_overall,training_probe time,inference time,training_probe flops,inference flops
0,0.5663,8715.937017917633,60.9894597530365,3.2440320000000007,11275.53432
