,acc_overall,training_probe time,inference time,training_probe flops,inference flops
0,0.1342,55.742860317230225,15.177084684371948,0.10137600000000002,37.8818
