,acc_overall,training_probe time,inference time,training_probe flops,inference flops
0,0.2139,163.2151370048523,31.71624755859375,0.4055040000000001,651.408
