,acc_overall,training_probe time,inference time,training_probe flops,inference flops
0,0.578,8339.190361738205,57.03894257545471,3.2440320000000007,9166.65612
