,acc_overall,training_probe time,inference time,training_probe flops,inference flops
0,0.3204,559.670836687088,38.84215593338013,0.8110080000000002,2230.9512
