,acc_overall,training_probe time,inference time,training_probe flops,inference flops
0,0.5365,8204.059782981873,44.777790546417236,3.2440320000000007,7849.22172
