,acc_overall,training_probe time,inference time,training_probe flops,inference flops
0,0.5055,1526.7326321601868,27.771465063095093,1.6220160000000003,5815.60956
