,acc_overall,training_probe time,inference time,training_probe flops,inference flops
0,5.31,19.059839010238647,0.06717824935913086,209715200,16384000000
