,acc_overall,training_probe time,inference time,training_probe flops,inference flops
0,0.8094,3.1672487258911133,0.15297245979309082,3.854166666666667,12.5
