,acc_overall,training_probe time,inference time,training_probe flops,inference flops
0,0.9634,62.15967774391174,14.360706567764282,0.13685760000000002,42.45988
