,acc_overall,training_probe time,inference time,training_probe flops,inference flops
0,0.8321,62.64269471168518,13.352781057357788,0.18627839999999998,25.35636
