,acc_overall,training_probe time,inference time,training_probe flops,inference flops
0,0.75,2.2271595001220703,0.017084836959838867,3.1479166666666667,12.5
