,acc_overall,training_probe time,inference time,training_probe flops,inference flops
0,0.7339,16.189192056655884,0.03453230857849121,53.19582788266666,209.7152
