,acc_overall,training_probe time,inference time,training_probe flops,inference flops
0,0.7397,3.536759853363037,0.01708054542541504,3.1479166666666667,12.5
