,acc_overall,training_probe time,inference time,training_probe flops,inference flops
0,5.46,19.389702081680298,0.06508088111877441,209715200,16384000000
