,acc_overall,training_probe time,inference time,training_probe flops,inference flops
0,0.833,2.4427268505096436,0.01078343391418457,3.7754166666666666,12.5
