,acc_overall,training_probe time,inference time,training_probe flops,inference flops
0,0.7697,2.8164916038513184,0.00986170768737793,3.7754166666666666,12.5
