,acc_overall,training_probe time,inference time,training_probe flops,inference flops
0,0.8462,2.9762322902679443,0.008859634399414062,3.7754166666666666,12.5
