,acc_overall,training_probe time,inference time,training_probe flops,inference flops
0,33.25,10.694263935089111,0.07005882263183594,104857600,8192000000
