,acc_overall,training_probe time,inference time,training_probe flops,inference flops
0,0.78,19.063183069229126,0.06475210189819336,209715200,16384000000
