,acc_overall,training_probe time,inference time,training_probe flops,inference flops
0,0.68,18.580062866210938,0.05561208724975586,209715200,16384000000
