,acc_overall,training_probe time,inference time,training_probe flops,inference flops
0,0.5153999924659729,0.0012621879577636719,0.0003192424774169922,12502500,30100000
