,acc_overall,training_probe time,inference time,training_probe flops,inference flops
0,0.45489999651908875,0.0036106109619140625,0.00035119056701660156,12502500,30100000
