,acc_overall,training_probe time,inference time,training_probe flops,inference flops
0,0.5320999622344971,0.0012433528900146484,0.0003216266632080078,12502500,30100000
