,acc_overall,training_probe time,inference time,training_probe flops,inference flops
0,0.5309999585151672,0.0018668174743652344,0.00036072731018066406,51210240,122980000
