,acc_overall,training_probe time,inference time,training_probe flops,inference flops
0,0.8740999698638916,0.0012679100036621094,0.0003235340118408203,15002500,30100000
