,acc_overall,training_probe time,inference time,training_probe flops,inference flops
0,0.8667999505996704,0.0012679100036621094,0.0003197193145751953,15002500,30100000
