,acc_overall,training_probe time,inference time,training_probe flops,inference flops
0,0.8211999535560608,0.0016524791717529297,0.0003235340118408203,34565760,69220000
