,acc_overall,training_probe time,inference time,training_probe flops,inference flops
0,0.8632999658584595,0.001271963119506836,0.000347137451171875,15002500,30100000
