,acc_overall,training_probe time,inference time,training_probe flops,inference flops
0,0.3568999767303467,0.011217832565307617,0.0012979507446289062,205209600,4178920000
