,acc_overall,training_probe time,inference time,training_probe flops,inference flops
0,0.34039998054504395,0.0299680233001709,0.0003426074981689453,12825600,262120000
