,acc_overall,training_probe time,inference time,training_probe flops,inference flops
0,0.36399999260902405,0.014034748077392578,0.0012962818145751953,205209600,4178920000
