,acc_overall,training_probe time,inference time,training_probe flops,inference flops
0,0.9158,115.8854124546051,10.575978517532349,0.48660480000000006,673.384
