,acc_overall,training_probe time,inference time,training_probe flops,inference flops
0,0.9003,58.731032371520996,13.028145551681519,0.12165120000000001,43.5872
