,acc_overall,training_probe time,inference time,training_probe flops,inference flops
0,0.9364,109.54619002342224,13.924806594848633,0.48660480000000006,675.803
