,acc_overall,training_probe time,inference time,training_probe flops,inference flops
0,0.7058,53.425795793533325,12.393848180770874,0.030412800000000004,2.4544
