,acc_overall,training_probe time,inference time,training_probe flops,inference flops
0,0.9327,57.46956014633179,10.574877500534058,0.12165119999999999,42.20968
