,acc_overall,training_probe time,inference time,training_probe flops,inference flops
0,0.9592,119.09025859832764,16.948975801467896,0.48660479999999995,604.955
