,acc_overall,training_probe time,inference time,training_probe flops,inference flops
0,0.8007,53.35821509361267,12.479246377944946,0.030412799999999997,2.3868
