,acc_overall,training_probe time,inference time,training_probe flops,inference flops
0,0.9549,117.94943881034851,10.540269374847412,0.48660479999999995,634.229
