,acc_overall,training_probe time,inference time,training_probe flops,inference flops
0,0.8847000002861023,0.0012617111206054688,0.00031828880310058594,7681280,15460000
