,acc_overall,training_probe time,inference time,training_probe flops,inference flops
0,0.9056999683380127,0.0029146671295166016,0.0005655288696289062,122900480,245860000
