,acc_overall,training_probe time,inference time,training_probe flops,inference flops
0,0.899899959564209,0.013791084289550781,0.0009799003601074219,122900480,245860000
