,acc_overall,training_probe time,inference time,training_probe flops,inference flops
0,0.895799994468689,0.0015783309936523438,0.00033092498779296875,30725120,61540000
