,acc_overall,training_probe time,inference time,training_probe flops,inference flops
0,0.362,2351.1697075366974,26.803892850875854,0.8110079999999998,2659.76592
