,acc_overall,training_probe time,inference time,training_probe flops,inference flops
0,0.3703,1980.9343676567078,28.81203556060791,0.8110079999999998,2380.85604
