,acc_overall,training_probe time,inference time,training_probe flops,inference flops
0,0.3256,30.57252550125122,11.114755868911743,0.05068799999999999,46.70832
