,acc_overall,training_probe time,inference time,training_probe flops,inference flops
0,0.09139999747276306,0.02343893051147461,0.001775503158569336,410419200,8275920000
