,acc_overall,training_probe time,inference time,training_probe flops,inference flops
0,0.0925000011920929,0.020388364791870117,0.0003795623779296875,25651200,519120000
