,acc_overall,training_probe time,inference time,training_probe flops,inference flops
0,0.09349999576807022,0.021728515625,0.0017893314361572266,410419200,8275920000
