,acc_overall,training_probe time,inference time,training_probe flops,inference flops
0,14.62,19.429666757583618,0.06928515434265137,209715200,16384000000
