,acc_overall,training_probe time,inference time,training_probe flops,inference flops
0,15.12,19.420676946640015,0.06852865219116211,209715200,16384000000
