,acc_overall,training_probe time,inference time,training_probe flops,inference flops
0,0.5015,121.02403450012207,8.709541320800781,0.4055039999999999,613.319
