,acc_overall,training_probe time,inference time,training_probe flops,inference flops
0,0.5039,108.67530226707458,10.792958974838257,0.4055039999999999,380.849
