,acc_overall,training_probe time,inference time,training_probe flops,inference flops
0,0.4012,45.89869976043701,12.865212678909302,0.10137599999999998,45.53012
