,acc_overall,training_probe time,inference time,training_probe flops,inference flops
0,0.2835,163.86871790885925,8.862017154693604,0.6082560000000001,351.11228
