,acc_overall,training_probe time,inference time,training_probe flops,inference flops
0,0.2423,29.54015564918518,16.253061056137085,0.025343999999999995,3.0576
