,acc_overall,training_probe time,inference time,training_probe flops,inference flops
0,0.9692,55.81510663032532,5.630557298660278,0.12165119999999999,6.26052
