,acc_overall,training_probe time,inference time,training_probe flops,inference flops
0,0.9521,51.88020348548889,12.029181718826294,0.030412799999999997,1.3676
