,acc_overall,training_probe time,inference time,training_probe flops,inference flops
0,0.9707,116.74614787101746,10.76923394203186,0.48660479999999995,15.949
