,acc_overall,training_probe time,inference time,training_probe flops,inference flops
0,0.0313,1488.3331201076508,12.714193344116211,0.8110079999999998,365.78748
