,acc_overall,training_probe time,inference time,training_probe flops,inference flops
0,0.0303,45.27690577507019,13.75738000869751,0.05068799999999999,94.08744
