,acc_overall,training_probe time,inference time,training_probe flops,inference flops
0,0.0383,1211.9312336444855,16.48456597328186,0.8110079999999998,1174.24092
