,acc_overall,training_probe time,inference time,training_probe flops,inference flops
0,0.0107,449.85518884658813,67.631591796875,10840.318498133332,67108.864
