,acc_overall,training_probe time,inference time,training_probe flops,inference flops
0,0.1533,69.7516930103302,3.7884206771850586,8.790562133333331,262.144
