,acc_overall,training_probe time,inference time,training_probe flops,inference flops
0,0.0108,428.9225254058838,64.14316773414612,10840.318498133332,67108.864
