,acc_overall,training_probe time,inference time,training_probe flops,inference flops
0,10.32,19.34544086456299,0.05695748329162598,209715200,16384000000
