,acc_overall,training_probe time,inference time,training_probe flops,inference flops
0,10.41,19.569576025009155,0.06734681129455566,209715200,16384000000
