,acc_overall,training_probe time,inference time,training_probe flops,inference flops
0,0.3879,1.8699877262115479,0.008774995803833008,3.1479166666666667,12.5
