,acc_overall,training_probe time,inference time,training_probe flops,inference flops
0,0.4154,2.4797816276550293,0.0064733028411865234,3.1479166666666667,12.5
