,acc_overall,training_probe time,inference time,training_probe flops,inference flops
0,0.3437,2.1423544883728027,0.01725602149963379,3.1479166666666667,12.5
