,acc_overall,training_probe time,inference time,training_probe flops,inference flops
0,0.5242,13.54872179031372,0.04805254936218262,53.19582788266666,209.7152
