,acc_overall,training_probe time,inference time,training_probe flops,inference flops
0,18.67,11.135810136795044,0.05634570121765137,104857600,8192000000
