,acc_overall,training_probe time,inference time,training_probe flops,inference flops
0,0.5428,119.55560827255249,1.6320469379425049,266.9814306133333,838.8608
