,acc_overall,training_probe time,inference time,training_probe flops,inference flops
0,0.5286,116.26219367980957,1.8033232688903809,266.9814306133333,838.8608
