,acc_overall,training_probe time,inference time,training_probe flops,inference flops
0,0.5037,0.9406428337097168,0.13600850105285645,0.8331810133333333,3.2768
