,acc_overall,training_probe time,inference time,training_probe flops,inference flops
0,0.5264,8.399128198623657,0.2908334732055664,14.001984853333331,52.4288
