,acc_overall,training_probe time,inference time,training_probe flops,inference flops
0,0.6323,43.43996453285217,11.679780960083008,0.030412799999999997,2.4258
