,acc_overall,training_probe time,inference time,training_probe flops,inference flops
0,0.6998,128.5460364818573,16.506705284118652,0.48660479999999995,702.371
