,acc_overall,training_probe time,inference time,training_probe flops,inference flops
0,0.7169,52.03571557998657,13.178272247314453,0.12165119999999999,43.76196
