,acc_overall,training_probe time,inference time,training_probe flops,inference flops
0,0.7978,112.0188262462616,7.3732147216796875,0.48660479999999995,691.547
