,acc_overall,training_probe time,inference time,training_probe flops,inference flops
0,0.33249998092651367,0.008536577224731445,0.000331878662109375,12825600,262120000
