,acc_overall,training_probe time,inference time,training_probe flops,inference flops
0,0.36069998145103455,0.03969907760620117,0.0013785362243652344,205209600,4178920000
