,acc_overall,training_probe time,inference time,training_probe flops,inference flops
0,0.3527999818325043,0.012363672256469727,0.0012903213500976562,205209600,4178920000
