,acc_overall,training_probe time,inference time,training_probe flops,inference flops
0,0.1135,5532.925372838974,27.35742950439453,1.6220160000000003,2658.45456
