,acc_overall,training_probe time,inference time,training_probe flops,inference flops
0,0.1155,5089.588752269745,17.390472173690796,1.6220160000000003,744.03288
