,acc_overall,training_probe time,inference time,training_probe flops,inference flops
0,0.0684,69.08454608917236,13.900732278823853,0.10137600000000002,11.14044
