,acc_overall,training_probe time,inference time,training_probe flops,inference flops
0,0.8808,2.7133090496063232,0.14712858200073242,3.854166666666667,12.5
