,acc_overall,training_probe time,inference time,training_probe flops,inference flops
0,0.9503,1.3448200225830078,0.13541316986083984,3.854166666666667,12.5
