,acc_overall,training_probe time,inference time,training_probe flops,inference flops
0,0.9654,2.2147982120513916,0.16824889183044434,3.854166666666667,12.5
