,acc_overall,training_probe time,inference time,training_probe flops,inference flops
0,0.0858,5658.8721668720245,19.508142709732056,1.622015999999999,884.43036
