,acc_overall,training_probe time,inference time,training_probe flops,inference flops
0,0.0638,75.68544459342957,11.800832271575928,0.10137599999999994,11.9712
