,acc_overall,training_probe time,inference time,training_probe flops,inference flops
0,0.0792,5225.164090871811,30.763999223709106,1.622015999999999,3044.73204
