,acc_overall,training_probe time,inference time,training_probe flops,inference flops
0,0.5186,1.8749024868011475,0.16744089126586914,3.854166666666667,12.5
