,acc_overall,training_probe time,inference time,training_probe flops,inference flops
0,0.9371999502182007,0.0012624263763427734,0.00032448768615722656,15002500,30100000
