,acc_overall,training_probe time,inference time,training_probe flops,inference flops
0,0.960099995136261,0.001312255859375,0.00032138824462890625,15002500,30100000
