,acc_overall,training_probe time,inference time,training_probe flops,inference flops
0,0.9577999711036682,0.0013554096221923828,0.0003292560577392578,15002500,30100000
