,acc_overall,training_probe time,inference time,training_probe flops,inference flops
0,0.9412999749183655,0.0016536712646484375,0.00032639503479003906,34565760,69220000
