,acc_overall,training_probe time,inference time,training_probe flops,inference flops
0,0.0313,2881.2478806972504,21.853305339813232,0.8110079999999998,365.78748
