,acc_overall,training_probe time,inference time,training_probe flops,inference flops
0,0.0303,36.61957240104675,9.310177326202393,0.05068799999999999,94.08744
