,acc_overall,training_probe time,inference time,training_probe flops,inference flops
0,0.0383,1667.0798997879028,17.807886362075806,0.8110079999999998,1174.24092
