,acc_overall,training_probe time,inference time,training_probe flops,inference flops
0,0.2672,28.49297857284546,2.947288990020752,4.395281066666666,131.072
