,acc_overall,training_probe time,inference time,training_probe flops,inference flops
0,0.0177,278.2032015323639,33.09872794151306,5420.159249066666,33554.432
