,acc_overall,training_probe time,inference time,training_probe flops,inference flops
0,0.013,227.49022316932678,30.70219087600708,5420.159249066666,33554.432
