,acc_overall,training_probe time,inference time,training_probe flops,inference flops
0,0.0161,344.47473096847534,27.26979684829712,5420.159249066666,33554.432
