,acc_overall,training_probe time,inference time,training_probe flops,inference flops
0,0.0179,206.78534173965454,37.13305330276489,5420.159249066666,33554.432
