,acc_overall,training_probe time,inference time,training_probe flops,inference flops
0,0.5207,48.951446533203125,17.506556272506714,0.20275199999999996,164.01636
