,acc_overall,training_probe time,inference time,training_probe flops,inference flops
0,0.2835,186.07945322990417,8.433645486831665,0.6082560000000001,351.11228
