,acc_overall,training_probe time,inference time,training_probe flops,inference flops
0,0.9599,2.373878240585327,0.018227815628051758,3.7754166666666666,12.5
