,acc_overall,training_probe time,inference time,training_probe flops,inference flops
0,0.8792,2.6553757190704346,0.012594938278198242,3.7754166666666666,12.5
