,acc_overall,training_probe time,inference time,training_probe flops,inference flops
0,0.9436,2.1412887573242188,0.013114213943481445,3.7754166666666666,12.5
