,acc_overall,training_probe time,inference time,training_probe flops,inference flops
0,0.9651,1.9895484447479248,0.013163328170776367,3.7754166666666666,12.5
