,acc_overall,training_probe time,inference time,training_probe flops,inference flops
0,0.9591,2.193601131439209,0.007422447204589844,3.7754166666666666,12.5
