,acc_overall,training_probe time,inference time,training_probe flops,inference flops
0,0.0122,311.68261671066284,27.332071781158447,5420.159249066666,33554.432
