,acc_overall,training_probe time,inference time,training_probe flops,inference flops
0,0.0116,310.07602286338806,39.06994032859802,5420.159249066666,33554.432
