,acc_overall,training_probe time,inference time,training_probe flops,inference flops
0,0.0678,24.603797435760498,2.1184120178222656,4.395281066666666,131.072
