,acc_overall,training_probe time,inference time,training_probe flops,inference flops
0,0.8966999650001526,0.001897573471069336,0.0003437995910644531,30725120,61540000
