,acc_overall,training_probe time,inference time,training_probe flops,inference flops
0,0.8762999773025513,0.017436981201171875,0.0005159378051757812,7681280,15460000
