,acc_overall,training_probe time,inference time,training_probe flops,inference flops
0,0.9077999591827393,0.003515481948852539,0.0008513927459716797,122900480,245860000
