,acc_overall,training_probe time,inference time,training_probe flops,inference flops
0,0.9065999984741211,0.002914905548095703,0.0005731582641601562,122900480,245860000
