,acc_overall,training_probe time,inference time,training_probe flops,inference flops
0,0.3744,2526.5276176929474,29.85870933532715,0.8110079999999998,3044.65008
