,acc_overall,training_probe time,inference time,training_probe flops,inference flops
0,0.334,63.72099447250366,19.978304624557495,0.05068799999999999,49.2522
