,acc_overall,training_probe time,inference time,training_probe flops,inference flops
0,0.3863,2514.8533008098602,26.450716972351074,0.8110079999999998,2830.65252
