,acc_overall,training_probe time,inference time,training_probe flops,inference flops
0,0.8716999888420105,0.001283884048461914,0.00031566619873046875,15002500,30100000
