,acc_overall,training_probe time,inference time,training_probe flops,inference flops
0,0.8316999673843384,0.0016674995422363281,0.000335693359375,34565760,69220000
