,acc_overall,training_probe time,inference time,training_probe flops,inference flops
0,0.8930000066757202,0.0012793540954589844,0.0003352165222167969,15002500,30100000
